strategy,window,symbol,entry_date,exit_date,pnl,r,reason,qty,risk_dollars,role,completed_structure,params_id
debit_momentum,is_default,AMZN,2018-01-03,2018-01-11,298.2248,0.740177,target,4,402.91,debit,0,debit_momentum|cheap_iv=False|dte=30|long_delta=0.55|mom=20|short_delta=0.3|sma=50
debit_momentum,is_default,IWM,2018-01-03,2018-01-12,214.3916,0.578036,target,2,370.90,debit,0,debit_momentum|cheap_iv=False|dte=30|long_delta=0.55|mom=20|short_delta=0.3|sma=50
debit_momentum,is_default,QQQ,2018-01-03,2018-01-12,215.5002,0.584519,target,2,368.68,debit,0,debit_momentum|cheap_iv=False|dte=30|long_delta=0.55|mom=20|short_delta=0.3|sma=50
debit_momentum,is_default,MSFT,2018-01-03,2018-01-22,219.1400,0.703364,target,1,311.56,debit,0,debit_momentum|cheap_iv=False|dte=30|long_delta=0.55|mom=20|short_delta=0.3|sma=50
debit_momentum,is_default,SPY,2018-01-12,2018-01-22,217.9340,0.599029,target,2,363.81,debit,0,debit_momentum|cheap_iv=False|dte=30|long_delta=0.55|mom=20|short_delta=0.3|sma=50
debit_momentum,is_default,GOOGL,2018-01-11,2018-01-23,260.1248,0.542933,target,4,479.11,debit,0,debit_momentum|cheap_iv=False|dte=30|long_delta=0.55|mom=20|short_delta=0.3|sma=50
debit_momentum,is_default,AAPL,2018-01-03,2018-01-25,-229.1253,-0.500874,stop,5,457.45,debit,0,debit_momentum|cheap_iv=False|dte=30|long_delta=0.55|mom=20|short_delta=0.3|sma=50
debit_momentum,is_default,AMZN,2018-01-22,2018-01-26,276.4272,0.619090,target,4,446.51,debit,0,debit_momentum|cheap_iv=False|dte=30|long_delta=0.55|mom=20|short_delta=0.3|sma=50
debit_momentum,is_default,META,2018-01-12,2018-01-29,211.5730,0.647618,target,1,326.69,debit,0,debit_momentum|cheap_iv=False|dte=30|long_delta=0.55|mom=20|short_delta=0.3|sma=50
debit_momentum,is_default,IWM,2018-01-22,2018-02-02,-179.3068,-0.500447,stop,2,358.29,debit,0,debit_momentum|cheap_iv=False|dte=30|long_delta=0.55|mom=20|short_delta=0.3|sma=50
debit_momentum,is_default,QQQ,2018-01-25,2018-02-02,-223.7133,-0.500358,stop,2,447.11,debit,0,debit_momentum|cheap_iv=False|dte=30|long_delta=0.55|mom=20|short_delta=0.3|sma=50
debit_momentum,is_default,SPY,2018-01-26,2018-02-02,-138.3228,-0.500289,stop,1,276.49,debit,0,debit_momentum|cheap_iv=False|dte=30|long_delta=0.55|mom=20|short_delta=0.3|sma=50
debit_momentum,is_default,MSFT,2018-01-23,2018-02-05,-213.6615,-0.500750,stop,4,426.68,debit,0,debit_momentum|cheap_iv=False|dte=30|long_delta=0.55|mom=20|short_delta=0.3|sma=50
debit_momentum,is_default,AMZN,2018-01-29,2018-02-05,-204.9736,-0.500391,stop,2,409.63,debit,0,debit_momentum|cheap_iv=False|dte=30|long_delta=0.55|mom=20|short_delta=0.3|sma=50
debit_momentum,is_default,TSLA,2018-02-02,2018-02-05,-227.2973,-0.500881,stop,5,453.79,debit,0,debit_momentum|cheap_iv=False|dte=30|long_delta=0.55|mom=20|short_delta=0.3|sma=50
debit_momentum,is_default,SPY,2018-02-05,2018-02-05,-200.4806,-0.500200,stop,1,400.80,debit,0,debit_momentum|cheap_iv=False|dte=30|long_delta=0.55|mom=20|short_delta=0.3|sma=50
debit_momentum,is_default,GOOGL,2018-02-05,2018-02-08,-227.2986,-0.500705,stop,4,453.96,debit,0,debit_momentum|cheap_iv=False|dte=30|long_delta=0.55|mom=20|short_delta=0.3|sma=50
debit_momentum,is_default,IWM,2018-02-05,2018-02-08,356.3275,0.731641,target,2,487.03,debit,0,debit_momentum|cheap_iv=False|dte=30|long_delta=0.55|mom=20|short_delta=0.3|sma=50
debit_momentum,is_default,QQQ,2018-02-05,2018-02-08,-153.3826,-0.500261,stop,1,306.61,debit,0,debit_momentum|cheap_iv=False|dte=30|long_delta=0.55|mom=20|short_delta=0.3|sma=50
debit_momentum,is_default,MSFT,2018-02-08,2018-02-08,-209.3458,-0.500382,stop,2,418.37,debit,0,debit_momentum|cheap_iv=False|dte=30|long_delta=0.55|mom=20|short_delta=0.3|sma=50
debit_momentum,is_default,TSLA,2018-02-08,2018-02-08,-235.9783,-0.501701,stop,10,470.36,debit,0,debit_momentum|cheap_iv=False|dte=30|long_delta=0.55|mom=20|short_delta=0.3|sma=50
debit_momentum,is_default,AAPL,2018-02-02,2018-02-09,281.1213,0.643361,target,5,436.96,debit,0,debit_momentum|cheap_iv=False|dte=30|long_delta=0.55|mom=20|short_delta=0.3|sma=50
debit_momentum,is_default,AMZN,2018-02-06,2018-02-09,-152.0828,-0.500263,stop,1,304.01,debit,0,debit_momentum|cheap_iv=False|dte=30|long_delta=0.55|mom=20|short_delta=0.3|sma=50
debit_momentum,is_default,GOOGL,2018-02-09,2018-02-14,-214.0365,-0.500374,stop,2,427.75,debit,0,debit_momentum|cheap_iv=False|dte=30|long_delta=0.55|mom=20|short_delta=0.3|sma=50
debit_momentum,is_default,IWM,2018-02-09,2018-02-14,-168.0270,-0.500238,stop,1,335.89,debit,0,debit_momentum|cheap_iv=False|dte=30|long_delta=0.55|mom=20|short_delta=0.3|sma=50
debit_momentum,is_default,MSFT,2018-02-09,2018-02-14,-154.0361,-0.500260,stop,1,307.91,debit,0,debit_momentum|cheap_iv=False|dte=30|long_delta=0.55|mom=20|short_delta=0.3|sma=50
debit_momentum,is_default,QQQ,2018-02-09,2018-02-14,-190.4383,-0.500210,stop,1,380.72,debit,0,debit_momentum|cheap_iv=False|dte=30|long_delta=0.55|mom=20|short_delta=0.3|sma=50
debit_momentum,is_default,TSLA,2018-02-09,2018-02-15,-239.0746,-0.500838,stop,5,477.35,debit,0,debit_momentum|cheap_iv=False|dte=30|long_delta=0.55|mom=20|short_delta=0.3|sma=50
debit_momentum,is_default,AAPL,2018-02-14,2018-02-15,-255.3032,-0.603724,stop_gap,5,422.88,debit,0,debit_momentum|cheap_iv=False|dte=30|long_delta=0.55|mom=20|short_delta=0.3|sma=50
debit_momentum,is_default,SPY,2018-02-14,2018-02-15,-245.0495,-0.500163,stop,1,489.94,debit,0,debit_momentum|cheap_iv=False|dte=30|long_delta=0.55|mom=20|short_delta=0.3|sma=50
debit_momentum,is_default,GOOGL,2018-02-15,2018-02-21,-229.3870,-0.500698,stop,4,458.13,debit,0,debit_momentum|cheap_iv=False|dte=30|long_delta=0.55|mom=20|short_delta=0.3|sma=50
debit_momentum,is_default,AMZN,2018-02-14,2018-02-26,288.8429,0.684471,target,2,421.99,debit,0,debit_momentum|cheap_iv=False|dte=30|long_delta=0.55|mom=20|short_delta=0.3|sma=50
debit_momentum,is_default,META,2018-02-20,2018-02-26,-211.8192,-0.524295,stop_gap,1,404.01,debit,0,debit_momentum|cheap_iv=False|dte=30|long_delta=0.55|mom=20|short_delta=0.3|sma=50
debit_momentum,is_default,IWM,2018-02-15,2018-02-27,-203.3890,-0.515345,stop_gap,2,394.67,debit,0,debit_momentum|cheap_iv=False|dte=30|long_delta=0.55|mom=20|short_delta=0.3|sma=50
debit_momentum,is_default,SPY,2018-02-21,2018-02-27,-202.9736,-0.503072,stop_gap,1,403.47,debit,0,debit_momentum|cheap_iv=False|dte=30|long_delta=0.55|mom=20|short_delta=0.3|sma=50
debit_momentum,is_default,TSLA,2018-02-26,2018-03-01,-240.7607,-0.500832,stop,5,480.72,debit,0,debit_momentum|cheap_iv=False|dte=30|long_delta=0.55|mom=20|short_delta=0.3|sma=50
debit_momentum,is_default,AMZN,2018-02-27,2018-03-02,-233.3864,-0.500343,stop,2,466.45,debit,0,debit_momentum|cheap_iv=False|dte=30|long_delta=0.55|mom=20|short_delta=0.3|sma=50
debit_momentum,is_default,SPY,2018-03-02,2018-03-06,-221.2792,-0.504609,stop_gap,1,438.52,debit,0,debit_momentum|cheap_iv=False|dte=30|long_delta=0.55|mom=20|short_delta=0.3|sma=50
debit_momentum,is_default,MSFT,2018-02-15,2018-03-08,266.3975,0.570585,target,2,466.88,debit,0,debit_momentum|cheap_iv=False|dte=30|long_delta=0.55|mom=20|short_delta=0.3|sma=50
debit_momentum,is_default,IWM,2018-02-28,2018-03-09,-128.1352,-0.505339,stop_gap,1,253.56,debit,0,debit_momentum|cheap_iv=False|dte=30|long_delta=0.55|mom=20|short_delta=0.3|sma=50
debit_momentum,is_default,META,2018-03-01,2018-03-09,-220.4255,-0.500182,stop,1,440.69,debit,0,debit_momentum|cheap_iv=False|dte=30|long_delta=0.55|mom=20|short_delta=0.3|sma=50
debit_momentum,is_default,AAPL,2018-02-26,2018-03-19,-227.4084,-0.500881,stop,5,454.02,debit,0,debit_momentum|cheap_iv=False|dte=30|long_delta=0.55|mom=20|short_delta=0.3|sma=50
debit_momentum,is_default,QQQ,2018-03-06,2018-03-19,-133.0110,-0.500301,stop,1,265.86,debit,0,debit_momentum|cheap_iv=False|dte=30|long_delta=0.55|mom=20|short_delta=0.3|sma=50
debit_momentum,is_default,AMZN,2018-03-08,2018-03-19,-228.5724,-0.500701,stop,4,456.50,debit,0,debit_momentum|cheap_iv=False|dte=30|long_delta=0.55|mom=20|short_delta=0.3|sma=50
debit_momentum,is_default,MSFT,2018-03-09,2018-03-19,-182.7719,-0.500657,stop,3,365.06,debit,0,debit_momentum|cheap_iv=False|dte=30|long_delta=0.55|mom=20|short_delta=0.3|sma=50
debit_momentum,is_default,SPY,2018-03-09,2018-03-19,-184.4794,-0.500217,stop,1,368.80,debit,0,debit_momentum|cheap_iv=False|dte=30|long_delta=0.55|mom=20|short_delta=0.3|sma=50
debit_momentum,is_default,META,2018-03-19,2018-03-19,-223.3244,-0.500179,stop,1,446.49,debit,0,debit_momentum|cheap_iv=False|dte=30|long_delta=0.55|mom=20|short_delta=0.3|sma=50
debit_momentum,is_default,AAPL,2018-03-20,2018-03-21,-217.9140,-0.501658,stop,9,434.39,debit,0,debit_momentum|cheap_iv=False|dte=30|long_delta=0.55|mom=20|short_delta=0.3|sma=50
debit_momentum,is_default,GOOGL,2018-03-19,2018-03-22,-193.9757,-0.500619,stop,3,387.47,debit,0,debit_momentum|cheap_iv=False|dte=30|long_delta=0.55|mom=20|short_delta=0.3|sma=50
debit_momentum,is_default,MSFT,2018-03-21,2018-03-22,-208.8827,-0.500383,stop,2,417.45,debit,0,debit_momentum|cheap_iv=False|dte=30|long_delta=0.55|mom=20|short_delta=0.3|sma=50
debit_momentum,is_default,IWM,2018-03-19,2018-03-23,-234.0440,-0.500342,stop,2,467.77,debit,0,debit_momentum|cheap_iv=False|dte=30|long_delta=0.55|mom=20|short_delta=0.3|sma=50
debit_momentum,is_default,MSFT,2018-03-23,2018-03-26,-193.9526,-0.500413,stop,2,387.59,debit,0,debit_momentum|cheap_iv=False|dte=30|long_delta=0.55|mom=20|short_delta=0.3|sma=50
debit_momentum,is_default,TSLA,2018-03-19,2018-03-27,203.5579,0.518957,target,4,392.24,debit,0,debit_momentum|cheap_iv=False|dte=30|long_delta=0.55|mom=20|short_delta=0.3|sma=50
debit_momentum,is_default,AMZN,2018-03-20,2018-03-27,-224.0888,-0.500715,stop,4,447.54,debit,0,debit_momentum|cheap_iv=False|dte=30|long_delta=0.55|mom=20|short_delta=0.3|sma=50
debit_momentum,is_default,QQQ,2018-03-22,2018-03-27,-132.6040,-0.500302,stop,1,265.05,debit,0,debit_momentum|cheap_iv=False|dte=30|long_delta=0.55|mom=20|short_delta=0.3|sma=50
debit_momentum,is_default,AAPL,2018-03-23,2018-03-27,-193.4299,-0.500829,stop,4,386.22,debit,0,debit_momentum|cheap_iv=False|dte=30|long_delta=0.55|mom=20|short_delta=0.3|sma=50
debit_momentum,is_default,SPY,2018-03-27,2018-04-02,324.6390,0.720520,target,1,450.56,debit,0,debit_momentum|cheap_iv=False|dte=30|long_delta=0.55|mom=20|short_delta=0.3|sma=50
debit_momentum,is_default,AAPL,2018-03-28,2018-04-04,-211.6928,-0.500947,stop,5,422.59,debit,0,debit_momentum|cheap_iv=False|dte=30|long_delta=0.55|mom=20|short_delta=0.3|sma=50
debit_momentum,is_default,META,2018-04-04,2018-04-10,-220.2119,-0.500182,stop,1,440.26,debit,0,debit_momentum|cheap_iv=False|dte=30|long_delta=0.55|mom=20|short_delta=0.3|sma=50
debit_momentum,is_default,MSFT,2018-03-28,2018-04-12,-169.1674,-0.500237,stop,1,338.17,debit,0,debit_momentum|cheap_iv=False|dte=30|long_delta=0.55|mom=20|short_delta=0.3|sma=50
debit_momentum,is_default,IWM,2018-03-27,2018-04-16,-122.0732,-0.500328,stop,1,243.99,debit,0,debit_momentum|cheap_iv=False|dte=30|long_delta=0.55|mom=20|short_delta=0.3|sma=50
debit_momentum,is_default,GOOGL,2018-03-26,2018-04-17,-122.4378,-0.500327,stop,1,244.72,debit,0,debit_momentum|cheap_iv=False|dte=30|long_delta=0.55|mom=20|short_delta=0.3|sma=50
debit_momentum,is_default,AMZN,2018-04-02,2018-04-17,-221.1798,-0.500362,stop,2,442.04,debit,0,debit_momentum|cheap_iv=False|dte=30|long_delta=0.55|mom=20|short_delta=0.3|sma=50
debit_momentum,is_default,AAPL,2018-04-10,2018-04-17,-234.5171,-0.500854,stop,5,468.23,debit,0,debit_momentum|cheap_iv=False|dte=30|long_delta=0.55|mom=20|short_delta=0.3|sma=50
debit_momentum,is_default,QQQ,2018-04-12,2018-04-17,-144.4589,-0.500277,stop,1,288.76,debit,0,debit_momentum|cheap_iv=False|dte=30|long_delta=0.55|mom=20|short_delta=0.3|sma=50
debit_momentum,is_default,AAPL,2018-04-18,2018-04-20,-236.6943,-0.613483,stop_gap,4,385.82,debit,0,debit_momentum|cheap_iv=False|dte=30|long_delta=0.55|mom=20|short_delta=0.3|sma=50
debit_momentum,is_default,IWM,2018-04-18,2018-04-24,-182.0119,-0.500440,stop,2,363.70,debit,0,debit_momentum|cheap_iv=False|dte=30|long_delta=0.55|mom=20|short_delta=0.3|sma=50
debit_momentum,is_default,AMZN,2018-04-24,2018-04-24,-188.7441,-0.500424,stop,2,377.17,debit,0,debit_momentum|cheap_iv=False|dte=30|long_delta=0.55|mom=20|short_delta=0.3|sma=50
debit_momentum,is_default,MSFT,2018-04-20,2018-04-25,-231.8097,-0.500345,stop,2,463.30,debit,0,debit_momentum|cheap_iv=False|dte=30|long_delta=0.55|mom=20|short_delta=0.3|sma=50
debit_momentum,is_default,META,2018-04-18,2018-04-26,-214.9829,-0.500186,stop,1,429.81,debit,0,debit_momentum|cheap_iv=False|dte=30|long_delta=0.55|mom=20|short_delta=0.3|sma=50
debit_momentum,is_default,AMZN,2018-04-25,2018-04-27,-181.9614,-0.773545,stop_gap,1,235.23,debit,0,debit_momentum|cheap_iv=False|dte=30|long_delta=0.55|mom=20|short_delta=0.3|sma=50
debit_momentum,is_default,MSFT,2018-04-27,2018-04-27,-201.2813,-0.500398,stop,2,402.24,debit,0,debit_momentum|cheap_iv=False|dte=30|long_delta=0.55|mom=20|short_delta=0.3|sma=50
debit_momentum,is_default,AAPL,2018-04-25,2018-04-30,-213.0735,-0.500940,stop,5,425.35,debit,0,debit_momentum|cheap_iv=False|dte=30|long_delta=0.55|mom=20|short_delta=0.3|sma=50
debit_momentum,is_default,TSLA,2018-04-17,2018-05-02,-193.4220,-0.500829,stop,4,386.20,debit,0,debit_momentum|cheap_iv=False|dte=30|long_delta=0.55|mom=20|short_delta=0.3|sma=50
debit_momentum,is_default,SPY,2018-04-16,2018-05-03,269.2438,0.745100,target,1,361.35,debit,0,debit_momentum|cheap_iv=False|dte=30|long_delta=0.55|mom=20|short_delta=0.3|sma=50
debit_momentum,is_default,GOOGL,2018-04-30,2018-05-09,-221.6066,-0.500723,stop,4,442.57,debit,0,debit_momentum|cheap_iv=False|dte=30|long_delta=0.55|mom=20|short_delta=0.3|sma=50
debit_momentum,is_default,IWM,2018-04-26,2018-05-10,284.1045,0.658455,target,2,431.47,debit,0,debit_momentum|cheap_iv=False|dte=30|long_delta=0.55|mom=20|short_delta=0.3|sma=50
debit_momentum,is_default,AAPL,2018-05-03,2018-05-21,274.4159,0.609315,target,5,450.37,debit,0,debit_momentum|cheap_iv=False|dte=30|long_delta=0.55|mom=20|short_delta=0.3|sma=50
debit_momentum,is_default,GOOGL,2018-05-10,2018-05-23,-250.3445,-0.581010,stop_gap,4,430.88,debit,0,debit_momentum|cheap_iv=False|dte=30|long_delta=0.55|mom=20|short_delta=0.3|sma=50
debit_momentum,is_default,AMZN,2018-04-30,2018-05-25,-15.4987,-0.047392,time,1,327.03,debit,0,debit_momentum|cheap_iv=False|dte=30|long_delta=0.55|mom=20|short_delta=0.3|sma=50
debit_momentum,is_default,MSFT,2018-05-02,2018-05-25,201.2567,0.494112,time,2,407.31,debit,0,debit_momentum|cheap_iv=False|dte=30|long_delta=0.55|mom=20|short_delta=0.3|sma=50
debit_momentum,is_default,QQQ,2018-05-09,2018-05-31,278.5041,0.629144,target,2,442.67,debit,0,debit_momentum|cheap_iv=False|dte=30|long_delta=0.55|mom=20|short_delta=0.3|sma=50
debit_momentum,is_default,META,2018-05-25,2018-06-04,206.0082,0.609810,target,1,337.82,debit,0,debit_momentum|cheap_iv=False|dte=30|long_delta=0.55|mom=20|short_delta=0.3|sma=50
debit_momentum,is_default,IWM,2018-05-21,2018-06-06,220.9867,0.617788,target,2,357.71,debit,0,debit_momentum|cheap_iv=False|dte=30|long_delta=0.55|mom=20|short_delta=0.3|sma=50
debit_momentum,is_default,AAPL,2018-05-23,2018-06-07,243.2981,0.589208,target,3,412.92,debit,0,debit_momentum|cheap_iv=False|dte=30|long_delta=0.55|mom=20|short_delta=0.3|sma=50
debit_momentum,is_default,SPY,2018-05-25,2018-06-07,161.6703,0.584704,target,1,276.50,debit,0,debit_momentum|cheap_iv=False|dte=30|long_delta=0.55|mom=20|short_delta=0.3|sma=50
debit_momentum,is_default,MSFT,2018-06-07,2018-06-07,-229.1432,-0.500699,stop,4,457.65,debit,0,debit_momentum|cheap_iv=False|dte=30|long_delta=0.55|mom=20|short_delta=0.3|sma=50
debit_momentum,is_default,AMZN,2018-06-04,2018-06-13,288.4757,0.682930,target,4,422.41,debit,0,debit_momentum|cheap_iv=False|dte=30|long_delta=0.55|mom=20|short_delta=0.3|sma=50
debit_momentum,is_default,AAPL,2018-06-08,2018-06-15,-229.7671,-0.547789,stop_gap,9,419.44,debit,0,debit_momentum|cheap_iv=False|dte=30|long_delta=0.55|mom=20|short_delta=0.3|sma=50
debit_momentum,is_default,GOOGL,2018-06-01,2018-06-18,189.1561,0.509569,target,3,371.21,debit,0,debit_momentum|cheap_iv=False|dte=30|long_delta=0.55|mom=20|short_delta=0.3|sma=50
debit_momentum,is_default,META,2018-06-06,2018-06-18,208.2973,0.625056,target,1,333.25,debit,0,debit_momentum|cheap_iv=False|dte=30|long_delta=0.55|mom=20|short_delta=0.3|sma=50
debit_momentum,is_default,AAPL,2018-06-18,2018-06-19,-235.1868,-0.539996,stop_gap,9,435.53,debit,0,debit_momentum|cheap_iv=False|dte=30|long_delta=0.55|mom=20|short_delta=0.3|sma=50
debit_momentum,is_default,IWM,2018-06-07,2018-06-25,-229.3183,-0.500349,stop,2,458.32,debit,0,debit_momentum|cheap_iv=False|dte=30|long_delta=0.55|mom=20|short_delta=0.3|sma=50
debit_momentum,is_default,QQQ,2018-06-13,2018-06-25,-118.0619,-0.500339,stop,1,235.96,debit,0,debit_momentum|cheap_iv=False|dte=30|long_delta=0.55|mom=20|short_delta=0.3|sma=50
debit_momentum,is_default,AMZN,2018-06-15,2018-06-25,-187.0165,-0.500642,stop,3,373.55,debit,0,debit_momentum|cheap_iv=False|dte=30|long_delta=0.55|mom=20|short_delta=0.3|sma=50
debit_momentum,is_default,MSFT,2018-06-18,2018-06-25,-230.5552,-0.500695,stop,4,460.47,debit,0,debit_momentum|cheap_iv=False|dte=30|long_delta=0.55|mom=20|short_delta=0.3|sma=50
debit_momentum,is_default,GOOGL,2018-06-19,2018-06-25,-198.3684,-0.500606,stop,3,396.26,debit,0,debit_momentum|cheap_iv=False|dte=30|long_delta=0.55|mom=20|short_delta=0.3|sma=50
debit_momentum,is_default,AAPL,2018-06-26,2018-07-03,-202.6683,-0.500989,stop,5,404.54,debit,0,debit_momentum|cheap_iv=False|dte=30|long_delta=0.55|mom=20|short_delta=0.3|sma=50
debit_momentum,is_default,TSLA,2018-06-25,2018-07-06,-181.3151,-0.500663,stop,3,362.15,debit,0,debit_momentum|cheap_iv=False|dte=30|long_delta=0.55|mom=20|short_delta=0.3|sma=50
debit_momentum,is_default,AMZN,2018-06-26,2018-07-12,134.0315,0.578278,target,1,231.78,debit,0,debit_momentum|cheap_iv=False|dte=30|long_delta=0.55|mom=20|short_delta=0.3|sma=50
debit_momentum,is_default,SPY,2018-06-25,2018-07-13,187.2530,0.575571,target,1,325.33,debit,0,debit_momentum|cheap_iv=False|dte=30|long_delta=0.55|mom=20|short_delta=0.3|sma=50
debit_momentum,is_default,META,2018-06-25,2018-07-17,296.6848,0.729905,target,1,406.47,debit,0,debit_momentum|cheap_iv=False|dte=30|long_delta=0.55|mom=20|short_delta=0.3|sma=50
debit_momentum,is_default,IWM,2018-07-03,2018-07-19,272.3188,0.598447,target,2,455.04,debit,0,debit_momentum|cheap_iv=False|dte=30|long_delta=0.55|mom=20|short_delta=0.3|sma=50
debit_momentum,is_default,MSFT,2018-07-12,2018-07-20,295.3907,0.722406,target,2,408.90,debit,0,debit_momentum|cheap_iv=False|dte=30|long_delta=0.55|mom=20|short_delta=0.3|sma=50
debit_momentum,is_default,AAPL,2018-07-13,2018-07-23,-216.2495,-0.501670,stop,9,431.06,debit,0,debit_momentum|cheap_iv=False|dte=30|long_delta=0.55|mom=20|short_delta=0.3|sma=50
debit_momentum,is_default,GOOGL,2018-07-09,2018-07-24,190.4605,0.516714,target,3,368.60,debit,0,debit_momentum|cheap_iv=False|dte=30|long_delta=0.55|mom=20|short_delta=0.3|sma=50
debit_momentum,is_default,META,2018-07-19,2018-07-26,-397.1979,-1.001491,stop_gap,1,396.61,debit,0,debit_momentum|cheap_iv=False|dte=30|long_delta=0.55|mom=20|short_delta=0.3|sma=50
debit_momentum,is_default,IWM,2018-07-23,2018-07-27,-178.2036,-0.500449,stop,2,356.09,debit,0,debit_momentum|cheap_iv=False|dte=30|long_delta=0.55|mom=20|short_delta=0.3|sma=50
debit_momentum,is_default,QQQ,2018-07-20,2018-07-30,-225.9371,-0.500354,stop,2,451.55,debit,0,debit_momentum|cheap_iv=False|dte=30|long_delta=0.55|mom=20|short_delta=0.3|sma=50
debit_momentum,is_default,MSFT,2018-07-27,2018-07-30,-215.6698,-0.500371,stop,2,431.02,debit,0,debit_momentum|cheap_iv=False|dte=30|long_delta=0.55|mom=20|short_delta=0.3|sma=50
debit_momentum,is_default,AMZN,2018-07-17,2018-07-31,-221.6326,-0.500361,stop,2,442.95,debit,0,debit_momentum|cheap_iv=False|dte=30|long_delta=0.55|mom=20|short_delta=0.3|sma=50
debit_momentum,is_default,AAPL,2018-07-24,2018-08-02,275.2656,0.613516,target,5,448.67,debit,0,debit_momentum|cheap_iv=False|dte=30|long_delta=0.55|mom=20|short_delta=0.3|sma=50
debit_momentum,is_default,TSLA,2018-07-30,2018-08-02,-257.4066,-0.572677,stop_gap,3,449.48,debit,0,debit_momentum|cheap_iv=False|dte=30|long_delta=0.55|mom=20|short_delta=0.3|sma=50
debit_momentum,is_default,GOOGL,2018-07-26,2018-08-06,-215.3627,-0.500372,stop,2,430.41,debit,0,debit_momentum|cheap_iv=False|dte=30|long_delta=0.55|mom=20|short_delta=0.3|sma=50
debit_momentum,is_default,QQQ,2018-08-02,2018-08-07,165.4340,0.615061,target,1,268.97,debit,0,debit_momentum|cheap_iv=False|dte=30|long_delta=0.55|mom=20|short_delta=0.3|sma=50
debit_momentum,is_default,GOOGL,2018-08-07,2018-08-17,-176.8226,-0.500680,stop,3,353.17,debit,0,debit_momentum|cheap_iv=False|dte=30|long_delta=0.55|mom=20|short_delta=0.3|sma=50
debit_momentum,is_default,SPY,2018-07-30,2018-08-21,186.5355,0.570848,target,1,326.77,debit,0,debit_momentum|cheap_iv=False|dte=30|long_delta=0.55|mom=20|short_delta=0.3|sma=50
debit_momentum,is_default,AMZN,2018-08-02,2018-08-22,302.1689,0.764322,target,2,395.34,debit,0,debit_momentum|cheap_iv=False|dte=30|long_delta=0.55|mom=20|short_delta=0.3|sma=50
debit_momentum,is_default,MSFT,2018-07-31,2018-08-24,21.3087,0.063348,time,1,336.38,debit,0,debit_momentum|cheap_iv=False|dte=30|long_delta=0.55|mom=20|short_delta=0.3|sma=50
debit_momentum,is_default,QQQ,2018-08-17,2018-08-28,280.2887,0.638322,target,2,439.10,debit,0,debit_momentum|cheap_iv=False|dte=30|long_delta=0.55|mom=20|short_delta=0.3|sma=50
debit_momentum,is_default,AAPL,2018-08-06,2018-08-29,288.7304,0.684359,target,4,421.90,debit,0,debit_momentum|cheap_iv=False|dte=30|long_delta=0.55|mom=20|short_delta=0.3|sma=50
debit_momentum,is_default,AMZN,2018-08-24,2018-09-04,279.9405,0.636519,target,2,439.80,debit,0,debit_momentum|cheap_iv=False|dte=30|long_delta=0.55|mom=20|short_delta=0.3|sma=50
debit_momentum,is_default,GOOGL,2018-08-21,2018-09-05,-226.4942,-0.500353,stop,2,452.67,debit,0,debit_momentum|cheap_iv=False|dte=30|long_delta=0.55|mom=20|short_delta=0.3|sma=50
debit_momentum,is_default,AAPL,2018-09-04,2018-09-06,-194.4994,-0.500824,stop,4,388.36,debit,0,debit_momentum|cheap_iv=False|dte=30|long_delta=0.55|mom=20|short_delta=0.3|sma=50
debit_momentum,is_default,AMZN,2018-09-05,2018-09-06,-201.8350,-0.500397,stop,2,403.35,debit,0,debit_momentum|cheap_iv=False|dte=30|long_delta=0.55|mom=20|short_delta=0.3|sma=50
debit_momentum,is_default,QQQ,2018-08-29,2018-09-11,-118.9918,-0.508992,stop_gap,1,233.78,debit,0,debit_momentum|cheap_iv=False|dte=30|long_delta=0.55|mom=20|short_delta=0.3|sma=50
debit_momentum,is_default,IWM,2018-08-22,2018-09-12,-184.6421,-0.500434,stop,2,368.96,debit,0,debit_momentum|cheap_iv=False|dte=30|long_delta=0.55|mom=20|short_delta=0.3|sma=50
debit_momentum,is_default,AMZN,2018-09-12,2018-09-17,-149.9364,-0.500267,stop,1,299.71,debit,0,debit_momentum|cheap_iv=False|dte=30|long_delta=0.55|mom=20|short_delta=0.3|sma=50
debit_momentum,is_default,MSFT,2018-08-28,2018-09-21,299.5556,0.747826,target,2,400.57,debit,0,debit_momentum|cheap_iv=False|dte=30|long_delta=0.55|mom=20|short_delta=0.3|sma=50
debit_momentum,is_default,IWM,2018-09-17,2018-09-26,-181.3658,-0.500441,stop,2,362.41,debit,0,debit_momentum|cheap_iv=False|dte=30|long_delta=0.55|mom=20|short_delta=0.3|sma=50
debit_momentum,is_default,GOOGL,2018-09-06,2018-09-28,-175.8486,-0.430027,time,4,408.92,debit,0,debit_momentum|cheap_iv=False|dte=30|long_delta=0.55|mom=20|short_delta=0.3|sma=50
debit_momentum,is_default,META,2018-09-06,2018-09-28,48.4387,0.110886,time,1,436.83,debit,0,debit_momentum|cheap_iv=False|dte=30|long_delta=0.55|mom=20|short_delta=0.3|sma=50
debit_momentum,is_default,AAPL,2018-09-11,2018-10-05,62.0241,0.149092,time,4,416.01,debit,0,debit_momentum|cheap_iv=False|dte=30|long_delta=0.55|mom=20|short_delta=0.3|sma=50
debit_momentum,is_default,AMZN,2018-09-21,2018-10-05,-155.5628,-0.500257,stop,1,310.97,debit,0,debit_momentum|cheap_iv=False|dte=30|long_delta=0.55|mom=20|short_delta=0.3|sma=50
debit_momentum,is_default,IWM,2018-09-28,2018-10-05,292.9559,0.708020,target,2,413.77,debit,0,debit_momentum|cheap_iv=False|dte=30|long_delta=0.55|mom=20|short_delta=0.3|sma=50
debit_momentum,is_default,MSFT,2018-09-26,2018-10-08,-175.8530,-0.500228,stop,1,351.55,debit,0,debit_momentum|cheap_iv=False|dte=30|long_delta=0.55|mom=20|short_delta=0.3|sma=50
debit_momentum,is_default,QQQ,2018-10-05,2018-10-08,-131.2151,-0.500305,stop,1,262.27,debit,0,debit_momentum|cheap_iv=False|dte=30|long_delta=0.55|mom=20|short_delta=0.3|sma=50
debit_momentum,is_default,GOOGL,2018-10-01,2018-10-10,273.1189,0.602324,target,2,453.44,debit,0,debit_momentum|cheap_iv=False|dte=30|long_delta=0.55|mom=20|short_delta=0.3|sma=50
debit_momentum,is_default,SPY,2018-10-05,2018-10-10,-155.0901,-0.500258,stop,1,310.02,debit,0,debit_momentum|cheap_iv=False|dte=30|long_delta=0.55|mom=20|short_delta=0.3|sma=50
debit_momentum,is_default,MSFT,2018-10-10,2018-10-10,-163.1254,-0.500245,stop,1,326.09,debit,0,debit_momentum|cheap_iv=False|dte=30|long_delta=0.55|mom=20|short_delta=0.3|sma=50
debit_momentum,is_default,IWM,2018-10-08,2018-10-11,179.9261,0.749730,target,1,239.99,debit,0,debit_momentum|cheap_iv=False|dte=30|long_delta=0.55|mom=20|short_delta=0.3|sma=50
debit_momentum,is_default,GOOGL,2018-10-11,2018-10-16,-204.1590,-0.500392,stop,2,408.00,debit,0,debit_momentum|cheap_iv=False|dte=30|long_delta=0.55|mom=20|short_delta=0.3|sma=50
debit_momentum,is_default,MSFT,2018-10-11,2018-10-17,-211.3856,-0.639796,stop_gap,1,330.40,debit,0,debit_momentum|cheap_iv=False|dte=30|long_delta=0.55|mom=20|short_delta=0.3|sma=50
debit_momentum,is_default,AAPL,2018-10-08,2018-10-18,-213.5414,-0.500375,stop,2,426.76,debit,0,debit_momentum|cheap_iv=False|dte=30|long_delta=0.55|mom=20|short_delta=0.3|sma=50
debit_momentum,is_default,AMZN,2018-10-08,2018-10-23,271.9718,0.596565,target,1,455.90,debit,0,debit_momentum|cheap_iv=False|dte=30|long_delta=0.55|mom=20|short_delta=0.3|sma=50
debit_momentum,is_default,NVDA,2018-10-10,2018-10-23,177.0140,0.398060,target,8,444.69,debit,0,debit_momentum|cheap_iv=False|dte=30|long_delta=0.55|mom=20|short_delta=0.3|sma=50
debit_momentum,is_default,IWM,2018-10-16,2018-10-24,207.2488,0.726316,target,1,285.34,debit,0,debit_momentum|cheap_iv=False|dte=30|long_delta=0.55|mom=20|short_delta=0.3|sma=50
debit_momentum,is_default,GOOGL,2018-10-17,2018-10-24,287.6483,0.678315,target,4,424.06,debit,0,debit_momentum|cheap_iv=False|dte=30|long_delta=0.55|mom=20|short_delta=0.3|sma=50
debit_momentum,is_default,META,2018-10-18,2018-10-24,222.0250,0.726070,target,1,305.79,debit,0,debit_momentum|cheap_iv=False|dte=30|long_delta=0.55|mom=20|short_delta=0.3|sma=50
debit_momentum,is_default,QQQ,2018-10-23,2018-10-29,232.1910,0.692161,target,1,335.46,debit,0,debit_momentum|cheap_iv=False|dte=30|long_delta=0.55|mom=20|short_delta=0.3|sma=50
debit_momentum,is_default,AAPL,2018-10-24,2018-10-29,-205.1483,-0.500390,stop,2,409.98,debit,0,debit_momentum|cheap_iv=False|dte=30|long_delta=0.55|mom=20|short_delta=0.3|sma=50
debit_momentum,is_default,AMZN,2018-10-24,2018-10-29,277.9524,0.626336,target,2,443.78,debit,0,debit_momentum|cheap_iv=False|dte=30|long_delta=0.55|mom=20|short_delta=0.3|sma=50
debit_momentum,is_default,SPY,2018-10-24,2018-10-29,328.1114,0.739627,target,1,443.62,debit,0,debit_momentum|cheap_iv=False|dte=30|long_delta=0.55|mom=20|short_delta=0.3|sma=50
debit_momentum,is_default,AAPL,2018-10-30,2018-11-01,-118.3027,-0.500338,stop,1,236.45,debit,0,debit_momentum|cheap_iv=False|dte=30|long_delta=0.55|mom=20|short_delta=0.3|sma=50
debit_momentum,is_default,IWM,2018-10-29,2018-11-05,-164.5908,-0.500243,stop,1,329.02,debit,0,debit_momentum|cheap_iv=False|dte=30|long_delta=0.55|mom=20|short_delta=0.3|sma=50
debit_momentum,is_default,TSLA,2018-10-29,2018-11-05,-214.9647,-0.500559,stop,3,429.45,debit,0,debit_momentum|cheap_iv=False|dte=30|long_delta=0.55|mom=20|short_delta=0.3|sma=50
debit_momentum,is_default,MSFT,2018-10-23,2018-11-08,-167.7627,-0.521881,stop_gap,1,321.46,debit,0,debit_momentum|cheap_iv=False|dte=30|long_delta=0.55|mom=20|short_delta=0.3|sma=50
debit_momentum,is_default,AMZN,2018-11-01,2018-11-08,-229.3324,-0.500174,stop,1,458.50,debit,0,debit_momentum|cheap_iv=False|dte=30|long_delta=0.55|mom=20|short_delta=0.3|sma=50
debit_momentum,is_default,TSLA,2018-11-08,2018-11-12,-224.3179,-0.500893,stop,5,447.84,debit,0,debit_momentum|cheap_iv=False|dte=30|long_delta=0.55|mom=20|short_delta=0.3|sma=50
debit_momentum,is_default,MSFT,2018-11-09,2018-11-12,-158.3129,-0.500253,stop,1,316.47,debit,0,debit_momentum|cheap_iv=False|dte=30|long_delta=0.55|mom=20|short_delta=0.3|sma=50
debit_momentum,is_default,AAPL,2018-11-05,2018-11-14,293.8110,0.713033,target,2,412.06,debit,0,debit_momentum|cheap_iv=False|dte=30|long_delta=0.55|mom=20|short_delta=0.3|sma=50
debit_momentum,is_default,META,2018-11-05,2018-11-16,294.0006,0.713873,target,1,411.84,debit,0,debit_momentum|cheap_iv=False|dte=30|long_delta=0.55|mom=20|short_delta=0.3|sma=50
debit_momentum,is_default,GOOGL,2018-10-29,2018-11-19,283.4277,0.655317,target,4,432.50,debit,0,debit_momentum|cheap_iv=False|dte=30|long_delta=0.55|mom=20|short_delta=0.3|sma=50
debit_momentum,is_default,AMZN,2018-11-12,2018-11-19,203.2748,0.592136,target,1,343.29,debit,0,debit_momentum|cheap_iv=False|dte=30|long_delta=0.55|mom=20|short_delta=0.3|sma=50
debit_momentum,is_default,QQQ,2018-11-12,2018-11-19,263.6973,0.708016,target,1,372.45,debit,0,debit_momentum|cheap_iv=False|dte=30|long_delta=0.55|mom=20|short_delta=0.3|sma=50
debit_momentum,is_default,AAPL,2018-11-16,2018-11-23,218.6042,0.603093,target,2,362.47,debit,0,debit_momentum|cheap_iv=False|dte=30|long_delta=0.55|mom=20|short_delta=0.3|sma=50
debit_momentum,is_default,GOOGL,2018-11-23,2018-11-28,-175.3828,-0.500685,stop,3,350.29,debit,0,debit_momentum|cheap_iv=False|dte=30|long_delta=0.55|mom=20|short_delta=0.3|sma=50
debit_momentum,is_default,META,2018-11-19,2018-12-03,-204.0251,-0.500196,stop,1,407.89,debit,0,debit_momentum|cheap_iv=False|dte=30|long_delta=0.55|mom=20|short_delta=0.3|sma=50
debit_momentum,is_default,MSFT,2018-11-19,2018-12-03,-168.6307,-0.539239,stop_gap,1,312.72,debit,0,debit_momentum|cheap_iv=False|dte=30|long_delta=0.55|mom=20|short_delta=0.3|sma=50
debit_momentum,is_default,SPY,2018-11-19,2018-12-03,-206.9023,-0.500193,stop,1,413.64,debit,0,debit_momentum|cheap_iv=False|dte=30|long_delta=0.55|mom=20|short_delta=0.3|sma=50
debit_momentum,is_default,IWM,2018-11-14,2018-12-06,201.3802,0.677866,target,1,297.08,debit,0,debit_momentum|cheap_iv=False|dte=30|long_delta=0.55|mom=20|short_delta=0.3|sma=50
debit_momentum,is_default,QQQ,2018-12-03,2018-12-06,238.0033,0.734956,target,1,323.83,debit,0,debit_momentum|cheap_iv=False|dte=30|long_delta=0.55|mom=20|short_delta=0.3|sma=50
debit_momentum,is_default,AMZN,2018-12-04,2018-12-06,-173.4794,-0.565391,stop_gap,1,306.83,debit,0,debit_momentum|cheap_iv=False|dte=30|long_delta=0.55|mom=20|short_delta=0.3|sma=50
debit_momentum,is_default,META,2018-12-06,2018-12-10,-150.3912,-0.500266,stop,1,300.62,debit,0,debit_momentum|cheap_iv=False|dte=30|long_delta=0.55|mom=20|short_delta=0.3|sma=50
debit_momentum,is_default,IWM,2018-12-07,2018-12-14,205.4351,0.710922,target,1,288.97,debit,0,debit_momentum|cheap_iv=False|dte=30|long_delta=0.55|mom=20|short_delta=0.3|sma=50
debit_momentum,is_default,AAPL,2018-11-28,2018-12-17,246.0598,0.603976,target,3,407.40,debit,0,debit_momentum|cheap_iv=False|dte=30|long_delta=0.55|mom=20|short_delta=0.3|sma=50
debit_momentum,is_default,TSLA,2018-12-03,2018-12-17,-209.6398,-0.500956,stop,5,418.48,debit,0,debit_momentum|cheap_iv=False|dte=30|long_delta=0.55|mom=20|short_delta=0.3|sma=50
debit_momentum,is_default,SPY,2018-12-06,2018-12-17,324.3171,0.718779,target,1,451.21,debit,0,debit_momentum|cheap_iv=False|dte=30|long_delta=0.55|mom=20|short_delta=0.3|sma=50
debit_momentum,is_default,MSFT,2018-12-14,2018-12-17,-156.5793,-0.500256,stop,1,313.00,debit,0,debit_momentum|cheap_iv=False|dte=30|long_delta=0.55|mom=20|short_delta=0.3|sma=50
debit_momentum,is_default,AMZN,2018-12-10,2018-12-20,270.4420,0.589255,target,1,458.96,debit,0,debit_momentum|cheap_iv=False|dte=30|long_delta=0.55|mom=20|short_delta=0.3|sma=50
debit_momentum,is_default,IWM,2018-12-17,2018-12-20,199.4089,0.662439,target,1,301.02,debit,0,debit_momentum|cheap_iv=False|dte=30|long_delta=0.55|mom=20|short_delta=0.3|sma=50
debit_momentum,is_default,META,2018-12-17,2018-12-20,213.3924,0.660544,target,1,323.06,debit,0,debit_momentum|cheap_iv=False|dte=30|long_delta=0.55|mom=20|short_delta=0.3|sma=50
debit_momentum,is_default,QQQ,2018-12-17,2018-12-20,262.0901,0.697680,target,1,375.66,debit,0,debit_momentum|cheap_iv=False|dte=30|long_delta=0.55|mom=20|short_delta=0.3|sma=50
debit_momentum,is_default,MSFT,2018-12-20,2018-12-24,214.3737,0.667638,target,1,321.09,debit,0,debit_momentum|cheap_iv=False|dte=30|long_delta=0.55|mom=20|short_delta=0.3|sma=50
debit_momentum,is_default,AMZN,2018-12-24,2018-12-28,-177.9968,-0.500225,stop,1,355.83,debit,0,debit_momentum|cheap_iv=False|dte=30|long_delta=0.55|mom=20|short_delta=0.3|sma=50
debit_momentum,is_default,AAPL,2018-12-20,2019-01-03,247.8991,0.614034,target,3,403.72,debit,0,debit_momentum|cheap_iv=False|dte=30|long_delta=0.55|mom=20|short_delta=0.3|sma=50
debit_momentum,is_default,GOOGL,2018-12-17,2019-01-04,-204.3090,-0.500784,stop,4,407.98,debit,0,debit_momentum|cheap_iv=False|dte=30|long_delta=0.55|mom=20|short_delta=0.3|sma=50
debit_momentum,is_default,IWM,2018-12-21,2019-01-04,-144.8750,-0.500276,stop,1,289.59,debit,0,debit_momentum|cheap_iv=False|dte=30|long_delta=0.55|mom=20|short_delta=0.3|sma=50
debit_momentum,is_default,QQQ,2018-12-21,2019-01-07,-165.6496,-0.500242,stop,1,331.14,debit,0,debit_momentum|cheap_iv=False|dte=30|long_delta=0.55|mom=20|short_delta=0.3|sma=50
debit_momentum,is_default,AMZN,2019-01-03,2019-01-07,-226.6221,-0.500353,stop,2,452.92,debit,0,debit_momentum|cheap_iv=False|dte=30|long_delta=0.55|mom=20|short_delta=0.3|sma=50
debit_momentum,is_default,TSLA,2019-01-04,2019-01-07,-232.5020,-0.500862,stop,5,464.20,debit,0,debit_momentum|cheap_iv=False|dte=30|long_delta=0.55|mom=20|short_delta=0.3|sma=50
debit_momentum,is_default,AAPL,2019-01-04,2019-01-09,-203.8910,-0.500589,stop,3,407.30,debit,0,debit_momentum|cheap_iv=False|dte=30|long_delta=0.55|mom=20|short_delta=0.3|sma=50
debit_momentum,is_default,IWM,2019-01-07,2019-01-09,-143.2177,-0.500279,stop,1,286.28,debit,0,debit_momentum|cheap_iv=False|dte=30|long_delta=0.55|mom=20|short_delta=0.3|sma=50
debit_momentum,is_default,GOOGL,2019-01-09,2019-01-11,-200.0822,-0.500801,stop,4,399.52,debit,0,debit_momentum|cheap_iv=False|dte=30|long_delta=0.55|mom=20|short_delta=0.3|sma=50
debit_momentum,is_default,MSFT,2018-12-28,2019-01-15,-172.3603,-0.500232,stop,1,344.56,debit,0,debit_momentum|cheap_iv=False|dte=30|long_delta=0.55|mom=20|short_delta=0.3|sma=50
debit_momentum,is_default,SPY,2019-01-07,2019-01-15,-202.4786,-0.500198,stop,1,404.80,debit,0,debit_momentum|cheap_iv=False|dte=30|long_delta=0.55|mom=20|short_delta=0.3|sma=50
debit_momentum,is_default,META,2019-01-08,2019-01-15,-217.3055,-0.500184,stop,1,434.45,debit,0,debit_momentum|cheap_iv=False|dte=30|long_delta=0.55|mom=20|short_delta=0.3|sma=50
debit_momentum,is_default,IWM,2019-01-15,2019-01-18,-121.2755,-0.500330,stop,1,242.39,debit,0,debit_momentum|cheap_iv=False|dte=30|long_delta=0.55|mom=20|short_delta=0.3|sma=50
debit_momentum,is_default,GOOGL,2019-01-18,2019-01-22,-179.1060,-0.500671,stop,3,357.73,debit,0,debit_momentum|cheap_iv=False|dte=30|long_delta=0.55|mom=20|short_delta=0.3|sma=50
debit_momentum,is_default,TSLA,2019-01-15,2019-01-23,207.6920,0.540899,target,4,383.98,debit,0,debit_momentum|cheap_iv=False|dte=30|long_delta=0.55|mom=20|short_delta=0.3|sma=50
debit_momentum,is_default,AAPL,2019-01-11,2019-01-25,-200.6583,-0.500599,stop,3,400.84,debit,0,debit_momentum|cheap_iv=False|dte=30|long_delta=0.55|mom=20|short_delta=0.3|sma=50
debit_momentum,is_default,QQQ,2019-01-15,2019-01-25,-163.0999,-0.500245,stop,1,326.04,debit,0,debit_momentum|cheap_iv=False|dte=30|long_delta=0.55|mom=20|short_delta=0.3|sma=50
debit_momentum,is_default,AMZN,2019-01-09,2019-01-28,-149.0082,-0.500269,stop,1,297.86,debit,0,debit_momentum|cheap_iv=False|dte=30|long_delta=0.55|mom=20|short_delta=0.3|sma=50
debit_momentum,is_default,MSFT,2019-01-25,2019-01-29,-206.3524,-0.500388,stop,2,412.38,debit,0,debit_momentum|cheap_iv=False|dte=30|long_delta=0.55|mom=20|short_delta=0.3|sma=50
debit_momentum,is_default,META,2019-01-23,2019-01-31,287.6729,0.677684,target,1,424.49,debit,0,debit_momentum|cheap_iv=False|dte=30|long_delta=0.55|mom=20|short_delta=0.3|sma=50
debit_momentum,is_default,IWM,2019-01-22,2019-02-05,277.3758,0.623417,target,2,444.93,debit,0,debit_momentum|cheap_iv=False|dte=30|long_delta=0.55|mom=20|short_delta=0.3|sma=50
debit_momentum,is_default,QQQ,2019-01-28,2019-02-05,194.0078,0.622170,target,1,311.82,debit,0,debit_momentum|cheap_iv=False|dte=30|long_delta=0.55|mom=20|short_delta=0.3|sma=50
debit_momentum,is_default,GOOGL,2019-01-25,2019-02-15,24.2002,0.058142,time,4,416.23,debit,0,debit_momentum|cheap_iv=False|dte=30|long_delta=0.55|mom=20|short_delta=0.3|sma=50
debit_momentum,is_default,AMZN,2019-01-29,2019-02-22,-58.7270,-0.181059,time,1,324.35,debit,0,debit_momentum|cheap_iv=False|dte=30|long_delta=0.55|mom=20|short_delta=0.3|sma=50
debit_momentum,is_default,AAPL,2019-01-31,2019-02-22,79.0110,0.227322,time,2,347.57,debit,0,debit_momentum|cheap_iv=False|dte=30|long_delta=0.55|mom=20|short_delta=0.3|sma=50
debit_momentum,is_default,SPY,2019-02-05,2019-02-25,216.8661,0.592356,target,1,366.11,debit,0,debit_momentum|cheap_iv=False|dte=30|long_delta=0.55|mom=20|short_delta=0.3|sma=50
debit_momentum,is_default,MSFT,2019-02-05,2019-02-26,210.8173,0.642334,target,1,328.21,debit,0,debit_momentum|cheap_iv=False|dte=30|long_delta=0.55|mom=20|short_delta=0.3|sma=50
debit_momentum,is_default,IWM,2019-02-15,2019-03-06,-225.1143,-0.500356,stop,2,449.91,debit,0,debit_momentum|cheap_iv=False|dte=30|long_delta=0.55|mom=20|short_delta=0.3|sma=50
debit_momentum,is_default,AMZN,2019-03-06,2019-03-07,-207.0912,-0.500387,stop,2,413.86,debit,0,debit_momentum|cheap_iv=False|dte=30|long_delta=0.55|mom=20|short_delta=0.3|sma=50
debit_momentum,is_default,AAPL,2019-02-25,2019-03-08,-205.2541,-0.600617,stop_gap,2,341.74,debit,0,debit_momentum|cheap_iv=False|dte=30|long_delta=0.55|mom=20|short_delta=0.3|sma=50
debit_momentum,is_default,SPY,2019-02-26,2019-03-08,-189.6696,-0.530293,stop_gap,1,357.67,debit,0,debit_momentum|cheap_iv=False|dte=30|long_delta=0.55|mom=20|short_delta=0.3|sma=50
debit_momentum,is_default,GOOGL,2019-02-22,2019-03-11,191.8063,0.524193,target,3,365.91,debit,0,debit_momentum|cheap_iv=False|dte=30|long_delta=0.55|mom=20|short_delta=0.3|sma=50
debit_momentum,is_default,QQQ,2019-02-22,2019-03-13,164.6076,0.608250,target,1,270.62,debit,0,debit_momentum|cheap_iv=False|dte=30|long_delta=0.55|mom=20|short_delta=0.3|sma=50
debit_momentum,is_default,MSFT,2019-03-08,2019-03-13,125.6185,0.505298,target,1,248.60,debit,0,debit_momentum|cheap_iv=False|dte=30|long_delta=0.55|mom=20|short_delta=0.3|sma=50
debit_momentum,is_default,AAPL,2019-03-11,2019-03-18,227.5943,0.513326,target,9,443.37,debit,0,debit_momentum|cheap_iv=False|dte=30|long_delta=0.55|mom=20|short_delta=0.3|sma=50
debit_momentum,is_default,AMZN,2019-03-13,2019-03-20,126.3588,0.511321,target,1,247.12,debit,0,debit_momentum|cheap_iv=False|dte=30|long_delta=0.55|mom=20|short_delta=0.3|sma=50
debit_momentum,is_default,IWM,2019-03-07,2019-03-22,-116.6993,-0.500343,stop,1,233.24,debit,0,debit_momentum|cheap_iv=False|dte=30|long_delta=0.55|mom=20|short_delta=0.3|sma=50
debit_momentum,is_default,GOOGL,2019-03-13,2019-03-27,-174.8354,-0.500687,stop,3,349.19,debit,0,debit_momentum|cheap_iv=False|dte=30|long_delta=0.55|mom=20|short_delta=0.3|sma=50
debit_momentum,is_default,AMZN,2019-03-22,2019-03-27,-222.0267,-0.500361,stop,2,443.73,debit,0,debit_momentum|cheap_iv=False|dte=30|long_delta=0.55|mom=20|short_delta=0.3|sma=50
debit_momentum,is_default,TSLA,2019-03-08,2019-03-29,-57.9270,-0.185123,time,2,312.91,debit,0,debit_momentum|cheap_iv=False|dte=30|long_delta=0.55|mom=20|short_delta=0.3|sma=50
debit_momentum,is_default,META,2019-03-18,2019-04-02,281.2460,0.643071,target,1,437.35,debit,0,debit_momentum|cheap_iv=False|dte=30|long_delta=0.55|mom=20|short_delta=0.3|sma=50
debit_momentum,is_default,IWM,2019-03-27,2019-04-03,-211.2097,-0.513458,stop_gap,2,411.35,debit,0,debit_momentum|cheap_iv=False|dte=30|long_delta=0.55|mom=20|short_delta=0.3|sma=50
debit_momentum,is_default,AAPL,2019-03-20,2019-04-05,245.4271,0.600557,target,3,408.67,debit,0,debit_momentum|cheap_iv=False|dte=30|long_delta=0.55|mom=20|short_delta=0.3|sma=50
debit_momentum,is_default,AMZN,2019-03-29,2019-04-16,276.2260,0.618083,target,4,446.91,debit,0,debit_momentum|cheap_iv=False|dte=30|long_delta=0.55|mom=20|short_delta=0.3|sma=50
debit_momentum,is_default,MSFT,2019-03-27,2019-04-18,282.7622,0.651292,target,2,434.16,debit,0,debit_momentum|cheap_iv=False|dte=30|long_delta=0.55|mom=20|short_delta=0.3|sma=50
debit_momentum,is_default,GOOGL,2019-04-02,2019-04-22,282.6598,0.651229,target,4,434.04,debit,0,debit_momentum|cheap_iv=False|dte=30|long_delta=0.55|mom=20|short_delta=0.3|sma=50
debit_momentum,is_default,META,2019-04-03,2019-04-22,273.2060,0.602534,target,1,453.43,debit,0,debit_momentum|cheap_iv=False|dte=30|long_delta=0.55|mom=20|short_delta=0.3|sma=50
debit_momentum,is_default,IWM,2019-04-05,2019-04-22,-179.5940,-0.500446,stop,2,358.87,debit,0,debit_momentum|cheap_iv=False|dte=30|long_delta=0.55|mom=20|short_delta=0.3|sma=50
debit_momentum,is_default,MSFT,2019-04-22,2019-04-25,192.7582,0.529550,target,3,364.00,debit,0,debit_momentum|cheap_iv=False|dte=30|long_delta=0.55|mom=20|short_delta=0.3|sma=50
debit_momentum,is_default,GOOGL,2019-04-25,2019-04-30,-338.9894,-0.848730,stop_gap,3,399.41,debit,0,debit_momentum|cheap_iv=False|dte=30|long_delta=0.55|mom=20|short_delta=0.3|sma=50
debit_momentum,is_default,AAPL,2019-04-16,2019-05-01,283.1559,0.654108,target,5,432.89,debit,0,debit_momentum|cheap_iv=False|dte=30|long_delta=0.55|mom=20|short_delta=0.3|sma=50
debit_momentum,is_default,QQQ,2019-04-18,2019-05-07,-224.2956,-0.500357,stop,2,448.27,debit,0,debit_momentum|cheap_iv=False|dte=30|long_delta=0.55|mom=20|short_delta=0.3|sma=50
debit_momentum,is_default,IWM,2019-04-30,2019-05-09,-178.7613,-0.500448,stop,2,357.20,debit,0,debit_momentum|cheap_iv=False|dte=30|long_delta=0.55|mom=20|short_delta=0.3|sma=50
debit_momentum,is_default,SPY,2019-04-22,2019-05-10,-159.9897,-0.500250,stop,1,319.82,debit,0,debit_momentum|cheap_iv=False|dte=30|long_delta=0.55|mom=20|short_delta=0.3|sma=50
debit_momentum,is_default,MSFT,2019-05-01,2019-05-13,-283.0451,-0.613231,stop_gap,2,461.56,debit,0,debit_momentum|cheap_iv=False|dte=30|long_delta=0.55|mom=20|short_delta=0.3|sma=50
debit_momentum,is_default,AAPL,2019-05-07,2019-05-13,-157.9717,-0.675103,stop_gap,1,234.00,debit,0,debit_momentum|cheap_iv=False|dte=30|long_delta=0.55|mom=20|short_delta=0.3|sma=50
debit_momentum,is_default,AMZN,2019-04-22,2019-05-17,-11.3706,-0.031152,time,3,365.01,debit,0,debit_momentum|cheap_iv=False|dte=30|long_delta=0.55|mom=20|short_delta=0.3|sma=50
debit_momentum,is_default,TSLA,2019-05-10,2019-05-17,234.5409,0.544888,target,3,430.44,debit,0,debit_momentum|cheap_iv=False|dte=30|long_delta=0.55|mom=20|short_delta=0.3|sma=50
debit_momentum,is_default,META,2019-05-17,2019-05-28,-209.2625,-0.502960,stop_gap,1,416.06,debit,0,debit_momentum|cheap_iv=False|dte=30|long_delta=0.55|mom=20|short_delta=0.3|sma=50
debit_momentum,is_default,MSFT,2019-05-17,2019-05-29,-157.7931,-0.500990,stop_gap,1,314.96,debit,0,debit_momentum|cheap_iv=False|dte=30|long_delta=0.55|mom=20|short_delta=0.3|sma=50
debit_momentum,is_default,GOOGL,2019-05-09,2019-05-31,119.9642,0.367902,time,1,326.08,debit,0,debit_momentum|cheap_iv=False|dte=30|long_delta=0.55|mom=20|short_delta=0.3|sma=50
debit_momentum,is_default,IWM,2019-05-14,2019-05-31,203.6197,0.695897,target,1,292.60,debit,0,debit_momentum|cheap_iv=False|dte=30|long_delta=0.55|mom=20|short_delta=0.3|sma=50
debit_momentum,is_default,AAPL,2019-05-14,2019-06-03,277.8702,0.625919,target,2,443.94,debit,0,debit_momentum|cheap_iv=False|dte=30|long_delta=0.55|mom=20|short_delta=0.3|sma=50
debit_momentum,is_default,AMZN,2019-05-28,2019-06-03,303.0138,0.769750,target,2,393.65,debit,0,debit_momentum|cheap_iv=False|dte=30|long_delta=0.55|mom=20|short_delta=0.3|sma=50
debit_momentum,is_default,TSLA,2019-05-31,2019-06-05,-245.1676,-0.533096,stop_gap,5,459.89,debit,0,debit_momentum|cheap_iv=False|dte=30|long_delta=0.55|mom=20|short_delta=0.3|sma=50
debit_momentum,is_default,SPY,2019-05-31,2019-06-06,-171.7755,-0.533727,stop_gap,1,321.84,debit,0,debit_momentum|cheap_iv=False|dte=30|long_delta=0.55|mom=20|short_delta=0.3|sma=50
debit_momentum,is_default,QQQ,2019-05-29,2019-06-07,-141.0914,-0.500284,stop,1,282.02,debit,0,debit_momentum|cheap_iv=False|dte=30|long_delta=0.55|mom=20|short_delta=0.3|sma=50
debit_momentum,is_default,IWM,2019-06-03,2019-06-07,-127.1809,-0.500315,stop,1,254.20,debit,0,debit_momentum|cheap_iv=False|dte=30|long_delta=0.55|mom=20|short_delta=0.3|sma=50
debit_momentum,is_default,AAPL,2019-06-05,2019-06-10,-201.1230,-0.500597,stop,3,401.77,debit,0,debit_momentum|cheap_iv=False|dte=30|long_delta=0.55|mom=20|short_delta=0.3|sma=50
debit_momentum,is_default,AMZN,2019-06-06,2019-06-10,-217.1568,-0.574104,stop_gap,2,378.25,debit,0,debit_momentum|cheap_iv=False|dte=30|long_delta=0.55|mom=20|short_delta=0.3|sma=50
debit_momentum,is_default,META,2019-06-07,2019-06-14,-208.6495,-0.500192,stop,1,417.14,debit,0,debit_momentum|cheap_iv=False|dte=30|long_delta=0.55|mom=20|short_delta=0.3|sma=50
debit_momentum,is_default,GOOGL,2019-06-03,2019-06-18,-220.8433,-0.527908,stop_gap,2,418.34,debit,0,debit_momentum|cheap_iv=False|dte=30|long_delta=0.55|mom=20|short_delta=0.3|sma=50
debit_momentum,is_default,MSFT,2019-06-07,2019-06-19,206.7041,0.614401,target,1,336.43,debit,0,debit_momentum|cheap_iv=False|dte=30|long_delta=0.55|mom=20|short_delta=0.3|sma=50
debit_momentum,is_default,IWM,2019-06-10,2019-06-20,-138.3384,-0.567601,stop_gap,1,243.72,debit,0,debit_momentum|cheap_iv=False|dte=30|long_delta=0.55|mom=20|short_delta=0.3|sma=50
debit_momentum,is_default,QQQ,2019-06-10,2019-06-20,-186.5863,-0.657794,stop_gap,1,283.65,debit,0,debit_momentum|cheap_iv=False|dte=30|long_delta=0.55|mom=20|short_delta=0.3|sma=50
debit_momentum,is_default,MSFT,2019-06-20,2019-06-25,-218.1657,-0.500367,stop,2,436.01,debit,0,debit_momentum|cheap_iv=False|dte=30|long_delta=0.55|mom=20|short_delta=0.3|sma=50
debit_momentum,is_default,IWM,2019-06-21,2019-06-25,-116.6105,-0.500343,stop,1,233.06,debit,0,debit_momentum|cheap_iv=False|dte=30|long_delta=0.55|mom=20|short_delta=0.3|sma=50
debit_momentum,is_default,SPY,2019-06-14,2019-07-01,219.4677,0.608105,target,1,360.90,debit,0,debit_momentum|cheap_iv=False|dte=30|long_delta=0.55|mom=20|short_delta=0.3|sma=50
debit_momentum,is_default,AMZN,2019-06-18,2019-07-10,284.4595,0.660365,target,2,430.76,debit,0,debit_momentum|cheap_iv=False|dte=30|long_delta=0.55|mom=20|short_delta=0.3|sma=50
debit_momentum,is_default,GOOGL,2019-06-25,2019-07-11,-236.2681,-0.540256,stop_gap,2,437.33,debit,0,debit_momentum|cheap_iv=False|dte=30|long_delta=0.55|mom=20|short_delta=0.3|sma=50
debit_momentum,is_default,IWM,2019-07-01,2019-07-11,-222.4881,-0.500360,stop,2,444.66,debit,0,debit_momentum|cheap_iv=False|dte=30|long_delta=0.55|mom=20|short_delta=0.3|sma=50
debit_momentum,is_default,AAPL,2019-06-19,2019-07-12,1.0172,0.002276,time,5,446.90,debit,0,debit_momentum|cheap_iv=False|dte=30|long_delta=0.55|mom=20|short_delta=0.3|sma=50
debit_momentum,is_default,QQQ,2019-06-25,2019-07-15,193.1917,0.616326,target,1,313.46,debit,0,debit_momentum|cheap_iv=False|dte=30|long_delta=0.55|mom=20|short_delta=0.3|sma=50
debit_momentum,is_default,AMZN,2019-07-11,2019-07-18,-117.1949,-0.500342,stop,1,234.23,debit,0,debit_momentum|cheap_iv=False|dte=30|long_delta=0.55|mom=20|short_delta=0.3|sma=50
debit_momentum,is_default,GOOGL,2019-07-12,2019-07-25,-202.6073,-0.500791,stop,4,404.57,debit,0,debit_momentum|cheap_iv=False|dte=30|long_delta=0.55|mom=20|short_delta=0.3|sma=50
debit_momentum,is_default,AMZN,2019-07-25,2019-07-26,-179.7416,-0.500669,stop,3,359.00,debit,0,debit_momentum|cheap_iv=False|dte=30|long_delta=0.55|mom=20|short_delta=0.3|sma=50
debit_momentum,is_default,META,2019-07-10,2019-07-29,-217.8205,-0.500184,stop,1,435.48,debit,0,debit_momentum|cheap_iv=False|dte=30|long_delta=0.55|mom=20|short_delta=0.3|sma=50
debit_momentum,is_default,MSFT,2019-07-11,2019-07-31,-115.9145,-0.500345,stop,1,231.67,debit,0,debit_momentum|cheap_iv=False|dte=30|long_delta=0.55|mom=20|short_delta=0.3|sma=50
debit_momentum,is_default,AAPL,2019-07-15,2019-07-31,177.1315,0.448143,target,3,395.26,debit,0,debit_momentum|cheap_iv=False|dte=30|long_delta=0.55|mom=20|short_delta=0.3|sma=50
debit_momentum,is_default,IWM,2019-07-18,2019-07-31,134.5357,0.582989,target,1,230.77,debit,0,debit_momentum|cheap_iv=False|dte=30|long_delta=0.55|mom=20|short_delta=0.3|sma=50
debit_momentum,is_default,QQQ,2019-07-26,2019-07-31,-226.1590,-0.500354,stop,2,452.00,debit,0,debit_momentum|cheap_iv=False|dte=30|long_delta=0.55|mom=20|short_delta=0.3|sma=50
debit_momentum,is_default,AMZN,2019-07-29,2019-08-02,-121.8178,-0.500329,stop,1,243.48,debit,0,debit_momentum|cheap_iv=False|dte=30|long_delta=0.55|mom=20|short_delta=0.3|sma=50
debit_momentum,is_default,SPY,2019-07-31,2019-08-02,-159.5274,-0.500251,stop,1,318.89,debit,0,debit_momentum|cheap_iv=False|dte=30|long_delta=0.55|mom=20|short_delta=0.3|sma=50
debit_momentum,is_default,AAPL,2019-08-01,2019-08-02,-211.1776,-0.500379,stop,2,422.04,debit,0,debit_momentum|cheap_iv=False|dte=30|long_delta=0.55|mom=20|short_delta=0.3|sma=50
debit_momentum,is_default,MSFT,2019-08-02,2019-08-05,-161.5333,-0.500248,stop,1,322.91,debit,0,debit_momentum|cheap_iv=False|dte=30|long_delta=0.55|mom=20|short_delta=0.3|sma=50
debit_momentum,is_default,GOOGL,2019-07-31,2019-08-07,-160.4496,-0.500249,stop,1,320.74,debit,0,debit_momentum|cheap_iv=False|dte=30|long_delta=0.55|mom=20|short_delta=0.3|sma=50
debit_momentum,is_default,AMZN,2019-08-05,2019-08-08,-219.8819,-0.500364,stop,2,439.44,debit,0,debit_momentum|cheap_iv=False|dte=30|long_delta=0.55|mom=20|short_delta=0.3|sma=50
debit_momentum,is_default,TSLA,2019-07-31,2019-08-09,-221.1007,-0.500543,stop,3,441.72,debit,0,debit_momentum|cheap_iv=False|dte=30|long_delta=0.55|mom=20|short_delta=0.3|sma=50
debit_momentum,is_default,QQQ,2019-08-07,2019-08-09,-161.1914,-0.500248,stop,1,322.22,debit,0,debit_momentum|cheap_iv=False|dte=30|long_delta=0.55|mom=20|short_delta=0.3|sma=50
debit_momentum,is_default,AAPL,2019-08-06,2019-08-13,-115.9312,-0.500345,stop,1,231.70,debit,0,debit_momentum|cheap_iv=False|dte=30|long_delta=0.55|mom=20|short_delta=0.3|sma=50
debit_momentum,is_default,MSFT,2019-08-09,2019-08-14,-120.1541,-0.500333,stop,1,240.15,debit,0,debit_momentum|cheap_iv=False|dte=30|long_delta=0.55|mom=20|short_delta=0.3|sma=50
debit_momentum,is_default,GOOGL,2019-08-08,2019-08-23,-191.3146,-0.500419,stop,2,382.31,debit,0,debit_momentum|cheap_iv=False|dte=30|long_delta=0.55|mom=20|short_delta=0.3|sma=50
debit_momentum,is_default,AMZN,2019-08-09,2019-08-23,199.8261,0.571148,target,3,349.87,debit,0,debit_momentum|cheap_iv=False|dte=30|long_delta=0.55|mom=20|short_delta=0.3|sma=50
debit_momentum,is_default,IWM,2019-08-05,2019-08-28,179.6442,0.746801,target,1,240.55,debit,0,debit_momentum|cheap_iv=False|dte=30|long_delta=0.55|mom=20|short_delta=0.3|sma=50
debit_momentum,is_default,META,2019-08-13,2019-09-05,-242.7575,-0.591164,stop_gap,1,410.64,debit,0,debit_momentum|cheap_iv=False|dte=30|long_delta=0.55|mom=20|short_delta=0.3|sma=50
debit_momentum,is_default,AAPL,2019-08-14,2019-09-05,184.8769,0.486818,target,3,379.77,debit,0,debit_momentum|cheap_iv=False|dte=30|long_delta=0.55|mom=20|short_delta=0.3|sma=50
debit_momentum,is_default,QQQ,2019-08-23,2019-09-05,-163.2157,-0.500245,stop,1,326.27,debit,0,debit_momentum|cheap_iv=False|dte=30|long_delta=0.55|mom=20|short_delta=0.3|sma=50
debit_momentum,is_default,SPY,2019-08-23,2019-09-05,-186.0036,-0.516064,stop_gap,1,360.43,debit,0,debit_momentum|cheap_iv=False|dte=30|long_delta=0.55|mom=20|short_delta=0.3|sma=50
debit_momentum,is_default,AMZN,2019-08-28,2019-09-05,-136.2892,-0.593142,stop_gap,1,229.77,debit,0,debit_momentum|cheap_iv=False|dte=30|long_delta=0.55|mom=20|short_delta=0.3|sma=50
debit_momentum,is_default,TSLA,2019-09-05,2019-09-05,-207.6929,-0.501739,stop,9,413.95,debit,0,debit_momentum|cheap_iv=False|dte=30|long_delta=0.55|mom=20|short_delta=0.3|sma=50
debit_momentum,is_default,MSFT,2019-09-05,2019-09-10,-165.8905,-0.500241,stop,1,331.62,debit,0,debit_momentum|cheap_iv=False|dte=30|long_delta=0.55|mom=20|short_delta=0.3|sma=50
debit_momentum,is_default,IWM,2019-09-05,2019-09-11,-129.3485,-0.543862,stop_gap,1,237.83,debit,0,debit_momentum|cheap_iv=False|dte=30|long_delta=0.55|mom=20|short_delta=0.3|sma=50
debit_momentum,is_default,AAPL,2019-09-06,2019-09-12,177.7582,0.451159,target,3,394.00,debit,0,debit_momentum|cheap_iv=False|dte=30|long_delta=0.55|mom=20|short_delta=0.3|sma=50
debit_momentum,is_default,QQQ,2019-09-06,2019-09-24,-156.9446,-0.500255,stop,1,313.73,debit,0,debit_momentum|cheap_iv=False|dte=30|long_delta=0.55|mom=20|short_delta=0.3|sma=50
debit_momentum,is_default,TSLA,2019-09-11,2019-09-24,-215.1505,-0.501866,stop,10,428.70,debit,0,debit_momentum|cheap_iv=False|dte=30|long_delta=0.55|mom=20|short_delta=0.3|sma=50
debit_momentum,is_default,AMZN,2019-09-12,2019-09-24,286.9453,0.674420,target,4,425.47,debit,0,debit_momentum|cheap_iv=False|dte=30|long_delta=0.55|mom=20|short_delta=0.3|sma=50
debit_momentum,is_default,GOOGL,2019-09-06,2019-09-27,23.9602,0.067093,time,3,357.12,debit,0,debit_momentum|cheap_iv=False|dte=30|long_delta=0.55|mom=20|short_delta=0.3|sma=50
debit_momentum,is_default,SPY,2019-09-10,2019-10-01,-182.9725,-0.500219,stop,1,365.78,debit,0,debit_momentum|cheap_iv=False|dte=30|long_delta=0.55|mom=20|short_delta=0.3|sma=50
debit_momentum,is_default,IWM,2019-09-24,2019-10-01,-135.6537,-0.500295,stop,1,271.15,debit,0,debit_momentum|cheap_iv=False|dte=30|long_delta=0.55|mom=20|short_delta=0.3|sma=50
debit_momentum,is_default,MSFT,2019-09-24,2019-10-02,-154.2718,-0.500259,stop,1,308.38,debit,0,debit_momentum|cheap_iv=False|dte=30|long_delta=0.55|mom=20|short_delta=0.3|sma=50
debit_momentum,is_default,AAPL,2019-09-24,2019-10-11,198.9711,0.565938,target,3,351.58,debit,0,debit_momentum|cheap_iv=False|dte=30|long_delta=0.55|mom=20|short_delta=0.3|sma=50
debit_momentum,is_default,IWM,2019-10-03,2019-10-11,-122.2939,-0.500327,stop,1,244.43,debit,0,debit_momentum|cheap_iv=False|dte=30|long_delta=0.55|mom=20|short_delta=0.3|sma=50
debit_momentum,is_default,META,2019-10-11,2019-10-15,-209.3277,-0.500191,stop,1,418.50,debit,0,debit_momentum|cheap_iv=False|dte=30|long_delta=0.55|mom=20|short_delta=0.3|sma=50
debit_momentum,is_default,AMZN,2019-09-27,2019-10-16,-121.7373,-0.500329,stop,1,243.31,debit,0,debit_momentum|cheap_iv=False|dte=30|long_delta=0.55|mom=20|short_delta=0.3|sma=50
debit_momentum,is_default,MSFT,2019-10-11,2019-10-18,-110.1734,-0.500363,stop,1,220.19,debit,0,debit_momentum|cheap_iv=False|dte=30|long_delta=0.55|mom=20|short_delta=0.3|sma=50
debit_momentum,is_default,META,2019-10-18,2019-10-18,-160.4912,-0.500249,stop,1,320.82,debit,0,debit_momentum|cheap_iv=False|dte=30|long_delta=0.55|mom=20|short_delta=0.3|sma=50
debit_momentum,is_default,IWM,2019-10-15,2019-10-21,-126.0245,-0.500318,stop,1,251.89,debit,0,debit_momentum|cheap_iv=False|dte=30|long_delta=0.55|mom=20|short_delta=0.3|sma=50
debit_momentum,is_default,TSLA,2019-10-01,2019-10-24,277.6179,0.806362,target,3,344.28,debit,0,debit_momentum|cheap_iv=False|dte=30|long_delta=0.55|mom=20|short_delta=0.3|sma=50
debit_momentum,is_default,AAPL,2019-10-16,2019-10-24,185.0710,0.487828,target,3,379.38,debit,0,debit_momentum|cheap_iv=False|dte=30|long_delta=0.55|mom=20|short_delta=0.3|sma=50
debit_momentum,is_default,GOOGL,2019-10-01,2019-10-25,94.1449,0.423661,time,1,222.22,debit,0,debit_momentum|cheap_iv=False|dte=30|long_delta=0.55|mom=20|short_delta=0.3|sma=50
debit_momentum,is_default,AMZN,2019-10-21,2019-10-25,296.8779,0.731363,target,2,405.92,debit,0,debit_momentum|cheap_iv=False|dte=30|long_delta=0.55|mom=20|short_delta=0.3|sma=50
debit_momentum,is_default,MSFT,2019-10-21,2019-10-28,-306.4455,-0.712104,stop_gap,2,430.34,debit,0,debit_momentum|cheap_iv=False|dte=30|long_delta=0.55|mom=20|short_delta=0.3|sma=50
debit_momentum,is_default,META,2019-10-25,2019-10-31,289.7971,0.689589,target,1,420.25,debit,0,debit_momentum|cheap_iv=False|dte=30|long_delta=0.55|mom=20|short_delta=0.3|sma=50
debit_momentum,is_default,QQQ,2019-10-24,2019-11-04,167.8592,0.635537,target,1,264.12,debit,0,debit_momentum|cheap_iv=False|dte=30|long_delta=0.55|mom=20|short_delta=0.3|sma=50
debit_momentum,is_default,AAPL,2019-10-25,2019-11-04,187.4707,0.500484,target,3,374.58,debit,0,debit_momentum|cheap_iv=False|dte=30|long_delta=0.55|mom=20|short_delta=0.3|sma=50
debit_momentum,is_default,IWM,2019-10-24,2019-11-05,136.1112,0.597982,target,1,227.62,debit,0,debit_momentum|cheap_iv=False|dte=30|long_delta=0.55|mom=20|short_delta=0.3|sma=50
debit_momentum,is_default,SPY,2019-10-28,2019-11-15,193.0570,0.615368,target,1,313.73,debit,0,debit_momentum|cheap_iv=False|dte=30|long_delta=0.55|mom=20|short_delta=0.3|sma=50
debit_momentum,is_default,GOOGL,2019-10-31,2019-11-15,195.4168,0.544812,target,3,358.69,debit,0,debit_momentum|cheap_iv=False|dte=30|long_delta=0.55|mom=20|short_delta=0.3|sma=50
debit_momentum,is_default,AMZN,2019-11-04,2019-11-15,-174.8988,-0.500687,stop,3,349.32,debit,0,debit_momentum|cheap_iv=False|dte=30|long_delta=0.55|mom=20|short_delta=0.3|sma=50
debit_momentum,is_default,MSFT,2019-11-04,2019-11-20,283.4773,0.655098,target,2,432.73,debit,0,debit_momentum|cheap_iv=False|dte=30|long_delta=0.55|mom=20|short_delta=0.3|sma=50
debit_momentum,is_default,TSLA,2019-11-15,2019-11-22,-203.5786,-0.510834,stop_gap,2,398.52,debit,0,debit_momentum|cheap_iv=False|dte=30|long_delta=0.55|mom=20|short_delta=0.3|sma=50
debit_momentum,is_default,QQQ,2019-11-05,2019-11-27,170.5244,0.658927,target,1,258.79,debit,0,debit_momentum|cheap_iv=False|dte=30|long_delta=0.55|mom=20|short_delta=0.3|sma=50
debit_momentum,is_default,AMZN,2019-11-20,2019-11-27,-178.5801,-0.500898,stop,4,356.52,debit,0,debit_momentum|cheap_iv=False|dte=30|long_delta=0.55|mom=20|short_delta=0.3|sma=50
debit_momentum,is_default,MSFT,2019-11-27,2019-12-02,-207.4221,-0.500386,stop,2,414.52,debit,0,debit_momentum|cheap_iv=False|dte=30|long_delta=0.55|mom=20|short_delta=0.3|sma=50
debit_momentum,is_default,AAPL,2019-11-15,2019-12-03,-265.6619,-0.604356,stop_gap,2,439.58,debit,0,debit_momentum|cheap_iv=False|dte=30|long_delta=0.55|mom=20|short_delta=0.3|sma=50
debit_momentum,is_default,SPY,2019-11-27,2019-12-03,-133.7386,-0.500299,stop,1,267.32,debit,0,debit_momentum|cheap_iv=False|dte=30|long_delta=0.55|mom=20|short_delta=0.3|sma=50
debit_momentum,is_default,AMZN,2019-12-02,2019-12-05,-209.5785,-0.500382,stop,2,418.84,debit,0,debit_momentum|cheap_iv=False|dte=30|long_delta=0.55|mom=20|short_delta=0.3|sma=50
debit_momentum,is_default,IWM,2019-11-15,2019-12-06,223.8573,0.636021,target,2,351.97,debit,0,debit_momentum|cheap_iv=False|dte=30|long_delta=0.55|mom=20|short_delta=0.3|sma=50
debit_momentum,is_default,GOOGL,2019-11-22,2019-12-13,146.5122,0.415464,time,3,352.65,debit,0,debit_momentum|cheap_iv=False|dte=30|long_delta=0.55|mom=20|short_delta=0.3|sma=50
debit_momentum,is_default,MSFT,2019-12-03,2019-12-13,286.3720,0.670761,target,2,426.94,debit,0,debit_momentum|cheap_iv=False|dte=30|long_delta=0.55|mom=20|short_delta=0.3|sma=50
debit_momentum,is_default,AAPL,2019-12-05,2019-12-16,284.7121,0.661727,target,2,430.26,debit,0,debit_momentum|cheap_iv=False|dte=30|long_delta=0.55|mom=20|short_delta=0.3|sma=50
debit_momentum,is_default,AMZN,2019-12-06,2019-12-18,-119.3438,-0.500335,stop,1,238.53,debit,0,debit_momentum|cheap_iv=False|dte=30|long_delta=0.55|mom=20|short_delta=0.3|sma=50
debit_momentum,is_default,META,2019-12-03,2019-12-23,289.5608,0.688253,target,1,420.72,debit,0,debit_momentum|cheap_iv=False|dte=30|long_delta=0.55|mom=20|short_delta=0.3|sma=50
debit_momentum,is_default,QQQ,2019-12-13,2019-12-26,170.7854,0.661269,target,1,258.27,debit,0,debit_momentum|cheap_iv=False|dte=30|long_delta=0.55|mom=20|short_delta=0.3|sma=50
debit_momentum,is_default,AAPL,2019-12-18,2020-01-02,204.1185,0.598092,target,3,341.28,debit,0,debit_momentum|cheap_iv=False|dte=30|long_delta=0.55|mom=20|short_delta=0.3|sma=50
debit_momentum,is_default,IWM,2019-12-13,2020-01-03,28.7025,0.064791,time,2,443.00,debit,0,debit_momentum|cheap_iv=False|dte=30|long_delta=0.55|mom=20|short_delta=0.3|sma=50
debit_momentum,is_default,GOOGL,2019-12-16,2020-01-09,202.2157,0.585982,target,3,345.09,debit,0,debit_momentum|cheap_iv=False|dte=30|long_delta=0.55|mom=20|short_delta=0.3|sma=50
debit_momentum,is_default,META,2019-12-26,2020-01-10,283.0004,0.652316,target,1,433.84,debit,0,debit_momentum|cheap_iv=False|dte=30|long_delta=0.55|mom=20|short_delta=0.3|sma=50
debit_momentum,is_default,AMZN,2019-12-23,2020-01-13,285.5753,0.666906,target,4,428.21,debit,0,debit_momentum|cheap_iv=False|dte=30|long_delta=0.55|mom=20|short_delta=0.3|sma=50
debit_momentum,is_default,QQQ,2020-01-03,2020-01-13,159.8514,0.570618,target,1,280.14,debit,0,debit_momentum|cheap_iv=False|dte=30|long_delta=0.55|mom=20|short_delta=0.3|sma=50
debit_momentum,is_default,MSFT,2020-01-02,2020-01-16,129.1904,0.535040,target,1,241.46,debit,0,debit_momentum|cheap_iv=False|dte=30|long_delta=0.55|mom=20|short_delta=0.3|sma=50
debit_momentum,is_default,IWM,2020-01-13,2020-01-17,136.7591,0.604269,target,1,226.32,debit,0,debit_momentum|cheap_iv=False|dte=30|long_delta=0.55|mom=20|short_delta=0.3|sma=50
debit_momentum,is_default,MSFT,2020-01-17,2020-01-27,-196.6070,-0.644419,stop_gap,1,305.09,debit,0,debit_momentum|cheap_iv=False|dte=30|long_delta=0.55|mom=20|short_delta=0.3|sma=50
debit_momentum,is_default,AAPL,2020-01-09,2020-01-29,291.4551,0.699857,target,4,416.45,debit,0,debit_momentum|cheap_iv=False|dte=30|long_delta=0.55|mom=20|short_delta=0.3|sma=50
debit_momentum,is_default,META,2020-01-29,2020-01-30,-329.8044,-0.729745,stop_gap,1,451.94,debit,0,debit_momentum|cheap_iv=False|dte=30|long_delta=0.55|mom=20|short_delta=0.3|sma=50
debit_momentum,is_default,GOOGL,2020-01-10,2020-01-31,-32.3630,-0.138629,time,1,233.45,debit,0,debit_momentum|cheap_iv=False|dte=30|long_delta=0.55|mom=20|short_delta=0.3|sma=50
debit_momentum,is_default,SPY,2020-01-13,2020-01-31,-180.8055,-0.500221,stop,1,361.45,debit,0,debit_momentum|cheap_iv=False|dte=30|long_delta=0.55|mom=20|short_delta=0.3|sma=50
debit_momentum,is_default,AMZN,2020-01-16,2020-01-31,206.8177,0.615154,target,1,336.20,debit,0,debit_momentum|cheap_iv=False|dte=30|long_delta=0.55|mom=20|short_delta=0.3|sma=50
debit_momentum,is_default,AAPL,2020-01-30,2020-02-03,-210.9929,-0.500379,stop,2,421.67,debit,0,debit_momentum|cheap_iv=False|dte=30|long_delta=0.55|mom=20|short_delta=0.3|sma=50
debit_momentum,is_default,QQQ,2020-01-27,2020-02-04,195.8899,0.635882,target,1,308.06,debit,0,debit_momentum|cheap_iv=False|dte=30|long_delta=0.55|mom=20|short_delta=0.3|sma=50
debit_momentum,is_default,TSLA,2020-01-31,2020-02-04,373.7069,0.826299,target,2,452.27,debit,0,debit_momentum|cheap_iv=False|dte=30|long_delta=0.55|mom=20|short_delta=0.3|sma=50
debit_momentum,is_default,MSFT,2020-01-31,2020-02-05,274.1498,0.607144,target,1,451.54,debit,0,debit_momentum|cheap_iv=False|dte=30|long_delta=0.55|mom=20|short_delta=0.3|sma=50
debit_momentum,is_default,IWM,2020-01-31,2020-02-06,-138.4788,-0.560657,stop_gap,1,246.99,debit,0,debit_momentum|cheap_iv=False|dte=30|long_delta=0.55|mom=20|short_delta=0.3|sma=50
debit_momentum,is_default,AMZN,2020-02-03,2020-02-11,213.5492,0.661673,target,1,322.74,debit,0,debit_momentum|cheap_iv=False|dte=30|long_delta=0.55|mom=20|short_delta=0.3|sma=50
debit_momentum,is_default,AAPL,2020-02-04,2020-02-24,-265.6349,-0.826855,stop_gap,1,321.26,debit,0,debit_momentum|cheap_iv=False|dte=30|long_delta=0.55|mom=20|short_delta=0.3|sma=50
debit_momentum,is_default,GOOGL,2020-02-04,2020-02-24,-270.1205,-0.664048,stop_gap,2,406.78,debit,0,debit_momentum|cheap_iv=False|dte=30|long_delta=0.55|mom=20|short_delta=0.3|sma=50
debit_momentum,is_default,QQQ,2020-02-05,2020-02-24,-294.8382,-0.826813,stop_gap,1,356.60,debit,0,debit_momentum|cheap_iv=False|dte=30|long_delta=0.55|mom=20|short_delta=0.3|sma=50
debit_momentum,is_default,MSFT,2020-02-06,2020-02-24,-312.4888,-0.929791,stop_gap,1,336.08,debit,0,debit_momentum|cheap_iv=False|dte=30|long_delta=0.55|mom=20|short_delta=0.3|sma=50
debit_momentum,is_default,IWM,2020-02-11,2020-02-24,-297.4549,-0.657819,stop_gap,2,452.18,debit,0,debit_momentum|cheap_iv=False|dte=30|long_delta=0.55|mom=20|short_delta=0.3|sma=50
debit_momentum,is_default,SPY,2020-02-24,2020-02-27,-256.4036,-0.584658,stop_gap,1,438.55,debit,0,debit_momentum|cheap_iv=False|dte=30|long_delta=0.55|mom=20|short_delta=0.3|sma=50
debit_momentum,is_default,IWM,2020-02-25,2020-02-27,206.5560,0.720390,target,1,286.73,debit,0,debit_momentum|cheap_iv=False|dte=30|long_delta=0.55|mom=20|short_delta=0.3|sma=50
debit_momentum,is_default,AMZN,2020-02-24,2020-02-28,-154.9252,-0.506858,stop_gap,1,305.66,debit,0,debit_momentum|cheap_iv=False|dte=30|long_delta=0.55|mom=20|short_delta=0.3|sma=50
debit_momentum,is_default,AAPL,2020-02-25,2020-02-28,209.1397,0.630774,target,1,331.56,debit,0,debit_momentum|cheap_iv=False|dte=30|long_delta=0.55|mom=20|short_delta=0.3|sma=50
debit_momentum,is_default,GOOGL,2020-02-25,2020-02-28,289.9552,0.690748,target,2,419.77,debit,0,debit_momentum|cheap_iv=False|dte=30|long_delta=0.55|mom=20|short_delta=0.3|sma=50
debit_momentum,is_default,GOOGL,2020-03-02,2020-03-09,205.0901,0.603810,target,1,339.66,debit,0,debit_momentum|cheap_iv=False|dte=30|long_delta=0.55|mom=20|short_delta=0.3|sma=50
debit_momentum,is_default,IWM,2020-03-03,2020-03-09,285.9776,0.668352,target,1,427.88,debit,0,debit_momentum|cheap_iv=False|dte=30|long_delta=0.55|mom=20|short_delta=0.3|sma=50
debit_momentum,is_default,NVDA,2020-02-28,2020-03-12,-275.8007,-0.634555,stop_gap,10,434.64,debit,0,debit_momentum|cheap_iv=False|dte=30|long_delta=0.55|mom=20|short_delta=0.3|sma=50
debit_momentum,is_default,TSLA,2020-02-28,2020-03-12,-220.4519,-0.600050,stop_gap,1,367.39,debit,0,debit_momentum|cheap_iv=False|dte=30|long_delta=0.55|mom=20|short_delta=0.3|sma=50
debit_momentum,is_default,GOOGL,2020-03-10,2020-03-12,207.9642,0.622812,target,1,333.91,debit,0,debit_momentum|cheap_iv=False|dte=30|long_delta=0.55|mom=20|short_delta=0.3|sma=50
debit_momentum,is_default,AAPL,2020-03-02,2020-03-16,206.6638,0.614134,target,1,336.51,debit,0,debit_momentum|cheap_iv=False|dte=30|long_delta=0.55|mom=20|short_delta=0.3|sma=50
debit_momentum,is_default,TSLA,2020-03-16,2020-03-18,128.1480,0.526180,target,1,243.54,debit,0,debit_momentum|cheap_iv=False|dte=30|long_delta=0.55|mom=20|short_delta=0.3|sma=50
debit_momentum,is_default,AMZN,2020-03-09,2020-03-20,-154.1531,-0.500260,stop,1,308.15,debit,0,debit_momentum|cheap_iv=False|dte=30|long_delta=0.55|mom=20|short_delta=0.3|sma=50
debit_momentum,is_default,TSLA,2020-03-19,2020-03-20,-128.7549,-0.500311,stop,1,257.35,debit,0,debit_momentum|cheap_iv=False|dte=30|long_delta=0.55|mom=20|short_delta=0.3|sma=50
debit_momentum,is_default,GOOGL,2020-03-13,2020-03-23,184.9465,0.486769,target,1,379.95,debit,0,debit_momentum|cheap_iv=False|dte=30|long_delta=0.55|mom=20|short_delta=0.3|sma=50
debit_momentum,is_default,NVDA,2020-03-13,2020-03-24,-218.1231,-0.501471,stop,8,434.97,debit,0,debit_momentum|cheap_iv=False|dte=30|long_delta=0.55|mom=20|short_delta=0.3|sma=50
debit_momentum,is_default,AAPL,2020-03-23,2020-03-31,-185.0947,-0.500216,stop,1,370.03,debit,0,debit_momentum|cheap_iv=False|dte=30|long_delta=0.55|mom=20|short_delta=0.3|sma=50
debit_momentum,is_default,TSLA,2020-03-23,2020-03-31,-161.8158,-0.500247,stop,1,323.47,debit,0,debit_momentum|cheap_iv=False|dte=30|long_delta=0.55|mom=20|short_delta=0.3|sma=50
debit_momentum,is_default,GOOGL,2020-03-24,2020-04-07,-178.7508,-0.524401,stop_gap,1,340.87,debit,0,debit_momentum|cheap_iv=False|dte=30|long_delta=0.55|mom=20|short_delta=0.3|sma=50
debit_momentum,is_default,AMZN,2020-03-24,2020-04-09,-216.9274,-0.500184,stop,1,433.69,debit,0,debit_momentum|cheap_iv=False|dte=30|long_delta=0.55|mom=20|short_delta=0.3|sma=50
debit_momentum,is_default,TSLA,2020-04-01,2020-04-13,-186.0897,-0.500215,stop,1,372.02,debit,0,debit_momentum|cheap_iv=False|dte=30|long_delta=0.55|mom=20|short_delta=0.3|sma=50
debit_momentum,is_default,AAPL,2020-04-02,2020-04-13,-200.0489,-0.560949,stop_gap,1,356.63,debit,0,debit_momentum|cheap_iv=False|dte=30|long_delta=0.55|mom=20|short_delta=0.3|sma=50
debit_momentum,is_default,NVDA,2020-03-25,2020-04-14,-224.8805,-0.532761,stop_gap,7,422.10,debit,0,debit_momentum|cheap_iv=False|dte=30|long_delta=0.55|mom=20|short_delta=0.3|sma=50
debit_momentum,is_default,AMZN,2020-04-13,2020-04-14,286.3873,0.670593,target,1,427.07,debit,0,debit_momentum|cheap_iv=False|dte=30|long_delta=0.55|mom=20|short_delta=0.3|sma=50
debit_momentum,is_default,AMZN,2020-04-15,2020-04-16,218.5608,0.698906,target,1,312.72,debit,0,debit_momentum|cheap_iv=False|dte=30|long_delta=0.55|mom=20|short_delta=0.3|sma=50
debit_momentum,is_default,GOOGL,2020-04-08,2020-04-17,-188.9040,-0.540700,stop_gap,1,349.37,debit,0,debit_momentum|cheap_iv=False|dte=30|long_delta=0.55|mom=20|short_delta=0.3|sma=50
debit_momentum,is_default,NVDA,2020-04-15,2020-04-21,-215.3107,-0.501865,stop,10,429.02,debit,0,debit_momentum|cheap_iv=False|dte=30|long_delta=0.55|mom=20|short_delta=0.3|sma=50
debit_momentum,is_default,AMZN,2020-04-17,2020-04-28,-164.3405,-0.500244,stop,1,328.52,debit,0,debit_momentum|cheap_iv=False|dte=30|long_delta=0.55|mom=20|short_delta=0.3|sma=50
debit_momentum,is_default,AAPL,2020-04-14,2020-04-30,-176.2684,-0.500227,stop,1,352.38,debit,0,debit_momentum|cheap_iv=False|dte=30|long_delta=0.55|mom=20|short_delta=0.3|sma=50
debit_momentum,is_default,TSLA,2020-04-14,2020-04-30,360.7060,0.953170,target,1,378.43,debit,0,debit_momentum|cheap_iv=False|dte=30|long_delta=0.55|mom=20|short_delta=0.3|sma=50
debit_momentum,is_default,IWM,2020-04-30,2020-05-01,-188.6385,-0.500212,stop,1,377.12,debit,0,debit_momentum|cheap_iv=False|dte=30|long_delta=0.55|mom=20|short_delta=0.3|sma=50
debit_momentum,is_default,GOOGL,2020-04-20,2020-05-08,136.6491,0.603196,target,1,226.54,debit,0,debit_momentum|cheap_iv=False|dte=30|long_delta=0.55|mom=20|short_delta=0.3|sma=50
debit_momentum,is_default,AAPL,2020-05-01,2020-05-08,129.9970,0.542002,target,1,239.85,debit,0,debit_momentum|cheap_iv=False|dte=30|long_delta=0.55|mom=20|short_delta=0.3|sma=50
debit_momentum,is_default,NVDA,2020-04-22,2020-05-11,286.6411,0.674263,target,10,425.12,debit,0,debit_momentum|cheap_iv=False|dte=30|long_delta=0.55|mom=20|short_delta=0.3|sma=50
debit_momentum,is_default,IWM,2020-05-08,2020-05-13,-208.3093,-0.500192,stop,1,416.46,debit,0,debit_momentum|cheap_iv=False|dte=30|long_delta=0.55|mom=20|short_delta=0.3|sma=50
debit_momentum,is_default,AMZN,2020-04-29,2020-05-19,207.3854,0.618933,target,1,335.07,debit,0,debit_momentum|cheap_iv=False|dte=30|long_delta=0.55|mom=20|short_delta=0.3|sma=50
debit_momentum,is_default,TSLA,2020-05-01,2020-05-22,122.2522,0.418291,time,1,292.27,debit,0,debit_momentum|cheap_iv=False|dte=30|long_delta=0.55|mom=20|short_delta=0.3|sma=50
debit_momentum,is_default,AMZN,2020-05-20,2020-05-27,-216.8985,-0.500184,stop,1,433.64,debit,0,debit_momentum|cheap_iv=False|dte=30|long_delta=0.55|mom=20|short_delta=0.3|sma=50
debit_momentum,is_default,AAPL,2020-05-11,2020-06-03,276.6401,0.620158,target,4,446.08,debit,0,debit_momentum|cheap_iv=False|dte=30|long_delta=0.55|mom=20|short_delta=0.3|sma=50
debit_momentum,is_default,IWM,2020-05-22,2020-06-03,285.5964,0.666274,target,1,428.65,debit,0,debit_momentum|cheap_iv=False|dte=30|long_delta=0.55|mom=20|short_delta=0.3|sma=50
debit_momentum,is_default,GOOGL,2020-05-11,2020-06-05,131.1289,0.420320,time,1,311.97,debit,0,debit_momentum|cheap_iv=False|dte=30|long_delta=0.55|mom=20|short_delta=0.3|sma=50
debit_momentum,is_default,NVDA,2020-05-13,2020-06-05,299.1977,0.747985,target,10,400.00,debit,0,debit_momentum|cheap_iv=False|dte=30|long_delta=0.55|mom=20|short_delta=0.3|sma=50
debit_momentum,is_default,MSFT,2020-05-27,2020-06-09,294.3244,0.715785,target,1,411.19,debit,0,debit_momentum|cheap_iv=False|dte=30|long_delta=0.55|mom=20|short_delta=0.3|sma=50
debit_momentum,is_default,AMZN,2020-06-03,2020-06-09,134.6824,0.584368,target,1,230.48,debit,0,debit_momentum|cheap_iv=False|dte=30|long_delta=0.55|mom=20|short_delta=0.3|sma=50
debit_momentum,is_default,AAPL,2020-06-05,2020-06-09,182.5131,0.474684,target,3,384.49,debit,0,debit_momentum|cheap_iv=False|dte=30|long_delta=0.55|mom=20|short_delta=0.3|sma=50
debit_momentum,is_default,TSLA,2020-06-03,2020-06-10,213.7641,0.663222,target,1,322.31,debit,0,debit_momentum|cheap_iv=False|dte=30|long_delta=0.55|mom=20|short_delta=0.3|sma=50
debit_momentum,is_default,IWM,2020-06-05,2020-06-11,-253.5592,-0.666617,stop_gap,1,380.37,debit,0,debit_momentum|cheap_iv=False|dte=30|long_delta=0.55|mom=20|short_delta=0.3|sma=50
debit_momentum,is_default,GOOGL,2020-06-09,2020-06-11,-218.5447,-0.500733,stop,4,436.45,debit,0,debit_momentum|cheap_iv=False|dte=30|long_delta=0.55|mom=20|short_delta=0.3|sma=50
debit_momentum,is_default,AMZN,2020-06-10,2020-06-11,-213.4943,-0.500375,stop,2,426.67,debit,0,debit_momentum|cheap_iv=False|dte=30|long_delta=0.55|mom=20|short_delta=0.3|sma=50
debit_momentum,is_default,NVDA,2020-06-11,2020-06-12,-220.3104,-0.501639,stop,9,439.18,debit,0,debit_momentum|cheap_iv=False|dte=30|long_delta=0.55|mom=20|short_delta=0.3|sma=50
debit_momentum,is_default,AAPL,2020-06-10,2020-06-15,-231.1351,-0.529567,stop_gap,4,436.46,debit,0,debit_momentum|cheap_iv=False|dte=30|long_delta=0.55|mom=20|short_delta=0.3|sma=50
debit_momentum,is_default,AMZN,2020-06-12,2020-06-15,-153.1450,-0.500261,stop,1,306.13,debit,0,debit_momentum|cheap_iv=False|dte=30|long_delta=0.55|mom=20|short_delta=0.3|sma=50
debit_momentum,is_default,MSFT,2020-06-10,2020-06-23,206.1552,0.610777,target,1,337.53,debit,0,debit_momentum|cheap_iv=False|dte=30|long_delta=0.55|mom=20|short_delta=0.3|sma=50
debit_momentum,is_default,GOOGL,2020-06-12,2020-06-26,-114.7876,-0.500349,stop,1,229.42,debit,0,debit_momentum|cheap_iv=False|dte=30|long_delta=0.55|mom=20|short_delta=0.3|sma=50
debit_momentum,is_default,TSLA,2020-06-11,2020-07-01,302.8421,0.768331,target,1,394.16,debit,0,debit_momentum|cheap_iv=False|dte=30|long_delta=0.55|mom=20|short_delta=0.3|sma=50
debit_momentum,is_default,AMZN,2020-06-23,2020-07-01,210.8963,0.642884,target,1,328.05,debit,0,debit_momentum|cheap_iv=False|dte=30|long_delta=0.55|mom=20|short_delta=0.3|sma=50
debit_momentum,is_default,GOOGL,2020-06-29,2020-07-01,-116.3939,-0.500344,stop,1,232.63,debit,0,debit_momentum|cheap_iv=False|dte=30|long_delta=0.55|mom=20|short_delta=0.3|sma=50
debit_momentum,is_default,AAPL,2020-06-16,2020-07-06,285.4455,0.665702,target,2,428.79,debit,0,debit_momentum|cheap_iv=False|dte=30|long_delta=0.55|mom=20|short_delta=0.3|sma=50
debit_momentum,is_default,NVDA,2020-06-15,2020-07-07,300.3366,0.755133,target,10,397.73,debit,0,debit_momentum|cheap_iv=False|dte=30|long_delta=0.55|mom=20|short_delta=0.3|sma=50
debit_momentum,is_default,AMZN,2020-07-02,2020-07-09,217.0656,0.687550,target,1,315.71,debit,0,debit_momentum|cheap_iv=False|dte=30|long_delta=0.55|mom=20|short_delta=0.3|sma=50
debit_momentum,is_default,TSLA,2020-07-06,2020-07-10,305.9074,0.788370,target,1,388.03,debit,0,debit_momentum|cheap_iv=False|dte=30|long_delta=0.55|mom=20|short_delta=0.3|sma=50
debit_momentum,is_default,GOOGL,2020-07-02,2020-07-13,198.7491,0.564593,target,3,352.02,debit,0,debit_momentum|cheap_iv=False|dte=30|long_delta=0.55|mom=20|short_delta=0.3|sma=50
debit_momentum,is_default,MSFT,2020-07-09,2020-07-13,-224.0629,-0.500179,stop,1,447.97,debit,0,debit_momentum|cheap_iv=False|dte=30|long_delta=0.55|mom=20|short_delta=0.3|sma=50
debit_momentum,is_default,AMZN,2020-07-10,2020-07-16,-225.0772,-0.500178,stop,1,449.99,debit,0,debit_momentum|cheap_iv=False|dte=30|long_delta=0.55|mom=20|short_delta=0.3|sma=50
debit_momentum,is_default,IWM,2020-07-01,2020-07-24,32.6527,0.075607,time,1,431.87,debit,0,debit_momentum|cheap_iv=False|dte=30|long_delta=0.55|mom=20|short_delta=0.3|sma=50
debit_momentum,is_default,AAPL,2020-07-07,2020-07-24,-119.1522,-0.500336,stop,1,238.14,debit,0,debit_momentum|cheap_iv=False|dte=30|long_delta=0.55|mom=20|short_delta=0.3|sma=50
debit_momentum,is_default,NVDA,2020-07-14,2020-07-24,-206.4883,-0.501750,stop,9,411.54,debit,0,debit_momentum|cheap_iv=False|dte=30|long_delta=0.55|mom=20|short_delta=0.3|sma=50
debit_momentum,is_default,GOOGL,2020-07-14,2020-07-31,-207.8901,-0.500385,stop,2,415.46,debit,0,debit_momentum|cheap_iv=False|dte=30|long_delta=0.55|mom=20|short_delta=0.3|sma=50
debit_momentum,is_default,AAPL,2020-07-27,2020-07-31,210.6575,0.641222,target,1,328.52,debit,0,debit_momentum|cheap_iv=False|dte=30|long_delta=0.55|mom=20|short_delta=0.3|sma=50
debit_momentum,is_default,MSFT,2020-07-16,2020-08-07,135.6577,0.312893,time,1,433.56,debit,0,debit_momentum|cheap_iv=False|dte=30|long_delta=0.55|mom=20|short_delta=0.3|sma=50
debit_momentum,is_default,IWM,2020-07-27,2020-08-07,257.1727,0.667124,target,1,385.49,debit,0,debit_momentum|cheap_iv=False|dte=30|long_delta=0.55|mom=20|short_delta=0.3|sma=50
debit_momentum,is_default,NVDA,2020-07-27,2020-08-17,226.4083,0.507934,target,9,445.74,debit,0,debit_momentum|cheap_iv=False|dte=30|long_delta=0.55|mom=20|short_delta=0.3|sma=50
debit_momentum,is_default,GOOGL,2020-08-03,2020-08-26,294.8252,0.719034,target,2,410.03,debit,0,debit_momentum|cheap_iv=False|dte=30|long_delta=0.55|mom=20|short_delta=0.3|sma=50
debit_momentum,is_default,NVDA,2020-08-18,2020-09-02,277.0746,0.622568,target,5,445.05,debit,0,debit_momentum|cheap_iv=False|dte=30|long_delta=0.55|mom=20|short_delta=0.3|sma=50
debit_momentum,is_default,IWM,2020-08-10,2020-09-03,-198.0866,-0.500202,stop,1,396.01,debit,0,debit_momentum|cheap_iv=False|dte=30|long_delta=0.55|mom=20|short_delta=0.3|sma=50
debit_momentum,is_default,NVDA,2020-09-03,2020-09-04,-194.7700,-0.501029,stop,5,388.74,debit,0,debit_momentum|cheap_iv=False|dte=30|long_delta=0.55|mom=20|short_delta=0.3|sma=50
debit_momentum,is_default,GOOGL,2020-08-27,2020-09-08,-265.5669,-0.629226,stop_gap,2,422.05,debit,0,debit_momentum|cheap_iv=False|dte=30|long_delta=0.55|mom=20|short_delta=0.3|sma=50
debit_momentum,is_default,GOOGL,2020-09-10,2020-09-17,-218.2222,-0.508183,stop_gap,2,429.42,debit,0,debit_momentum|cheap_iv=False|dte=30|long_delta=0.55|mom=20|short_delta=0.3|sma=50
debit_momentum,is_default,IWM,2020-09-09,2020-09-24,286.7822,0.672763,target,1,426.28,debit,0,debit_momentum|cheap_iv=False|dte=30|long_delta=0.55|mom=20|short_delta=0.3|sma=50
debit_momentum,is_default,IWM,2020-09-25,2020-09-30,-210.5439,-0.500190,stop,1,420.93,debit,0,debit_momentum|cheap_iv=False|dte=30|long_delta=0.55|mom=20|short_delta=0.3|sma=50
debit_momentum,is_default,NVDA,2020-09-08,2020-10-02,154.0350,0.345014,time,6,446.46,debit,0,debit_momentum|cheap_iv=False|dte=30|long_delta=0.55|mom=20|short_delta=0.3|sma=50
debit_momentum,is_default,IWM,2020-10-01,2020-10-06,-191.4066,-0.500209,stop,1,382.65,debit,0,debit_momentum|cheap_iv=False|dte=30|long_delta=0.55|mom=20|short_delta=0.3|sma=50
debit_momentum,is_default,GOOGL,2020-09-18,2020-10-09,-207.4828,-0.500386,stop,2,414.65,debit,0,debit_momentum|cheap_iv=False|dte=30|long_delta=0.55|mom=20|short_delta=0.3|sma=50
debit_momentum,is_default,GOOGL,2020-10-12,2020-10-23,-208.0261,-0.509872,stop_gap,2,408.00,debit,0,debit_momentum|cheap_iv=False|dte=30|long_delta=0.55|mom=20|short_delta=0.3|sma=50
debit_momentum,is_default,NVDA,2020-10-05,2020-10-26,-215.1642,-0.500931,stop,5,429.53,debit,0,debit_momentum|cheap_iv=False|dte=30|long_delta=0.55|mom=20|short_delta=0.3|sma=50
debit_momentum,is_default,IWM,2020-10-07,2020-10-28,-216.8227,-0.500185,stop,1,433.49,debit,0,debit_momentum|cheap_iv=False|dte=30|long_delta=0.55|mom=20|short_delta=0.3|sma=50
debit_momentum,is_default,AAPL,2020-10-12,2020-10-28,-202.8898,-0.500197,stop,1,405.62,debit,0,debit_momentum|cheap_iv=False|dte=30|long_delta=0.55|mom=20|short_delta=0.3|sma=50
debit_momentum,is_default,GOOGL,2020-10-26,2020-11-09,221.9946,0.725827,target,1,305.85,debit,0,debit_momentum|cheap_iv=False|dte=30|long_delta=0.55|mom=20|short_delta=0.3|sma=50
debit_momentum,is_default,IWM,2020-11-05,2020-11-09,257.1563,0.667025,target,1,385.53,debit,0,debit_momentum|cheap_iv=False|dte=30|long_delta=0.55|mom=20|short_delta=0.3|sma=50
debit_momentum,is_default,NVDA,2020-10-27,2020-11-10,-216.9551,-0.500924,stop,5,433.11,debit,0,debit_momentum|cheap_iv=False|dte=30|long_delta=0.55|mom=20|short_delta=0.3|sma=50
debit_momentum,is_default,IWM,2020-11-10,2020-11-23,254.9396,0.653757,target,1,389.96,debit,0,debit_momentum|cheap_iv=False|dte=30|long_delta=0.55|mom=20|short_delta=0.3|sma=50
debit_momentum,is_default,AAPL,2020-11-16,2020-11-24,-213.0031,-0.500188,stop,1,425.85,debit,0,debit_momentum|cheap_iv=False|dte=30|long_delta=0.55|mom=20|short_delta=0.3|sma=50
debit_momentum,is_default,AAPL,2020-11-25,2020-12-01,-164.8622,-0.500243,stop,1,329.56,debit,0,debit_momentum|cheap_iv=False|dte=30|long_delta=0.55|mom=20|short_delta=0.3|sma=50
debit_momentum,is_default,GOOGL,2020-11-10,2020-12-03,209.2313,0.631399,target,1,331.38,debit,0,debit_momentum|cheap_iv=False|dte=30|long_delta=0.55|mom=20|short_delta=0.3|sma=50
debit_momentum,is_default,NVDA,2020-11-11,2020-12-04,-185.5385,-0.441585,time,4,420.17,debit,0,debit_momentum|cheap_iv=False|dte=30|long_delta=0.55|mom=20|short_delta=0.3|sma=50
debit_momentum,is_default,MSFT,2020-11-25,2020-12-10,-216.4331,-0.500185,stop,1,432.71,debit,0,debit_momentum|cheap_iv=False|dte=30|long_delta=0.55|mom=20|short_delta=0.3|sma=50
debit_momentum,is_default,GOOGL,2020-12-04,2020-12-10,-113.9176,-0.500351,stop,1,227.68,debit,0,debit_momentum|cheap_iv=False|dte=30|long_delta=0.55|mom=20|short_delta=0.3|sma=50
debit_momentum,is_default,IWM,2020-11-24,2020-12-14,285.9526,0.668216,target,1,427.93,debit,0,debit_momentum|cheap_iv=False|dte=30|long_delta=0.55|mom=20|short_delta=0.3|sma=50
debit_momentum,is_default,GOOGL,2020-12-11,2020-12-21,-217.3334,-0.500368,stop,2,434.35,debit,0,debit_momentum|cheap_iv=False|dte=30|long_delta=0.55|mom=20|short_delta=0.3|sma=50
debit_momentum,is_default,MSFT,2020-12-14,2020-12-21,-210.8032,-0.500190,stop,1,421.45,debit,0,debit_momentum|cheap_iv=False|dte=30|long_delta=0.55|mom=20|short_delta=0.3|sma=50
debit_momentum,is_default,AAPL,2020-12-02,2020-12-22,282.3970,0.649120,target,1,435.05,debit,0,debit_momentum|cheap_iv=False|dte=30|long_delta=0.55|mom=20|short_delta=0.3|sma=50
debit_momentum,is_default,AMZN,2020-12-11,2020-12-28,-184.1580,-0.550641,stop_gap,1,334.44,debit,0,debit_momentum|cheap_iv=False|dte=30|long_delta=0.55|mom=20|short_delta=0.3|sma=50
debit_momentum,is_default,NVDA,2020-12-09,2021-01-04,-192.4310,-0.500833,stop,4,384.22,debit,0,debit_momentum|cheap_iv=False|dte=30|long_delta=0.55|mom=20|short_delta=0.3|sma=50
debit_momentum,is_default,MSFT,2020-12-28,2021-01-04,-210.7994,-0.500190,stop,1,421.44,debit,0,debit_momentum|cheap_iv=False|dte=30|long_delta=0.55|mom=20|short_delta=0.3|sma=50
debit_momentum,is_default,GOOGL,2020-12-30,2021-01-06,-226.9680,-0.504448,stop_gap,2,449.93,debit,0,debit_momentum|cheap_iv=False|dte=30|long_delta=0.55|mom=20|short_delta=0.3|sma=50
debit_momentum,is_default,NVDA,2021-01-07,2021-01-11,-219.4672,-0.501646,stop,9,437.49,debit,0,debit_momentum|cheap_iv=False|dte=30|long_delta=0.55|mom=20|short_delta=0.3|sma=50
debit_momentum,is_default,NVDA,2021-01-12,2021-01-15,-222.9953,-0.501079,stop,6,445.03,debit,0,debit_momentum|cheap_iv=False|dte=30|long_delta=0.55|mom=20|short_delta=0.3|sma=50
debit_momentum,is_default,GOOGL,2021-01-07,2021-01-20,-212.4613,-0.500377,stop,2,424.60,debit,0,debit_momentum|cheap_iv=False|dte=30|long_delta=0.55|mom=20|short_delta=0.3|sma=50
debit_momentum,is_default,IWM,2021-01-08,2021-01-29,-182.0690,-0.418852,time,1,434.69,debit,0,debit_momentum|cheap_iv=False|dte=30|long_delta=0.55|mom=20|short_delta=0.3|sma=50
debit_momentum,is_default,NVDA,2021-01-19,2021-02-03,-210.7327,-0.500760,stop,4,420.83,debit,0,debit_momentum|cheap_iv=False|dte=30|long_delta=0.55|mom=20|short_delta=0.3|sma=50
debit_momentum,is_default,GOOGL,2021-01-21,2021-02-03,221.7089,0.723541,target,1,306.42,debit,0,debit_momentum|cheap_iv=False|dte=30|long_delta=0.55|mom=20|short_delta=0.3|sma=50
debit_momentum,is_default,NVDA,2021-02-04,2021-02-16,214.7842,0.580825,target,4,369.79,debit,0,debit_momentum|cheap_iv=False|dte=30|long_delta=0.55|mom=20|short_delta=0.3|sma=50
debit_momentum,is_default,AAPL,2021-02-08,2021-02-18,-218.5169,-0.511933,stop_gap,1,426.85,debit,0,debit_momentum|cheap_iv=False|dte=30|long_delta=0.55|mom=20|short_delta=0.3|sma=50
debit_momentum,is_default,AMZN,2021-02-05,2021-02-22,-300.6057,-0.703289,stop_gap,1,427.43,debit,0,debit_momentum|cheap_iv=False|dte=30|long_delta=0.55|mom=20|short_delta=0.3|sma=50
debit_momentum,is_default,MSFT,2021-02-10,2021-02-22,-242.7589,-0.557462,stop_gap,1,435.47,debit,0,debit_momentum|cheap_iv=False|dte=30|long_delta=0.55|mom=20|short_delta=0.3|sma=50
debit_momentum,is_default,NVDA,2021-02-17,2021-02-22,-201.0528,-0.501597,stop,8,400.83,debit,0,debit_momentum|cheap_iv=False|dte=30|long_delta=0.55|mom=20|short_delta=0.3|sma=50
debit_momentum,is_default,GOOGL,2021-02-04,2021-02-23,-203.0838,-0.500197,stop,1,406.01,debit,0,debit_momentum|cheap_iv=False|dte=30|long_delta=0.55|mom=20|short_delta=0.3|sma=50
debit_momentum,is_default,AAPL,2021-02-19,2021-02-23,286.9441,0.673654,target,1,425.95,debit,0,debit_momentum|cheap_iv=False|dte=30|long_delta=0.55|mom=20|short_delta=0.3|sma=50
debit_momentum,is_default,NVDA,2021-02-23,2021-02-25,-200.1940,-0.501001,stop,5,399.59,debit,0,debit_momentum|cheap_iv=False|dte=30|long_delta=0.55|mom=20|short_delta=0.3|sma=50
debit_momentum,is_default,NVDA,2021-03-01,2021-03-03,-198.3149,-0.501011,stop,5,395.83,debit,0,debit_momentum|cheap_iv=False|dte=30|long_delta=0.55|mom=20|short_delta=0.3|sma=50
debit_momentum,is_default,AMZN,2021-02-25,2021-03-05,281.9613,0.646823,target,1,435.92,debit,0,debit_momentum|cheap_iv=False|dte=30|long_delta=0.55|mom=20|short_delta=0.3|sma=50
debit_momentum,is_default,AMZN,2021-03-08,2021-03-17,-201.8833,-0.500198,stop,1,403.61,debit,0,debit_momentum|cheap_iv=False|dte=30|long_delta=0.55|mom=20|short_delta=0.3|sma=50
debit_momentum,is_default,AAPL,2021-02-24,2021-03-19,183.9644,0.438219,time,1,419.80,debit,0,debit_momentum|cheap_iv=False|dte=30|long_delta=0.55|mom=20|short_delta=0.3|sma=50
debit_momentum,is_default,GOOGL,2021-02-24,2021-03-19,-212.2965,-0.500188,stop,1,424.43,debit,0,debit_momentum|cheap_iv=False|dte=30|long_delta=0.55|mom=20|short_delta=0.3|sma=50
debit_momentum,is_default,MSFT,2021-02-24,2021-03-19,-108.1537,-0.249712,time,1,433.11,debit,0,debit_momentum|cheap_iv=False|dte=30|long_delta=0.55|mom=20|short_delta=0.3|sma=50
debit_momentum,is_default,NVDA,2021-03-04,2021-03-26,-32.4634,-0.096685,time,3,335.76,debit,0,debit_momentum|cheap_iv=False|dte=30|long_delta=0.55|mom=20|short_delta=0.3|sma=50
debit_momentum,is_default,NVDA,2021-03-29,2021-04-01,-197.1110,-0.501629,stop,8,392.94,debit,0,debit_momentum|cheap_iv=False|dte=30|long_delta=0.55|mom=20|short_delta=0.3|sma=50
debit_momentum,is_default,AMZN,2021-03-18,2021-04-05,-212.1294,-0.515912,stop_gap,1,411.17,debit,0,debit_momentum|cheap_iv=False|dte=30|long_delta=0.55|mom=20|short_delta=0.3|sma=50
debit_momentum,is_default,AAPL,2021-03-22,2021-04-05,-213.2894,-0.500188,stop,1,426.42,debit,0,debit_momentum|cheap_iv=False|dte=30|long_delta=0.55|mom=20|short_delta=0.3|sma=50
debit_momentum,is_default,MSFT,2021-03-25,2021-04-05,283.8652,0.656929,target,1,432.11,debit,0,debit_momentum|cheap_iv=False|dte=30|long_delta=0.55|mom=20|short_delta=0.3|sma=50
debit_momentum,is_default,GOOGL,2021-03-26,2021-04-05,208.3778,0.625600,target,1,333.08,debit,0,debit_momentum|cheap_iv=False|dte=30|long_delta=0.55|mom=20|short_delta=0.3|sma=50
debit_momentum,is_default,AMZN,2021-04-06,2021-04-19,282.3421,0.648830,target,1,435.16,debit,0,debit_momentum|cheap_iv=False|dte=30|long_delta=0.55|mom=20|short_delta=0.3|sma=50
debit_momentum,is_default,GOOGL,2021-04-06,2021-04-28,213.4002,0.660601,target,1,323.04,debit,0,debit_momentum|cheap_iv=False|dte=30|long_delta=0.55|mom=20|short_delta=0.3|sma=50
debit_momentum,is_default,AAPL,2021-04-08,2021-04-29,204.5937,0.600593,target,1,340.65,debit,0,debit_momentum|cheap_iv=False|dte=30|long_delta=0.55|mom=20|short_delta=0.3|sma=50
debit_momentum,is_default,NVDA,2021-04-05,2021-04-30,102.7757,0.267688,time,5,383.94,debit,0,debit_momentum|cheap_iv=False|dte=30|long_delta=0.55|mom=20|short_delta=0.3|sma=50
debit_momentum,is_default,GOOGL,2021-04-29,2021-05-04,-217.3029,-0.500184,stop,1,434.45,debit,0,debit_momentum|cheap_iv=False|dte=30|long_delta=0.55|mom=20|short_delta=0.3|sma=50
debit_momentum,is_default,AMZN,2021-04-20,2021-05-10,-255.8260,-0.593093,stop_gap,1,431.34,debit,0,debit_momentum|cheap_iv=False|dte=30|long_delta=0.55|mom=20|short_delta=0.3|sma=50
debit_momentum,is_default,IWM,2021-04-30,2021-05-10,-219.6492,-0.500182,stop,1,439.14,debit,0,debit_momentum|cheap_iv=False|dte=30|long_delta=0.55|mom=20|short_delta=0.3|sma=50
debit_momentum,is_default,AAPL,2021-04-30,2021-05-11,-266.9902,-0.623625,stop_gap,1,428.13,debit,0,debit_momentum|cheap_iv=False|dte=30|long_delta=0.55|mom=20|short_delta=0.3|sma=50
debit_momentum,is_default,NVDA,2021-05-03,2021-05-11,-241.1269,-0.574105,stop_gap,5,420.01,debit,0,debit_momentum|cheap_iv=False|dte=30|long_delta=0.55|mom=20|short_delta=0.3|sma=50
debit_momentum,is_default,GOOGL,2021-05-05,2021-05-12,-209.1087,-0.500191,stop,1,418.06,debit,0,debit_momentum|cheap_iv=False|dte=30|long_delta=0.55|mom=20|short_delta=0.3|sma=50
debit_momentum,is_default,NVDA,2021-05-13,2021-05-21,-241.5154,-0.575238,stop_gap,4,419.85,debit,0,debit_momentum|cheap_iv=False|dte=30|long_delta=0.55|mom=20|short_delta=0.3|sma=50
debit_momentum,is_default,AAPL,2021-05-12,2021-05-24,-204.8847,-0.500195,stop,1,409.61,debit,0,debit_momentum|cheap_iv=False|dte=30|long_delta=0.55|mom=20|short_delta=0.3|sma=50
debit_momentum,is_default,AMZN,2021-05-17,2021-06-09,-213.0003,-0.500188,stop,1,425.84,debit,0,debit_momentum|cheap_iv=False|dte=30|long_delta=0.55|mom=20|short_delta=0.3|sma=50
debit_momentum,is_default,GOOGL,2021-05-21,2021-06-11,213.1523,0.658822,target,1,323.54,debit,0,debit_momentum|cheap_iv=False|dte=30|long_delta=0.55|mom=20|short_delta=0.3|sma=50
debit_momentum,is_default,MSFT,2021-06-02,2021-06-11,-212.6143,-0.500188,stop,1,425.07,debit,0,debit_momentum|cheap_iv=False|dte=30|long_delta=0.55|mom=20|short_delta=0.3|sma=50
debit_momentum,is_default,NVDA,2021-05-25,2021-06-14,254.6045,0.653920,target,9,389.35,debit,0,debit_momentum|cheap_iv=False|dte=30|long_delta=0.55|mom=20|short_delta=0.3|sma=50
debit_momentum,is_default,AAPL,2021-05-25,2021-06-17,-164.3484,-0.500244,stop,1,328.54,debit,0,debit_momentum|cheap_iv=False|dte=30|long_delta=0.55|mom=20|short_delta=0.3|sma=50
debit_momentum,is_default,IWM,2021-06-09,2021-06-17,-199.9716,-0.500200,stop,1,399.78,debit,0,debit_momentum|cheap_iv=False|dte=30|long_delta=0.55|mom=20|short_delta=0.3|sma=50
debit_momentum,is_default,IWM,2021-06-18,2021-06-25,249.1881,0.620699,target,1,401.46,debit,0,debit_momentum|cheap_iv=False|dte=30|long_delta=0.55|mom=20|short_delta=0.3|sma=50
debit_momentum,is_default,NVDA,2021-06-15,2021-07-01,295.0500,0.721218,target,5,409.10,debit,0,debit_momentum|cheap_iv=False|dte=30|long_delta=0.55|mom=20|short_delta=0.3|sma=50
debit_momentum,is_default,AMZN,2021-06-11,2021-07-02,217.9104,0.693940,target,1,314.02,debit,0,debit_momentum|cheap_iv=False|dte=30|long_delta=0.55|mom=20|short_delta=0.3|sma=50
debit_momentum,is_default,AAPL,2021-06-18,2021-07-02,213.0557,0.658130,target,1,323.73,debit,0,debit_momentum|cheap_iv=False|dte=30|long_delta=0.55|mom=20|short_delta=0.3|sma=50
debit_momentum,is_default,GOOGL,2021-06-14,2021-07-06,206.3435,0.612017,target,1,337.15,debit,0,debit_momentum|cheap_iv=False|dte=30|long_delta=0.55|mom=20|short_delta=0.3|sma=50
debit_momentum,is_default,IWM,2021-06-28,2021-07-06,-196.1475,-0.500204,stop,1,392.13,debit,0,debit_momentum|cheap_iv=False|dte=30|long_delta=0.55|mom=20|short_delta=0.3|sma=50
debit_momentum,is_default,MSFT,2021-07-01,2021-07-13,299.1257,0.744856,target,1,401.59,debit,0,debit_momentum|cheap_iv=False|dte=30|long_delta=0.55|mom=20|short_delta=0.3|sma=50
debit_momentum,is_default,AAPL,2021-07-06,2021-07-14,284.0761,0.658303,target,2,431.53,debit,0,debit_momentum|cheap_iv=False|dte=30|long_delta=0.55|mom=20|short_delta=0.3|sma=50
debit_momentum,is_default,NVDA,2021-07-02,2021-07-15,-186.9077,-0.500858,stop,4,373.18,debit,0,debit_momentum|cheap_iv=False|dte=30|long_delta=0.55|mom=20|short_delta=0.3|sma=50
debit_momentum,is_default,GOOGL,2021-07-07,2021-07-19,-199.6263,-0.500401,stop,2,398.93,debit,0,debit_momentum|cheap_iv=False|dte=30|long_delta=0.55|mom=20|short_delta=0.3|sma=50
debit_momentum,is_default,AAPL,2021-07-15,2021-07-19,-169.5044,-0.500236,stop,1,338.85,debit,0,debit_momentum|cheap_iv=False|dte=30|long_delta=0.55|mom=20|short_delta=0.3|sma=50
debit_momentum,is_default,NVDA,2021-07-16,2021-07-19,-221.6783,-0.527024,stop_gap,5,420.62,debit,0,debit_momentum|cheap_iv=False|dte=30|long_delta=0.55|mom=20|short_delta=0.3|sma=50
debit_momentum,is_default,GOOGL,2021-07-20,2021-07-23,221.2038,0.719520,target,1,307.43,debit,0,debit_momentum|cheap_iv=False|dte=30|long_delta=0.55|mom=20|short_delta=0.3|sma=50
debit_momentum,is_default,IWM,2021-07-15,2021-07-29,-206.5773,-0.500194,stop,1,412.99,debit,0,debit_momentum|cheap_iv=False|dte=30|long_delta=0.55|mom=20|short_delta=0.3|sma=50
debit_momentum,is_default,AAPL,2021-07-20,2021-08-13,196.5607,0.462196,time,1,425.28,debit,0,debit_momentum|cheap_iv=False|dte=30|long_delta=0.55|mom=20|short_delta=0.3|sma=50
debit_momentum,is_default,NVDA,2021-07-20,2021-08-13,151.9119,0.377396,time,5,402.53,debit,0,debit_momentum|cheap_iv=False|dte=30|long_delta=0.55|mom=20|short_delta=0.3|sma=50
debit_momentum,is_default,MSFT,2021-07-30,2021-08-16,290.2926,0.692401,target,1,419.25,debit,0,debit_momentum|cheap_iv=False|dte=30|long_delta=0.55|mom=20|short_delta=0.3|sma=50
debit_momentum,is_default,IWM,2021-07-30,2021-08-17,292.2803,0.703816,target,1,415.28,debit,0,debit_momentum|cheap_iv=False|dte=30|long_delta=0.55|mom=20|short_delta=0.3|sma=50
debit_momentum,is_default,NVDA,2021-08-16,2021-08-19,-207.5718,-0.500965,stop,5,414.34,debit,0,debit_momentum|cheap_iv=False|dte=30|long_delta=0.55|mom=20|short_delta=0.3|sma=50
debit_momentum,is_default,GOOGL,2021-07-26,2021-08-20,108.3810,0.335575,time,1,322.97,debit,0,debit_momentum|cheap_iv=False|dte=30|long_delta=0.55|mom=20|short_delta=0.3|sma=50
debit_momentum,is_default,AAPL,2021-08-16,2021-09-07,208.2547,0.624769,target,1,333.33,debit,0,debit_momentum|cheap_iv=False|dte=30|long_delta=0.55|mom=20|short_delta=0.3|sma=50
debit_momentum,is_default,NVDA,2021-08-20,2021-09-07,292.6597,0.707112,target,5,413.88,debit,0,debit_momentum|cheap_iv=False|dte=30|long_delta=0.55|mom=20|short_delta=0.3|sma=50
debit_momentum,is_default,MSFT,2021-08-20,2021-09-10,-212.9626,-0.500188,stop,1,425.77,debit,0,debit_momentum|cheap_iv=False|dte=30|long_delta=0.55|mom=20|short_delta=0.3|sma=50
debit_momentum,is_default,GOOGL,2021-08-23,2021-09-17,36.1884,0.112384,time,1,322.01,debit,0,debit_momentum|cheap_iv=False|dte=30|long_delta=0.55|mom=20|short_delta=0.3|sma=50
debit_momentum,is_default,IWM,2021-08-26,2021-09-17,-71.2712,-0.182576,time,1,390.36,debit,0,debit_momentum|cheap_iv=False|dte=30|long_delta=0.55|mom=20|short_delta=0.3|sma=50
debit_momentum,is_default,AMZN,2021-09-07,2021-09-20,-219.5014,-0.500182,stop,1,438.84,debit,0,debit_momentum|cheap_iv=False|dte=30|long_delta=0.55|mom=20|short_delta=0.3|sma=50
debit_momentum,is_default,NVDA,2021-09-08,2021-09-20,-212.1594,-0.543714,stop_gap,3,390.20,debit,0,debit_momentum|cheap_iv=False|dte=30|long_delta=0.55|mom=20|short_delta=0.3|sma=50
debit_momentum,is_default,AAPL,2021-09-17,2021-09-27,-216.5961,-0.500185,stop,1,433.03,debit,0,debit_momentum|cheap_iv=False|dte=30|long_delta=0.55|mom=20|short_delta=0.3|sma=50
debit_momentum,is_default,NVDA,2021-09-21,2021-10-01,-188.7783,-0.500636,stop,3,377.08,debit,0,debit_momentum|cheap_iv=False|dte=30|long_delta=0.55|mom=20|short_delta=0.3|sma=50
debit_momentum,is_default,GOOGL,2021-09-20,2021-10-04,-164.2923,-0.500244,stop,1,328.42,debit,0,debit_momentum|cheap_iv=False|dte=30|long_delta=0.55|mom=20|short_delta=0.3|sma=50
debit_momentum,is_default,AMZN,2021-09-27,2021-10-04,-169.7853,-0.500236,stop,1,339.41,debit,0,debit_momentum|cheap_iv=False|dte=30|long_delta=0.55|mom=20|short_delta=0.3|sma=50
debit_momentum,is_default,IWM,2021-09-28,2021-10-06,-216.8760,-0.500185,stop,1,433.59,debit,0,debit_momentum|cheap_iv=False|dte=30|long_delta=0.55|mom=20|short_delta=0.3|sma=50
debit_momentum,is_default,GOOGL,2021-10-06,2021-10-11,-210.1662,-0.500190,stop,1,420.17,debit,0,debit_momentum|cheap_iv=False|dte=30|long_delta=0.55|mom=20|short_delta=0.3|sma=50
debit_momentum,is_default,NVDA,2021-10-04,2021-10-14,-182.7542,-0.500877,stop,4,364.87,debit,0,debit_momentum|cheap_iv=False|dte=30|long_delta=0.55|mom=20|short_delta=0.3|sma=50
debit_momentum,is_default,AMZN,2021-10-05,2021-10-14,-206.8646,-0.500193,stop,1,413.57,debit,0,debit_momentum|cheap_iv=False|dte=30|long_delta=0.55|mom=20|short_delta=0.3|sma=50
debit_momentum,is_default,AAPL,2021-09-28,2021-10-15,-208.0124,-0.500192,stop,1,415.86,debit,0,debit_momentum|cheap_iv=False|dte=30|long_delta=0.55|mom=20|short_delta=0.3|sma=50
debit_momentum,is_default,AMZN,2021-10-15,2021-10-18,-155.1483,-0.500258,stop,1,310.14,debit,0,debit_momentum|cheap_iv=False|dte=30|long_delta=0.55|mom=20|short_delta=0.3|sma=50
debit_momentum,is_default,TSLA,2021-10-15,2021-10-18,293.7101,0.712163,target,1,412.42,debit,0,debit_momentum|cheap_iv=False|dte=30|long_delta=0.55|mom=20|short_delta=0.3|sma=50
debit_momentum,is_default,AAPL,2021-10-18,2021-10-19,-111.2426,-0.500360,stop,1,222.33,debit,0,debit_momentum|cheap_iv=False|dte=30|long_delta=0.55|mom=20|short_delta=0.3|sma=50
debit_momentum,is_default,IWM,2021-10-11,2021-10-21,-207.6374,-0.500193,stop,1,415.11,debit,0,debit_momentum|cheap_iv=False|dte=30|long_delta=0.55|mom=20|short_delta=0.3|sma=50
debit_momentum,is_default,AMZN,2021-10-19,2021-10-25,-174.6846,-0.500229,stop,1,349.21,debit,0,debit_momentum|cheap_iv=False|dte=30|long_delta=0.55|mom=20|short_delta=0.3|sma=50
debit_momentum,is_default,NVDA,2021-10-19,2021-10-26,220.8060,0.617211,target,4,357.75,debit,0,debit_momentum|cheap_iv=False|dte=30|long_delta=0.55|mom=20|short_delta=0.3|sma=50
debit_momentum,is_default,GOOGL,2021-10-12,2021-10-27,-212.6858,-0.500188,stop,1,425.21,debit,0,debit_momentum|cheap_iv=False|dte=30|long_delta=0.55|mom=20|short_delta=0.3|sma=50
debit_momentum,is_default,IWM,2021-10-22,2021-11-03,217.9182,0.598670,target,1,364.00,debit,0,debit_momentum|cheap_iv=False|dte=30|long_delta=0.55|mom=20|short_delta=0.3|sma=50
debit_momentum,is_default,NVDA,2021-10-27,2021-11-04,260.0364,0.685303,target,3,379.45,debit,0,debit_momentum|cheap_iv=False|dte=30|long_delta=0.55|mom=20|short_delta=0.3|sma=50
debit_momentum,is_default,AMZN,2021-10-26,2021-11-09,-205.3841,-0.500195,stop,1,410.61,debit,0,debit_momentum|cheap_iv=False|dte=30|long_delta=0.55|mom=20|short_delta=0.3|sma=50
debit_momentum,is_default,AAPL,2021-10-20,2021-11-12,18.3929,0.077313,time,1,237.90,debit,0,debit_momentum|cheap_iv=False|dte=30|long_delta=0.55|mom=20|short_delta=0.3|sma=50
debit_momentum,is_default,GOOGL,2021-10-29,2021-11-19,55.7727,0.137177,time,1,406.57,debit,0,debit_momentum|cheap_iv=False|dte=30|long_delta=0.55|mom=20|short_delta=0.3|sma=50
debit_momentum,is_default,AAPL,2021-11-15,2021-11-22,297.0565,0.732159,target,1,405.73,debit,0,debit_momentum|cheap_iv=False|dte=30|long_delta=0.55|mom=20|short_delta=0.3|sma=50
debit_momentum,is_default,NVDA,2021-11-05,2021-11-26,11.8257,0.030770,time,2,384.33,debit,0,debit_momentum|cheap_iv=False|dte=30|long_delta=0.55|mom=20|short_delta=0.3|sma=50
debit_momentum,is_default,IWM,2021-11-19,2021-11-26,-220.3180,-0.556439,stop_gap,1,395.94,debit,0,debit_momentum|cheap_iv=False|dte=30|long_delta=0.55|mom=20|short_delta=0.3|sma=50
debit_momentum,is_default,NVDA,2021-11-29,2021-12-06,-133.9889,-0.500299,stop,1,267.82,debit,0,debit_momentum|cheap_iv=False|dte=30|long_delta=0.55|mom=20|short_delta=0.3|sma=50
debit_momentum,is_default,AAPL,2021-11-24,2021-12-08,286.4561,0.670971,target,1,426.93,debit,0,debit_momentum|cheap_iv=False|dte=30|long_delta=0.55|mom=20|short_delta=0.3|sma=50
debit_momentum,is_default,NVDA,2021-12-07,2021-12-13,-109.6944,-0.500365,stop,1,219.23,debit,0,debit_momentum|cheap_iv=False|dte=30|long_delta=0.55|mom=20|short_delta=0.3|sma=50
debit_momentum,is_default,AMZN,2021-12-10,2021-12-13,-208.2519,-0.500192,stop,1,416.34,debit,0,debit_momentum|cheap_iv=False|dte=30|long_delta=0.55|mom=20|short_delta=0.3|sma=50
debit_momentum,is_default,GOOGL,2021-12-10,2021-12-14,-166.6713,-0.500240,stop,1,333.18,debit,0,debit_momentum|cheap_iv=False|dte=30|long_delta=0.55|mom=20|short_delta=0.3|sma=50
debit_momentum,is_default,NVDA,2021-12-16,2021-12-16,-160.8111,-0.500498,stop,2,321.30,debit,0,debit_momentum|cheap_iv=False|dte=30|long_delta=0.55|mom=20|short_delta=0.3|sma=50
debit_momentum,is_default,AAPL,2021-12-10,2021-12-20,-217.4582,-0.533438,stop_gap,1,407.65,debit,0,debit_momentum|cheap_iv=False|dte=30|long_delta=0.55|mom=20|short_delta=0.3|sma=50
debit_momentum,is_default,GOOGL,2021-12-15,2021-12-23,-156.7786,-0.500255,stop,1,313.40,debit,0,debit_momentum|cheap_iv=False|dte=30|long_delta=0.55|mom=20|short_delta=0.3|sma=50
debit_momentum,is_default,AMZN,2021-12-14,2021-12-27,-215.0635,-0.509277,stop_gap,1,422.29,debit,0,debit_momentum|cheap_iv=False|dte=30|long_delta=0.55|mom=20|short_delta=0.3|sma=50
debit_momentum,is_default,NVDA,2021-12-20,2021-12-27,-200.1828,-0.500400,stop,2,400.05,debit,0,debit_momentum|cheap_iv=False|dte=30|long_delta=0.55|mom=20|short_delta=0.3|sma=50
debit_momentum,is_default,GOOGL,2021-12-27,2022-01-03,-106.8753,-0.500375,stop,1,213.59,debit,0,debit_momentum|cheap_iv=False|dte=30|long_delta=0.55|mom=20|short_delta=0.3|sma=50
debit_momentum,is_default,AMZN,2021-12-28,2022-01-06,213.6713,0.662552,target,1,322.50,debit,0,debit_momentum|cheap_iv=False|dte=30|long_delta=0.55|mom=20|short_delta=0.3|sma=50
debit_momentum,is_default,AAPL,2021-12-22,2022-01-10,-243.8851,-0.577997,stop_gap,1,421.95,debit,0,debit_momentum|cheap_iv=False|dte=30|long_delta=0.55|mom=20|short_delta=0.3|sma=50
debit_momentum,is_default,GOOGL,2022-01-06,2022-01-13,-171.9942,-0.500233,stop,1,343.83,debit,0,debit_momentum|cheap_iv=False|dte=30|long_delta=0.55|mom=20|short_delta=0.3|sma=50
debit_momentum,is_default,NVDA,2022-01-05,2022-01-18,154.8523,0.534019,target,2,289.98,debit,0,debit_momentum|cheap_iv=False|dte=30|long_delta=0.55|mom=20|short_delta=0.3|sma=50
debit_momentum,is_default,AAPL,2022-01-13,2022-01-18,-210.1568,-0.500190,stop,1,420.15,debit,0,debit_momentum|cheap_iv=False|dte=30|long_delta=0.55|mom=20|short_delta=0.3|sma=50
debit_momentum,is_default,AMZN,2022-01-07,2022-01-20,223.1241,0.734947,target,1,303.59,debit,0,debit_momentum|cheap_iv=False|dte=30|long_delta=0.55|mom=20|short_delta=0.3|sma=50
debit_momentum,is_default,IWM,2022-01-14,2022-01-21,294.6728,0.717848,target,1,410.49,debit,0,debit_momentum|cheap_iv=False|dte=30|long_delta=0.55|mom=20|short_delta=0.3|sma=50
debit_momentum,is_default,GOOGL,2022-01-18,2022-01-24,220.2922,0.712330,target,1,309.26,debit,0,debit_momentum|cheap_iv=False|dte=30|long_delta=0.55|mom=20|short_delta=0.3|sma=50
debit_momentum,is_default,NVDA,2022-01-19,2022-01-24,158.4920,0.560645,target,2,282.70,debit,0,debit_momentum|cheap_iv=False|dte=30|long_delta=0.55|mom=20|short_delta=0.3|sma=50
debit_momentum,is_default,NVDA,2022-01-25,2022-02-01,-203.3396,-0.516122,stop_gap,2,393.98,debit,0,debit_momentum|cheap_iv=False|dte=30|long_delta=0.55|mom=20|short_delta=0.3|sma=50
debit_momentum,is_default,NVDA,2022-02-02,2022-02-23,153.0836,0.521557,target,2,293.51,debit,0,debit_momentum|cheap_iv=False|dte=30|long_delta=0.55|mom=20|short_delta=0.3|sma=50
debit_momentum,is_default,IWM,2022-02-10,2022-02-24,293.6793,0.711982,target,1,412.48,debit,0,debit_momentum|cheap_iv=False|dte=30|long_delta=0.55|mom=20|short_delta=0.3|sma=50
debit_momentum,is_default,AAPL,2022-03-03,2022-03-10,298.6213,0.741737,target,1,402.60,debit,0,debit_momentum|cheap_iv=False|dte=30|long_delta=0.55|mom=20|short_delta=0.3|sma=50
debit_momentum,is_default,NVDA,2022-03-02,2022-03-18,-129.9942,-0.500308,stop,1,259.83,debit,0,debit_momentum|cheap_iv=False|dte=30|long_delta=0.55|mom=20|short_delta=0.3|sma=50
debit_momentum,is_default,GOOGL,2022-03-04,2022-03-21,-211.3280,-0.507184,stop_gap,1,416.67,debit,0,debit_momentum|cheap_iv=False|dte=30|long_delta=0.55|mom=20|short_delta=0.3|sma=50
debit_momentum,is_default,AAPL,2022-03-17,2022-03-21,-198.3949,-0.500202,stop,1,396.63,debit,0,debit_momentum|cheap_iv=False|dte=30|long_delta=0.55|mom=20|short_delta=0.3|sma=50
debit_momentum,is_default,AAPL,2022-03-22,2022-03-25,-218.1578,-0.531293,stop_gap,1,410.62,debit,0,debit_momentum|cheap_iv=False|dte=30|long_delta=0.55|mom=20|short_delta=0.3|sma=50
debit_momentum,is_default,NVDA,2022-03-21,2022-04-06,-175.0367,-0.534084,stop_gap,2,327.73,debit,0,debit_momentum|cheap_iv=False|dte=30|long_delta=0.55|mom=20|short_delta=0.3|sma=50
debit_momentum,is_default,IWM,2022-03-25,2022-04-06,-196.0347,-0.500204,stop,1,391.91,debit,0,debit_momentum|cheap_iv=False|dte=30|long_delta=0.55|mom=20|short_delta=0.3|sma=50
debit_momentum,is_default,AMZN,2022-03-28,2022-04-06,-207.9290,-0.500192,stop,1,415.70,debit,0,debit_momentum|cheap_iv=False|dte=30|long_delta=0.55|mom=20|short_delta=0.3|sma=50
debit_momentum,is_default,AAPL,2022-03-30,2022-04-06,-169.4000,-0.500236,stop,1,338.64,debit,0,debit_momentum|cheap_iv=False|dte=30|long_delta=0.55|mom=20|short_delta=0.3|sma=50
debit_momentum,is_default,GOOGL,2022-03-22,2022-04-11,-213.9613,-0.636562,stop_gap,1,336.12,debit,0,debit_momentum|cheap_iv=False|dte=30|long_delta=0.55|mom=20|short_delta=0.3|sma=50
debit_momentum,is_default,AAPL,2022-04-14,2022-04-22,-208.9827,-0.500191,stop,1,417.81,debit,0,debit_momentum|cheap_iv=False|dte=30|long_delta=0.55|mom=20|short_delta=0.3|sma=50
debit_momentum,is_default,IWM,2022-04-14,2022-04-25,264.6394,0.714159,target,1,370.56,debit,0,debit_momentum|cheap_iv=False|dte=30|long_delta=0.55|mom=20|short_delta=0.3|sma=50
debit_momentum,is_default,NVDA,2022-04-13,2022-04-26,146.2348,0.476008,target,2,307.21,debit,0,debit_momentum|cheap_iv=False|dte=30|long_delta=0.55|mom=20|short_delta=0.3|sma=50
debit_momentum,is_default,GOOGL,2022-04-13,2022-04-27,294.2688,0.715456,target,1,411.30,debit,0,debit_momentum|cheap_iv=False|dte=30|long_delta=0.55|mom=20|short_delta=0.3|sma=50
debit_momentum,is_default,NVDA,2022-04-27,2022-05-12,145.3136,0.470190,target,2,309.05,debit,0,debit_momentum|cheap_iv=False|dte=30|long_delta=0.55|mom=20|short_delta=0.3|sma=50
debit_momentum,is_default,GOOGL,2022-05-05,2022-05-12,207.8509,0.622051,target,1,334.14,debit,0,debit_momentum|cheap_iv=False|dte=30|long_delta=0.55|mom=20|short_delta=0.3|sma=50
debit_momentum,is_default,GOOGL,2022-05-16,2022-05-24,289.1581,0.685983,target,1,421.52,debit,0,debit_momentum|cheap_iv=False|dte=30|long_delta=0.55|mom=20|short_delta=0.3|sma=50
debit_momentum,is_default,NVDA,2022-05-13,2022-05-26,-148.5621,-0.500539,stop,2,296.80,debit,0,debit_momentum|cheap_iv=False|dte=30|long_delta=0.55|mom=20|short_delta=0.3|sma=50
debit_momentum,is_default,GOOGL,2022-05-25,2022-05-27,-167.8908,-0.500238,stop,1,335.62,debit,0,debit_momentum|cheap_iv=False|dte=30|long_delta=0.55|mom=20|short_delta=0.3|sma=50
debit_momentum,is_default,GOOGL,2022-05-31,2022-06-06,-163.0280,-0.500245,stop,1,325.90,debit,0,debit_momentum|cheap_iv=False|dte=30|long_delta=0.55|mom=20|short_delta=0.3|sma=50
debit_momentum,is_default,IWM,2022-05-27,2022-06-08,-207.6327,-0.500193,stop,1,415.11,debit,0,debit_momentum|cheap_iv=False|dte=30|long_delta=0.55|mom=20|short_delta=0.3|sma=50
debit_momentum,is_default,AAPL,2022-05-27,2022-06-13,289.3573,0.687105,target,1,421.13,debit,0,debit_momentum|cheap_iv=False|dte=30|long_delta=0.55|mom=20|short_delta=0.3|sma=50
debit_momentum,is_default,NVDA,2022-05-27,2022-06-13,199.6729,0.499165,target,4,400.01,debit,0,debit_momentum|cheap_iv=False|dte=30|long_delta=0.55|mom=20|short_delta=0.3|sma=50
debit_momentum,is_default,NVDA,2022-06-14,2022-06-24,-150.4694,-0.500532,stop,2,300.62,debit,0,debit_momentum|cheap_iv=False|dte=30|long_delta=0.55|mom=20|short_delta=0.3|sma=50
debit_momentum,is_default,GOOGL,2022-06-15,2022-06-24,-158.3764,-0.500253,stop,1,316.59,debit,0,debit_momentum|cheap_iv=False|dte=30|long_delta=0.55|mom=20|short_delta=0.3|sma=50
debit_momentum,is_default,GOOGL,2022-06-27,2022-06-28,-163.0145,-0.500245,stop,1,325.87,debit,0,debit_momentum|cheap_iv=False|dte=30|long_delta=0.55|mom=20|short_delta=0.3|sma=50
debit_momentum,is_default,NVDA,2022-06-28,2022-07-01,206.5646,0.535709,target,8,385.59,debit,0,debit_momentum|cheap_iv=False|dte=30|long_delta=0.55|mom=20|short_delta=0.3|sma=50
debit_momentum,is_default,AAPL,2022-06-29,2022-07-07,-209.6063,-0.500191,stop,1,419.05,debit,0,debit_momentum|cheap_iv=False|dte=30|long_delta=0.55|mom=20|short_delta=0.3|sma=50
debit_momentum,is_default,AMZN,2022-06-30,2022-07-07,-165.9578,-0.500241,stop,1,331.76,debit,0,debit_momentum|cheap_iv=False|dte=30|long_delta=0.55|mom=20|short_delta=0.3|sma=50
debit_momentum,is_default,GOOGL,2022-06-30,2022-07-07,-166.6281,-0.500240,stop,1,333.10,debit,0,debit_momentum|cheap_iv=False|dte=30|long_delta=0.55|mom=20|short_delta=0.3|sma=50
debit_momentum,is_default,NVDA,2022-07-05,2022-07-07,-210.8500,-0.532708,stop_gap,4,395.81,debit,0,debit_momentum|cheap_iv=False|dte=30|long_delta=0.55|mom=20|short_delta=0.3|sma=50
debit_momentum,is_default,GOOGL,2022-07-08,2022-07-14,-161.2364,-0.529548,stop_gap,1,304.48,debit,0,debit_momentum|cheap_iv=False|dte=30|long_delta=0.55|mom=20|short_delta=0.3|sma=50
debit_momentum,is_default,NVDA,2022-07-08,2022-07-18,-199.8452,-0.548792,stop_gap,4,364.15,debit,0,debit_momentum|cheap_iv=False|dte=30|long_delta=0.55|mom=20|short_delta=0.3|sma=50
debit_momentum,is_default,IWM,2022-06-29,2022-07-19,-209.7181,-0.500191,stop,1,419.28,debit,0,debit_momentum|cheap_iv=False|dte=30|long_delta=0.55|mom=20|short_delta=0.3|sma=50
debit_momentum,is_default,AAPL,2022-07-12,2022-07-22,292.5940,0.705638,target,1,414.65,debit,0,debit_momentum|cheap_iv=False|dte=30|long_delta=0.55|mom=20|short_delta=0.3|sma=50
debit_momentum,is_default,GOOGL,2022-07-20,2022-07-22,-206.7212,-0.500194,stop,1,413.28,debit,0,debit_momentum|cheap_iv=False|dte=30|long_delta=0.55|mom=20|short_delta=0.3|sma=50
debit_momentum,is_default,AMZN,2022-07-18,2022-07-29,301.5053,0.759786,target,1,396.83,debit,0,debit_momentum|cheap_iv=False|dte=30|long_delta=0.55|mom=20|short_delta=0.3|sma=50
debit_momentum,is_default,AAPL,2022-07-26,2022-07-29,215.5388,0.676174,target,1,318.76,debit,0,debit_momentum|cheap_iv=False|dte=30|long_delta=0.55|mom=20|short_delta=0.3|sma=50
debit_momentum,is_default,IWM,2022-07-20,2022-08-01,257.5316,0.669301,target,1,384.78,debit,0,debit_momentum|cheap_iv=False|dte=30|long_delta=0.55|mom=20|short_delta=0.3|sma=50
debit_momentum,is_default,NVDA,2022-07-20,2022-08-09,-202.0992,-0.500992,stop,5,403.40,debit,0,debit_momentum|cheap_iv=False|dte=30|long_delta=0.55|mom=20|short_delta=0.3|sma=50
debit_momentum,is_default,AAPL,2022-08-01,2022-08-11,204.6545,0.600986,target,1,340.53,debit,0,debit_momentum|cheap_iv=False|dte=30|long_delta=0.55|mom=20|short_delta=0.3|sma=50
debit_momentum,is_default,IWM,2022-08-04,2022-08-12,256.4984,0.663055,target,1,386.84,debit,0,debit_momentum|cheap_iv=False|dte=30|long_delta=0.55|mom=20|short_delta=0.3|sma=50
debit_momentum,is_default,GOOGL,2022-07-29,2022-08-16,290.6751,0.694581,target,1,418.49,debit,0,debit_momentum|cheap_iv=False|dte=30|long_delta=0.55|mom=20|short_delta=0.3|sma=50
debit_momentum,is_default,NVDA,2022-08-10,2022-08-22,-194.1254,-0.501032,stop,5,387.45,debit,0,debit_momentum|cheap_iv=False|dte=30|long_delta=0.55|mom=20|short_delta=0.3|sma=50
debit_momentum,is_default,IWM,2022-08-15,2022-08-22,-197.9560,-0.509038,stop_gap,1,388.88,debit,0,debit_momentum|cheap_iv=False|dte=30|long_delta=0.55|mom=20|short_delta=0.3|sma=50
debit_momentum,is_default,GOOGL,2022-08-17,2022-08-22,-203.7825,-0.500196,stop,1,407.40,debit,0,debit_momentum|cheap_iv=False|dte=30|long_delta=0.55|mom=20|short_delta=0.3|sma=50
debit_momentum,is_default,AAPL,2022-08-12,2022-08-26,-159.1426,-0.500251,stop,1,318.13,debit,0,debit_momentum|cheap_iv=False|dte=30|long_delta=0.55|mom=20|short_delta=0.3|sma=50
debit_momentum,is_default,GOOGL,2022-08-26,2022-08-29,-108.2276,-0.500370,stop,1,216.30,debit,0,debit_momentum|cheap_iv=False|dte=30|long_delta=0.55|mom=20|short_delta=0.3|sma=50
debit_momentum,is_default,NVDA,2022-08-23,2022-08-30,-208.5626,-0.500961,stop,5,416.33,debit,0,debit_momentum|cheap_iv=False|dte=30|long_delta=0.55|mom=20|short_delta=0.3|sma=50
debit_momentum,is_default,AAPL,2022-09-07,2022-09-12,-207.7187,-0.500193,stop,1,415.28,debit,0,debit_momentum|cheap_iv=False|dte=30|long_delta=0.55|mom=20|short_delta=0.3|sma=50
debit_momentum,is_default,NVDA,2022-08-31,2022-09-13,202.0537,0.511202,target,4,395.25,debit,0,debit_momentum|cheap_iv=False|dte=30|long_delta=0.55|mom=20|short_delta=0.3|sma=50
debit_momentum,is_default,GOOGL,2022-08-30,2022-09-15,210.1644,0.637807,target,1,329.51,debit,0,debit_momentum|cheap_iv=False|dte=30|long_delta=0.55|mom=20|short_delta=0.3|sma=50
debit_momentum,is_default,IWM,2022-09-02,2022-09-22,295.7525,0.724289,target,1,408.34,debit,0,debit_momentum|cheap_iv=False|dte=30|long_delta=0.55|mom=20|short_delta=0.3|sma=50
debit_momentum,is_default,AMZN,2022-09-16,2022-09-23,294.6823,0.717905,target,1,410.48,debit,0,debit_momentum|cheap_iv=False|dte=30|long_delta=0.55|mom=20|short_delta=0.3|sma=50
debit_momentum,is_default,GOOGL,2022-09-16,2022-09-30,206.3220,0.611875,target,1,337.20,debit,0,debit_momentum|cheap_iv=False|dte=30|long_delta=0.55|mom=20|short_delta=0.3|sma=50
debit_momentum,is_default,GOOGL,2022-10-03,2022-10-06,-174.2096,-0.500230,stop,1,348.26,debit,0,debit_momentum|cheap_iv=False|dte=30|long_delta=0.55|mom=20|short_delta=0.3|sma=50
debit_momentum,is_default,NVDA,2022-09-14,2022-10-07,202.2153,0.512029,target,4,394.93,debit,0,debit_momentum|cheap_iv=False|dte=30|long_delta=0.55|mom=20|short_delta=0.3|sma=50
debit_momentum,is_default,AMZN,2022-10-07,2022-10-13,294.7371,0.718230,target,1,410.37,debit,0,debit_momentum|cheap_iv=False|dte=30|long_delta=0.55|mom=20|short_delta=0.3|sma=50
debit_momentum,is_default,AMZN,2022-10-17,2022-10-21,-208.7931,-0.500192,stop,1,417.43,debit,0,debit_momentum|cheap_iv=False|dte=30|long_delta=0.55|mom=20|short_delta=0.3|sma=50
debit_momentum,is_default,GOOGL,2022-10-07,2022-10-24,-165.1162,-0.500242,stop,1,330.07,debit,0,debit_momentum|cheap_iv=False|dte=30|long_delta=0.55|mom=20|short_delta=0.3|sma=50
debit_momentum,is_default,NVDA,2022-10-10,2022-10-25,-209.2022,-0.500766,stop,4,417.76,debit,0,debit_momentum|cheap_iv=False|dte=30|long_delta=0.55|mom=20|short_delta=0.3|sma=50
debit_momentum,is_default,AAPL,2022-10-20,2022-10-25,-202.8446,-0.500197,stop,1,405.53,debit,0,debit_momentum|cheap_iv=False|dte=30|long_delta=0.55|mom=20|short_delta=0.3|sma=50
debit_momentum,is_default,AAPL,2022-10-27,2022-10-28,-199.9572,-0.500200,stop,1,399.75,debit,0,debit_momentum|cheap_iv=False|dte=30|long_delta=0.55|mom=20|short_delta=0.3|sma=50
debit_momentum,is_default,NVDA,2022-10-31,2022-11-02,-197.8358,-0.501826,stop,9,394.23,debit,0,debit_momentum|cheap_iv=False|dte=30|long_delta=0.55|mom=20|short_delta=0.3|sma=50
debit_momentum,is_default,GOOGL,2022-10-27,2022-11-03,204.5709,0.600446,target,1,340.70,debit,0,debit_momentum|cheap_iv=False|dte=30|long_delta=0.55|mom=20|short_delta=0.3|sma=50
debit_momentum,is_default,AMZN,2022-10-28,2022-11-04,212.9544,0.657406,target,1,323.93,debit,0,debit_momentum|cheap_iv=False|dte=30|long_delta=0.55|mom=20|short_delta=0.3|sma=50
debit_momentum,is_default,GOOGL,2022-11-04,2022-11-10,-161.6345,-0.500248,stop,1,323.11,debit,0,debit_momentum|cheap_iv=False|dte=30|long_delta=0.55|mom=20|short_delta=0.3|sma=50
debit_momentum,is_default,META,2022-10-27,2022-11-11,-161.1218,-0.500248,stop,1,322.08,debit,0,debit_momentum|cheap_iv=False|dte=30|long_delta=0.55|mom=20|short_delta=0.3|sma=50
debit_momentum,is_default,NVDA,2022-11-04,2022-11-14,210.9322,0.559716,target,8,376.86,debit,0,debit_momentum|cheap_iv=False|dte=30|long_delta=0.55|mom=20|short_delta=0.3|sma=50
debit_momentum,is_default,AMZN,2022-11-10,2022-11-15,-193.9745,-0.586667,stop_gap,1,330.64,debit,0,debit_momentum|cheap_iv=False|dte=30|long_delta=0.55|mom=20|short_delta=0.3|sma=50
debit_momentum,is_default,NVDA,2022-11-15,2022-11-16,-201.6724,-0.501791,stop,9,401.90,debit,0,debit_momentum|cheap_iv=False|dte=30|long_delta=0.55|mom=20|short_delta=0.3|sma=50
debit_momentum,is_default,NVDA,2022-11-17,2022-11-18,-198.9962,-0.501816,stop,9,396.55,debit,0,debit_momentum|cheap_iv=False|dte=30|long_delta=0.55|mom=20|short_delta=0.3|sma=50
debit_momentum,is_default,GOOGL,2022-11-11,2022-11-25,-170.6647,-0.500234,stop,1,341.17,debit,0,debit_momentum|cheap_iv=False|dte=30|long_delta=0.55|mom=20|short_delta=0.3|sma=50
debit_momentum,is_default,IWM,2022-11-11,2022-11-28,-195.6454,-0.500205,stop,1,391.13,debit,0,debit_momentum|cheap_iv=False|dte=30|long_delta=0.55|mom=20|short_delta=0.3|sma=50
debit_momentum,is_default,IWM,2022-12-01,2022-12-05,-197.7260,-0.500202,stop,1,395.29,debit,0,debit_momentum|cheap_iv=False|dte=30|long_delta=0.55|mom=20|short_delta=0.3|sma=50
debit_momentum,is_default,AMZN,2022-11-17,2022-12-06,207.6255,0.620539,target,1,334.59,debit,0,debit_momentum|cheap_iv=False|dte=30|long_delta=0.55|mom=20|short_delta=0.3|sma=50
debit_momentum,is_default,GOOGL,2022-11-28,2022-12-08,-108.1388,-0.500370,stop,1,216.12,debit,0,debit_momentum|cheap_iv=False|dte=30|long_delta=0.55|mom=20|short_delta=0.3|sma=50
debit_momentum,is_default,NVDA,2022-11-21,2022-12-13,230.3430,0.680132,target,4,338.67,debit,0,debit_momentum|cheap_iv=False|dte=30|long_delta=0.55|mom=20|short_delta=0.3|sma=50
debit_momentum,is_default,AMZN,2022-12-08,2022-12-13,-174.7761,-0.500229,stop,1,349.39,debit,0,debit_momentum|cheap_iv=False|dte=30|long_delta=0.55|mom=20|short_delta=0.3|sma=50
debit_momentum,is_default,AAPL,2022-12-06,2022-12-15,-174.9109,-0.549056,stop_gap,1,318.57,debit,0,debit_momentum|cheap_iv=False|dte=30|long_delta=0.55|mom=20|short_delta=0.3|sma=50
debit_momentum,is_default,IWM,2022-12-06,2022-12-15,-194.9051,-0.500205,stop,1,389.65,debit,0,debit_momentum|cheap_iv=False|dte=30|long_delta=0.55|mom=20|short_delta=0.3|sma=50
debit_momentum,is_default,GOOGL,2022-12-13,2022-12-15,212.3552,0.653140,target,1,325.13,debit,0,debit_momentum|cheap_iv=False|dte=30|long_delta=0.55|mom=20|short_delta=0.3|sma=50
debit_momentum,is_default,AMZN,2022-12-14,2022-12-19,212.9442,0.657334,target,1,323.95,debit,0,debit_momentum|cheap_iv=False|dte=30|long_delta=0.55|mom=20|short_delta=0.3|sma=50
debit_momentum,is_default,NVDA,2022-12-15,2022-12-19,-170.4067,-0.500941,stop,4,340.17,debit,0,debit_momentum|cheap_iv=False|dte=30|long_delta=0.55|mom=20|short_delta=0.3|sma=50
debit_momentum,is_default,META,2022-12-02,2022-12-20,-225.1918,-0.559187,stop_gap,1,402.71,debit,0,debit_momentum|cheap_iv=False|dte=30|long_delta=0.55|mom=20|short_delta=0.3|sma=50
debit_momentum,is_default,NVDA,2022-12-20,2022-12-22,-167.0602,-0.500960,stop,4,333.48,debit,0,debit_momentum|cheap_iv=False|dte=30|long_delta=0.55|mom=20|short_delta=0.3|sma=50
debit_momentum,is_default,GOOGL,2022-12-16,2022-12-30,61.5849,0.274764,window_mtm,1,224.14,debit,0,debit_momentum|cheap_iv=False|dte=30|long_delta=0.55|mom=20|short_delta=0.3|sma=50
debit_momentum,is_default,IWM,2022-12-16,2022-12-30,-44.3461,-0.135773,window_mtm,1,326.62,debit,0,debit_momentum|cheap_iv=False|dte=30|long_delta=0.55|mom=20|short_delta=0.3|sma=50
debit_momentum,is_default,AAPL,2022-12-19,2022-12-30,145.3686,0.357503,window_mtm,1,406.62,debit,0,debit_momentum|cheap_iv=False|dte=30|long_delta=0.55|mom=20|short_delta=0.3|sma=50
debit_momentum,is_default,AMZN,2022-12-20,2022-12-30,17.8737,0.077360,window_mtm,1,231.05,debit,0,debit_momentum|cheap_iv=False|dte=30|long_delta=0.55|mom=20|short_delta=0.3|sma=50
debit_momentum,is_default,META,2022-12-22,2022-12-30,54.2914,0.135705,window_mtm,1,400.07,debit,0,debit_momentum|cheap_iv=False|dte=30|long_delta=0.55|mom=20|short_delta=0.3|sma=50
debit_momentum,oos,AMZN,2023-01-04,2023-01-11,-175.6479,-0.500228,stop,1,351.14,debit,0,debit_momentum|cheap_iv=False|dte=30|long_delta=0.55|mom=10|short_delta=0.3|sma=50
debit_momentum,oos,IWM,2023-01-04,2023-01-11,-187.2839,-0.515401,stop_gap,1,363.37,debit,0,debit_momentum|cheap_iv=False|dte=30|long_delta=0.55|mom=10|short_delta=0.3|sma=50
debit_momentum,oos,AAPL,2023-01-04,2023-01-12,-212.9039,-0.500188,stop,1,425.65,debit,0,debit_momentum|cheap_iv=False|dte=30|long_delta=0.55|mom=10|short_delta=0.3|sma=50
debit_momentum,oos,GOOGL,2023-01-04,2023-01-19,-153.8560,-0.500260,stop,1,307.55,debit,0,debit_momentum|cheap_iv=False|dte=30|long_delta=0.55|mom=10|short_delta=0.3|sma=50
debit_momentum,oos,META,2023-01-04,2023-01-20,375.3383,0.751935,target,1,499.16,debit,0,debit_momentum|cheap_iv=False|dte=30|long_delta=0.55|mom=10|short_delta=0.3|sma=50
debit_momentum,oos,NVDA,2023-01-11,2023-01-23,367.7048,0.793099,target,6,463.63,debit,0,debit_momentum|cheap_iv=False|dte=30|long_delta=0.55|mom=10|short_delta=0.3|sma=50
debit_momentum,oos,AMZN,2023-01-12,2023-01-25,-176.2897,-0.595292,stop_gap,1,296.14,debit,0,debit_momentum|cheap_iv=False|dte=30|long_delta=0.55|mom=10|short_delta=0.3|sma=50
debit_momentum,oos,META,2023-01-23,2023-01-27,219.8874,0.709165,target,1,310.07,debit,0,debit_momentum|cheap_iv=False|dte=30|long_delta=0.55|mom=10|short_delta=0.3|sma=50
debit_momentum,oos,IWM,2023-01-12,2023-01-31,225.6772,0.647594,target,1,348.49,debit,0,debit_momentum|cheap_iv=False|dte=30|long_delta=0.55|mom=10|short_delta=0.3|sma=50
debit_momentum,oos,GOOGL,2023-01-20,2023-02-02,283.2978,0.654140,target,2,433.08,debit,0,debit_momentum|cheap_iv=False|dte=30|long_delta=0.55|mom=10|short_delta=0.3|sma=50
debit_momentum,oos,AAPL,2023-01-24,2023-02-02,209.8075,0.635347,target,1,330.22,debit,0,debit_momentum|cheap_iv=False|dte=30|long_delta=0.55|mom=10|short_delta=0.3|sma=50
debit_momentum,oos,AMZN,2023-01-27,2023-02-02,284.0953,0.658406,target,2,431.49,debit,0,debit_momentum|cheap_iv=False|dte=30|long_delta=0.55|mom=10|short_delta=0.3|sma=50
debit_momentum,oos,META,2023-01-31,2023-02-02,286.0815,0.668920,target,1,427.68,debit,0,debit_momentum|cheap_iv=False|dte=30|long_delta=0.55|mom=10|short_delta=0.3|sma=50
debit_momentum,oos,AAPL,2023-02-03,2023-02-03,214.8205,0.670897,target,1,320.20,debit,0,debit_momentum|cheap_iv=False|dte=30|long_delta=0.55|mom=10|short_delta=0.3|sma=50
debit_momentum,oos,NVDA,2023-01-25,2023-02-08,291.3857,0.699725,target,5,416.43,debit,0,debit_momentum|cheap_iv=False|dte=30|long_delta=0.55|mom=10|short_delta=0.3|sma=50
debit_momentum,oos,IWM,2023-02-02,2023-02-09,-178.4600,-0.500224,stop,1,356.76,debit,0,debit_momentum|cheap_iv=False|dte=30|long_delta=0.55|mom=10|short_delta=0.3|sma=50
debit_momentum,oos,GOOGL,2023-02-03,2023-02-09,-159.9761,-0.500250,stop,1,319.79,debit,0,debit_momentum|cheap_iv=False|dte=30|long_delta=0.55|mom=10|short_delta=0.3|sma=50
debit_momentum,oos,AMZN,2023-02-03,2023-02-10,-160.5356,-0.500249,stop,1,320.91,debit,0,debit_momentum|cheap_iv=False|dte=30|long_delta=0.55|mom=10|short_delta=0.3|sma=50
debit_momentum,oos,NVDA,2023-02-09,2023-02-10,-243.6989,-0.500987,stop,6,486.44,debit,0,debit_momentum|cheap_iv=False|dte=30|long_delta=0.55|mom=10|short_delta=0.3|sma=50
debit_momentum,oos,AAPL,2023-02-06,2023-02-22,-157.4126,-0.500254,stop,1,314.67,debit,0,debit_momentum|cheap_iv=False|dte=30|long_delta=0.55|mom=10|short_delta=0.3|sma=50
debit_momentum,oos,IWM,2023-02-10,2023-02-24,-171.7062,-0.500233,stop,1,343.25,debit,0,debit_momentum|cheap_iv=False|dte=30|long_delta=0.55|mom=10|short_delta=0.3|sma=50
debit_momentum,oos,GOOGL,2023-02-24,2023-03-06,-224.0037,-0.500179,stop,1,447.85,debit,0,debit_momentum|cheap_iv=False|dte=30|long_delta=0.55|mom=10|short_delta=0.3|sma=50
debit_momentum,oos,NVDA,2023-02-13,2023-03-10,49.5142,0.111145,time,4,445.49,debit,0,debit_momentum|cheap_iv=False|dte=30|long_delta=0.55|mom=10|short_delta=0.3|sma=50
debit_momentum,oos,GOOGL,2023-03-07,2023-03-10,-196.2329,-0.500204,stop,1,392.31,debit,0,debit_momentum|cheap_iv=False|dte=30|long_delta=0.55|mom=10|short_delta=0.3|sma=50
debit_momentum,oos,IWM,2023-03-10,2023-03-15,266.9040,0.729182,target,1,366.03,debit,0,debit_momentum|cheap_iv=False|dte=30|long_delta=0.55|mom=10|short_delta=0.3|sma=50
debit_momentum,oos,AMZN,2023-02-27,2023-03-16,-227.5697,-0.500176,stop,1,454.98,debit,0,debit_momentum|cheap_iv=False|dte=30|long_delta=0.55|mom=10|short_delta=0.3|sma=50
debit_momentum,oos,GOOGL,2023-03-16,2023-03-21,207.8782,0.622234,target,1,334.08,debit,0,debit_momentum|cheap_iv=False|dte=30|long_delta=0.55|mom=10|short_delta=0.3|sma=50
debit_momentum,oos,AMZN,2023-03-17,2023-03-24,-149.6023,-0.500268,stop,1,299.04,debit,0,debit_momentum|cheap_iv=False|dte=30|long_delta=0.55|mom=10|short_delta=0.3|sma=50
debit_momentum,oos,GOOGL,2023-03-22,2023-03-28,-209.3105,-0.500382,stop,2,418.30,debit,0,debit_momentum|cheap_iv=False|dte=30|long_delta=0.55|mom=10|short_delta=0.3|sma=50
debit_momentum,oos,AAPL,2023-03-07,2023-03-29,281.8696,0.646340,target,1,436.10,debit,0,debit_momentum|cheap_iv=False|dte=30|long_delta=0.55|mom=10|short_delta=0.3|sma=50
debit_momentum,oos,NVDA,2023-03-15,2023-03-30,374.2360,0.829703,target,3,451.05,debit,0,debit_momentum|cheap_iv=False|dte=30|long_delta=0.55|mom=10|short_delta=0.3|sma=50
debit_momentum,oos,IWM,2023-03-16,2023-03-30,-253.2314,-0.547519,stop_gap,1,462.51,debit,0,debit_momentum|cheap_iv=False|dte=30|long_delta=0.55|mom=10|short_delta=0.3|sma=50
debit_momentum,oos,IWM,2023-03-31,2023-04-18,-169.1490,-0.508878,stop_gap,1,332.40,debit,0,debit_momentum|cheap_iv=False|dte=30|long_delta=0.55|mom=10|short_delta=0.3|sma=50
debit_momentum,oos,AMZN,2023-03-27,2023-04-19,204.6558,0.600995,target,1,340.53,debit,0,debit_momentum|cheap_iv=False|dte=30|long_delta=0.55|mom=10|short_delta=0.3|sma=50
debit_momentum,oos,AAPL,2023-03-30,2023-04-19,199.5773,0.569106,target,1,350.69,debit,0,debit_momentum|cheap_iv=False|dte=30|long_delta=0.55|mom=10|short_delta=0.3|sma=50
debit_momentum,oos,GOOGL,2023-03-29,2023-04-21,103.9910,0.238742,time,2,435.58,debit,0,debit_momentum|cheap_iv=False|dte=30|long_delta=0.55|mom=10|short_delta=0.3|sma=50
debit_momentum,oos,MSFT,2023-03-29,2023-04-21,111.6723,0.255437,time,1,437.18,debit,0,debit_momentum|cheap_iv=False|dte=30|long_delta=0.55|mom=10|short_delta=0.3|sma=50
debit_momentum,oos,META,2023-04-18,2023-04-25,-221.0218,-0.500181,stop,1,441.88,debit,0,debit_momentum|cheap_iv=False|dte=30|long_delta=0.55|mom=10|short_delta=0.3|sma=50
debit_momentum,oos,IWM,2023-04-19,2023-05-02,209.3826,0.744935,target,1,281.07,debit,0,debit_momentum|cheap_iv=False|dte=30|long_delta=0.55|mom=10|short_delta=0.3|sma=50
debit_momentum,oos,GOOGL,2023-04-28,2023-05-08,-149.9459,-0.502836,stop_gap,1,298.20,debit,0,debit_momentum|cheap_iv=False|dte=30|long_delta=0.55|mom=10|short_delta=0.3|sma=50
debit_momentum,oos,AAPL,2023-04-20,2023-05-09,200.6533,0.575708,target,1,348.53,debit,0,debit_momentum|cheap_iv=False|dte=30|long_delta=0.55|mom=10|short_delta=0.3|sma=50
debit_momentum,oos,GOOGL,2023-05-09,2023-05-11,213.7557,0.663161,target,1,322.33,debit,0,debit_momentum|cheap_iv=False|dte=30|long_delta=0.55|mom=10|short_delta=0.3|sma=50
debit_momentum,oos,AMZN,2023-04-21,2023-05-12,108.0510,0.255417,time,1,423.04,debit,0,debit_momentum|cheap_iv=False|dte=30|long_delta=0.55|mom=10|short_delta=0.3|sma=50
debit_momentum,oos,NVDA,2023-04-21,2023-05-12,142.3491,0.326767,time,5,435.63,debit,0,debit_momentum|cheap_iv=False|dte=30|long_delta=0.55|mom=10|short_delta=0.3|sma=50
debit_momentum,oos,IWM,2023-05-03,2023-05-18,-166.9044,-0.500240,stop,1,333.65,debit,0,debit_momentum|cheap_iv=False|dte=30|long_delta=0.55|mom=10|short_delta=0.3|sma=50
debit_momentum,oos,GOOGL,2023-05-12,2023-05-19,284.4009,0.659804,target,1,431.04,debit,0,debit_momentum|cheap_iv=False|dte=30|long_delta=0.55|mom=10|short_delta=0.3|sma=50
debit_momentum,oos,QQQ,2023-05-11,2023-05-22,303.4691,0.615678,target,1,492.90,debit,0,debit_momentum|cheap_iv=False|dte=30|long_delta=0.55|mom=10|short_delta=0.3|sma=50
debit_momentum,oos,NVDA,2023-05-18,2023-05-25,255.1709,0.655666,target,3,389.18,debit,0,debit_momentum|cheap_iv=False|dte=30|long_delta=0.55|mom=10|short_delta=0.3|sma=50
debit_momentum,oos,AMZN,2023-05-15,2023-05-30,285.2680,0.664490,target,1,429.30,debit,0,debit_momentum|cheap_iv=False|dte=30|long_delta=0.55|mom=10|short_delta=0.3|sma=50
debit_momentum,oos,IWM,2023-05-19,2023-05-31,-153.2904,-0.500261,stop,1,306.42,debit,0,debit_momentum|cheap_iv=False|dte=30|long_delta=0.55|mom=10|short_delta=0.3|sma=50
debit_momentum,oos,AAPL,2023-05-10,2023-06-02,286.7437,0.672551,target,1,426.35,debit,0,debit_momentum|cheap_iv=False|dte=30|long_delta=0.55|mom=10|short_delta=0.3|sma=50
debit_momentum,oos,META,2023-05-31,2023-06-02,274.2895,0.607829,target,1,451.26,debit,0,debit_momentum|cheap_iv=False|dte=30|long_delta=0.55|mom=10|short_delta=0.3|sma=50
debit_momentum,oos,AAPL,2023-06-05,2023-06-06,-165.0995,-0.500242,stop,1,330.04,debit,0,debit_momentum|cheap_iv=False|dte=30|long_delta=0.55|mom=10|short_delta=0.3|sma=50
debit_momentum,oos,IWM,2023-06-06,2023-06-07,222.7880,0.628875,target,1,354.26,debit,0,debit_momentum|cheap_iv=False|dte=30|long_delta=0.55|mom=10|short_delta=0.3|sma=50
debit_momentum,oos,SPY,2023-06-02,2023-06-13,302.1672,0.609816,target,1,495.51,debit,0,debit_momentum|cheap_iv=False|dte=30|long_delta=0.55|mom=10|short_delta=0.3|sma=50
debit_momentum,oos,GOOGL,2023-05-22,2023-06-14,-162.4942,-0.500246,stop,1,324.83,debit,0,debit_momentum|cheap_iv=False|dte=30|long_delta=0.55|mom=10|short_delta=0.3|sma=50
debit_momentum,oos,AAPL,2023-06-07,2023-06-15,251.4795,0.506279,target,2,496.72,debit,0,debit_momentum|cheap_iv=False|dte=30|long_delta=0.55|mom=10|short_delta=0.3|sma=50
debit_momentum,oos,NVDA,2023-05-26,2023-06-16,111.8156,0.412986,time,1,270.75,debit,0,debit_momentum|cheap_iv=False|dte=30|long_delta=0.55|mom=10|short_delta=0.3|sma=50
debit_momentum,oos,AAPL,2023-06-16,2023-06-21,-216.2381,-0.500370,stop,2,432.16,debit,0,debit_momentum|cheap_iv=False|dte=30|long_delta=0.55|mom=10|short_delta=0.3|sma=50
debit_momentum,oos,AMZN,2023-05-31,2023-06-22,200.3639,0.573924,target,1,349.11,debit,0,debit_momentum|cheap_iv=False|dte=30|long_delta=0.55|mom=10|short_delta=0.3|sma=50
debit_momentum,oos,GOOGL,2023-06-15,2023-06-22,-160.4550,-0.505295,stop_gap,1,317.55,debit,0,debit_momentum|cheap_iv=False|dte=30|long_delta=0.55|mom=10|short_delta=0.3|sma=50
debit_momentum,oos,IWM,2023-06-13,2023-06-23,-204.1136,-0.654273,stop_gap,1,311.97,debit,0,debit_momentum|cheap_iv=False|dte=30|long_delta=0.55|mom=10|short_delta=0.3|sma=50
debit_momentum,oos,SPY,2023-06-14,2023-06-26,-243.4670,-0.500164,stop,1,486.77,debit,0,debit_momentum|cheap_iv=False|dte=30|long_delta=0.55|mom=10|short_delta=0.3|sma=50
debit_momentum,oos,NVDA,2023-06-22,2023-06-27,-252.6984,-0.500317,stop,2,505.08,debit,0,debit_momentum|cheap_iv=False|dte=30|long_delta=0.55|mom=10|short_delta=0.3|sma=50
debit_momentum,oos,AAPL,2023-06-22,2023-06-29,244.5432,0.478939,target,2,510.59,debit,0,debit_momentum|cheap_iv=False|dte=30|long_delta=0.55|mom=10|short_delta=0.3|sma=50
debit_momentum,oos,AMZN,2023-06-23,2023-07-10,-219.4909,-0.500182,stop,1,438.82,debit,0,debit_momentum|cheap_iv=False|dte=30|long_delta=0.55|mom=10|short_delta=0.3|sma=50
debit_momentum,oos,GOOGL,2023-06-26,2023-07-10,-162.3449,-0.500247,stop,1,324.53,debit,0,debit_momentum|cheap_iv=False|dte=30|long_delta=0.55|mom=10|short_delta=0.3|sma=50
debit_momentum,oos,META,2023-06-21,2023-07-11,284.2424,0.658952,target,1,431.36,debit,0,debit_momentum|cheap_iv=False|dte=30|long_delta=0.55|mom=10|short_delta=0.3|sma=50
debit_momentum,oos,SPY,2023-06-27,2023-07-12,302.3748,0.610747,target,1,495.09,debit,0,debit_momentum|cheap_iv=False|dte=30|long_delta=0.55|mom=10|short_delta=0.3|sma=50
debit_momentum,oos,NVDA,2023-06-29,2023-07-13,290.9969,0.696688,target,2,417.69,debit,0,debit_momentum|cheap_iv=False|dte=30|long_delta=0.55|mom=10|short_delta=0.3|sma=50
debit_momentum,oos,IWM,2023-07-10,2023-07-13,193.0657,0.615430,target,1,313.71,debit,0,debit_momentum|cheap_iv=False|dte=30|long_delta=0.55|mom=10|short_delta=0.3|sma=50
debit_momentum,oos,GOOGL,2023-07-11,2023-07-13,-213.0774,-0.500376,stop,2,425.83,debit,0,debit_momentum|cheap_iv=False|dte=30|long_delta=0.55|mom=10|short_delta=0.3|sma=50
debit_momentum,oos,GOOGL,2023-07-14,2023-07-20,-157.8549,-0.500254,stop,1,315.55,debit,0,debit_momentum|cheap_iv=False|dte=30|long_delta=0.55|mom=10|short_delta=0.3|sma=50
debit_momentum,oos,SPY,2023-07-13,2023-07-27,277.0370,0.621485,target,1,445.77,debit,0,debit_momentum|cheap_iv=False|dte=30|long_delta=0.55|mom=10|short_delta=0.3|sma=50
debit_momentum,oos,AMZN,2023-07-12,2023-08-02,-163.7859,-0.500244,stop,1,327.41,debit,0,debit_momentum|cheap_iv=False|dte=30|long_delta=0.55|mom=10|short_delta=0.3|sma=50
debit_momentum,oos,NVDA,2023-07-20,2023-08-02,-211.1615,-0.500379,stop,2,422.00,debit,0,debit_momentum|cheap_iv=False|dte=30|long_delta=0.55|mom=10|short_delta=0.3|sma=50
debit_momentum,oos,AAPL,2023-07-10,2023-08-04,-260.4832,-0.838967,stop_gap,1,310.48,debit,0,debit_momentum|cheap_iv=False|dte=30|long_delta=0.55|mom=10|short_delta=0.3|sma=50
debit_momentum,oos,IWM,2023-07-14,2023-08-04,-30.3570,-0.112013,time,1,271.01,debit,0,debit_momentum|cheap_iv=False|dte=30|long_delta=0.55|mom=10|short_delta=0.3|sma=50
debit_momentum,oos,SPY,2023-08-02,2023-08-11,-255.9581,-0.518354,stop_gap,1,493.79,debit,0,debit_momentum|cheap_iv=False|dte=30|long_delta=0.55|mom=10|short_delta=0.3|sma=50
debit_momentum,oos,NVDA,2023-08-07,2023-08-11,-257.6723,-0.543664,stop_gap,2,473.95,debit,0,debit_momentum|cheap_iv=False|dte=30|long_delta=0.55|mom=10|short_delta=0.3|sma=50
debit_momentum,oos,GOOGL,2023-07-31,2023-08-18,-254.1390,-0.500157,stop,1,508.12,debit,0,debit_momentum|cheap_iv=False|dte=30|long_delta=0.55|mom=10|short_delta=0.3|sma=50
debit_momentum,oos,NVDA,2023-08-14,2023-08-21,-187.5281,-0.500427,stop,2,374.74,debit,0,debit_momentum|cheap_iv=False|dte=30|long_delta=0.55|mom=10|short_delta=0.3|sma=50
debit_momentum,oos,AAPL,2023-08-10,2023-08-29,-213.7260,-0.500187,stop,1,427.29,debit,0,debit_momentum|cheap_iv=False|dte=30|long_delta=0.55|mom=10|short_delta=0.3|sma=50
debit_momentum,oos,IWM,2023-08-16,2023-09-01,-140.1115,-0.500286,stop,1,280.06,debit,0,debit_momentum|cheap_iv=False|dte=30|long_delta=0.55|mom=10|short_delta=0.3|sma=50
debit_momentum,oos,AMZN,2023-09-01,2023-09-05,-198.5817,-0.500202,stop,1,397.00,debit,0,debit_momentum|cheap_iv=False|dte=30|long_delta=0.55|mom=10|short_delta=0.3|sma=50
debit_momentum,oos,AAPL,2023-08-31,2023-09-06,-215.3096,-0.500186,stop,1,430.46,debit,0,debit_momentum|cheap_iv=False|dte=30|long_delta=0.55|mom=10|short_delta=0.3|sma=50
debit_momentum,oos,NVDA,2023-08-22,2023-09-07,-192.2274,-0.633348,stop_gap,1,303.51,debit,0,debit_momentum|cheap_iv=False|dte=30|long_delta=0.55|mom=10|short_delta=0.3|sma=50
debit_momentum,oos,SPY,2023-08-31,2023-09-07,-257.1825,-0.513892,stop_gap,1,500.46,debit,0,debit_momentum|cheap_iv=False|dte=30|long_delta=0.55|mom=10|short_delta=0.3|sma=50
debit_momentum,oos,IWM,2023-09-05,2023-09-07,-138.0773,-0.500290,stop,1,275.99,debit,0,debit_momentum|cheap_iv=False|dte=30|long_delta=0.55|mom=10|short_delta=0.3|sma=50
debit_momentum,oos,AMZN,2023-09-06,2023-09-13,202.7845,0.589026,target,1,344.27,debit,0,debit_momentum|cheap_iv=False|dte=30|long_delta=0.55|mom=10|short_delta=0.3|sma=50
debit_momentum,oos,GOOGL,2023-08-24,2023-09-15,111.9440,0.318712,time,1,351.24,debit,0,debit_momentum|cheap_iv=False|dte=30|long_delta=0.55|mom=10|short_delta=0.3|sma=50
debit_momentum,oos,AMZN,2023-09-15,2023-09-19,-158.3949,-0.500253,stop,1,316.63,debit,0,debit_momentum|cheap_iv=False|dte=30|long_delta=0.55|mom=10|short_delta=0.3|sma=50
debit_momentum,oos,MSFT,2023-09-07,2023-09-20,-238.3770,-0.500168,stop,1,476.59,debit,0,debit_momentum|cheap_iv=False|dte=30|long_delta=0.55|mom=10|short_delta=0.3|sma=50
debit_momentum,oos,GOOGL,2023-09-19,2023-09-20,-221.1137,-0.500362,stop,2,441.91,debit,0,debit_momentum|cheap_iv=False|dte=30|long_delta=0.55|mom=10|short_delta=0.3|sma=50
debit_momentum,oos,IWM,2023-09-08,2023-09-21,206.3782,0.718879,target,1,287.08,debit,0,debit_momentum|cheap_iv=False|dte=30|long_delta=0.55|mom=10|short_delta=0.3|sma=50
debit_momentum,oos,NVDA,2023-09-13,2023-09-21,219.7312,0.609996,target,2,360.22,debit,0,debit_momentum|cheap_iv=False|dte=30|long_delta=0.55|mom=10|short_delta=0.3|sma=50
debit_momentum,oos,AMZN,2023-09-20,2023-09-21,-172.3384,-0.500232,stop,1,344.52,debit,0,debit_momentum|cheap_iv=False|dte=30|long_delta=0.55|mom=10|short_delta=0.3|sma=50
debit_momentum,oos,SPY,2023-09-20,2023-09-25,363.1385,0.766822,target,1,473.56,debit,0,debit_momentum|cheap_iv=False|dte=30|long_delta=0.55|mom=10|short_delta=0.3|sma=50
debit_momentum,oos,AAPL,2023-09-08,2023-09-27,278.0094,0.626399,target,1,443.82,debit,0,debit_momentum|cheap_iv=False|dte=30|long_delta=0.55|mom=10|short_delta=0.3|sma=50
debit_momentum,oos,NVDA,2023-09-25,2023-09-29,-179.2004,-0.500447,stop,2,358.08,debit,0,debit_momentum|cheap_iv=False|dte=30|long_delta=0.55|mom=10|short_delta=0.3|sma=50
debit_momentum,oos,IWM,2023-09-22,2023-10-03,205.4692,0.711209,target,1,288.90,debit,0,debit_momentum|cheap_iv=False|dte=30|long_delta=0.55|mom=10|short_delta=0.3|sma=50
debit_momentum,oos,GOOGL,2023-09-22,2023-10-06,-147.6036,-0.500271,stop,1,295.05,debit,0,debit_momentum|cheap_iv=False|dte=30|long_delta=0.55|mom=10|short_delta=0.3|sma=50
debit_momentum,oos,AAPL,2023-09-29,2023-10-09,-211.2706,-0.502354,stop_gap,1,420.56,debit,0,debit_momentum|cheap_iv=False|dte=30|long_delta=0.55|mom=10|short_delta=0.3|sma=50
debit_momentum,oos,IWM,2023-10-05,2023-10-10,-143.3992,-0.500279,stop,1,286.64,debit,0,debit_momentum|cheap_iv=True|dte=30|long_delta=0.55|mom=20|short_delta=0.3|sma=50
debit_momentum,oos,NVDA,2023-10-02,2023-10-11,-201.3199,-0.500597,stop,3,402.16,debit,0,debit_momentum|cheap_iv=False|dte=30|long_delta=0.55|mom=10|short_delta=0.3|sma=50
debit_momentum,oos,AMZN,2023-09-22,2023-10-13,24.3532,0.054738,time,1,444.90,debit,0,debit_momentum|cheap_iv=False|dte=30|long_delta=0.55|mom=10|short_delta=0.3|sma=50
debit_momentum,oos,NVDA,2023-10-12,2023-10-17,-244.4883,-0.647808,stop_gap,3,377.41,debit,0,debit_momentum|cheap_iv=True|dte=30|long_delta=0.55|mom=20|short_delta=0.3|sma=50
debit_momentum,oos,IWM,2023-10-11,2023-10-20,211.6602,0.765443,target,1,276.52,debit,0,debit_momentum|cheap_iv=True|dte=30|long_delta=0.55|mom=20|short_delta=0.3|sma=50
debit_momentum,oos,GOOGL,2023-10-09,2023-10-25,-270.1561,-0.863576,stop_gap,1,312.83,debit,0,debit_momentum|cheap_iv=True|dte=30|long_delta=0.55|mom=20|short_delta=0.3|sma=50
debit_momentum,oos,AAPL,2023-10-10,2023-10-25,223.5756,0.738632,target,1,302.69,debit,0,debit_momentum|cheap_iv=True|dte=30|long_delta=0.55|mom=20|short_delta=0.3|sma=50
debit_momentum,oos,AMZN,2023-10-18,2023-11-02,-231.9698,-0.549004,stop_gap,1,422.53,debit,0,debit_momentum|cheap_iv=True|dte=30|long_delta=0.55|mom=20|short_delta=0.3|sma=50
debit_momentum,oos,AAPL,2023-11-01,2023-11-02,-208.4114,-0.500384,stop,2,416.50,debit,0,debit_momentum|cheap_iv=True|dte=30|long_delta=0.55|mom=20|short_delta=0.3|sma=50
debit_momentum,oos,IWM,2023-11-01,2023-11-03,-183.3639,-0.624992,stop_gap,1,293.39,debit,0,debit_momentum|cheap_iv=True|dte=30|long_delta=0.55|mom=20|short_delta=0.3|sma=50
debit_momentum,oos,NVDA,2023-11-01,2023-11-03,-203.3715,-0.578216,stop_gap,2,351.72,debit,0,debit_momentum|cheap_iv=True|dte=30|long_delta=0.55|mom=20|short_delta=0.3|sma=50
debit_momentum,oos,AAPL,2023-11-03,2023-11-07,287.1338,0.674954,target,2,425.41,debit,0,debit_momentum|cheap_iv=True|dte=30|long_delta=0.55|mom=20|short_delta=0.3|sma=50
debit_momentum,oos,GOOGL,2023-11-03,2023-11-14,-168.4126,-0.524776,stop_gap,1,320.92,debit,0,debit_momentum|cheap_iv=True|dte=30|long_delta=0.55|mom=20|short_delta=0.3|sma=50
debit_momentum,oos,IWM,2023-11-07,2023-11-14,-144.7322,-0.500277,stop,1,289.30,debit,0,debit_momentum|cheap_iv=True|dte=30|long_delta=0.55|mom=20|short_delta=0.3|sma=50
debit_momentum,oos,NVDA,2023-11-07,2023-11-15,260.1258,0.685862,target,3,379.27,debit,0,debit_momentum|cheap_iv=True|dte=30|long_delta=0.55|mom=20|short_delta=0.3|sma=50
debit_momentum,oos,AAPL,2023-11-08,2023-11-15,270.9930,0.592083,target,2,457.69,debit,0,debit_momentum|cheap_iv=True|dte=30|long_delta=0.55|mom=20|short_delta=0.3|sma=50
debit_momentum,oos,AMZN,2023-11-03,2023-11-22,276.4210,0.618394,target,1,447.00,debit,0,debit_momentum|cheap_iv=True|dte=30|long_delta=0.55|mom=20|short_delta=0.3|sma=50
debit_momentum,oos,NVDA,2023-11-16,2023-11-27,-232.3860,-0.525701,stop_gap,5,442.05,debit,0,debit_momentum|cheap_iv=True|dte=30|long_delta=0.55|mom=20|short_delta=0.3|sma=50
debit_momentum,oos,GOOGL,2023-11-27,2023-11-30,-244.0180,-0.500328,stop,2,487.72,debit,0,debit_momentum|cheap_iv=True|dte=30|long_delta=0.55|mom=20|short_delta=0.3|sma=50
debit_momentum,oos,IWM,2023-11-15,2023-12-04,196.5264,0.640595,target,1,306.79,debit,0,debit_momentum|cheap_iv=True|dte=30|long_delta=0.55|mom=20|short_delta=0.3|sma=50
debit_momentum,oos,AAPL,2023-11-16,2023-12-04,-221.9139,-0.500361,stop,2,443.51,debit,0,debit_momentum|cheap_iv=True|dte=30|long_delta=0.55|mom=20|short_delta=0.3|sma=50
debit_momentum,oos,AMZN,2023-11-24,2023-12-04,-153.4161,-0.500261,stop,1,306.67,debit,0,debit_momentum|cheap_iv=True|dte=30|long_delta=0.55|mom=20|short_delta=0.3|sma=50
debit_momentum,oos,MSFT,2023-11-30,2023-12-04,-220.6465,-0.500181,stop,1,441.13,debit,0,debit_momentum|cheap_iv=True|dte=30|long_delta=0.55|mom=20|short_delta=0.3|sma=50
debit_momentum,oos,SPY,2023-11-15,2023-12-08,304.5786,0.620724,target,1,490.68,debit,0,debit_momentum|cheap_iv=True|dte=30|long_delta=0.55|mom=20|short_delta=0.3|sma=50
debit_momentum,oos,AAPL,2023-12-05,2023-12-14,214.4635,0.668291,target,1,320.91,debit,0,debit_momentum|cheap_iv=True|dte=30|long_delta=0.55|mom=20|short_delta=0.3|sma=50
debit_momentum,oos,IWM,2023-12-05,2023-12-14,198.6812,0.656846,target,1,302.48,debit,0,debit_momentum|cheap_iv=True|dte=30|long_delta=0.55|mom=20|short_delta=0.3|sma=50
debit_momentum,oos,AMZN,2023-12-05,2023-12-18,203.5867,0.594125,target,1,342.67,debit,0,debit_momentum|cheap_iv=True|dte=30|long_delta=0.55|mom=20|short_delta=0.3|sma=50
debit_momentum,oos,NVDA,2023-12-04,2023-12-26,252.9551,0.642655,target,3,393.61,debit,0,debit_momentum|cheap_iv=True|dte=30|long_delta=0.55|mom=20|short_delta=0.3|sma=50
debit_momentum,oos,GOOGL,2023-12-08,2023-12-26,280.4582,0.638968,target,1,438.92,debit,0,debit_momentum|cheap_iv=True|dte=30|long_delta=0.55|mom=20|short_delta=0.3|sma=50
debit_momentum,oos,AAPL,2023-12-18,2023-12-27,-219.0544,-0.500183,stop,1,437.95,debit,0,debit_momentum|cheap_iv=True|dte=30|long_delta=0.55|mom=20|short_delta=0.3|sma=50
debit_momentum,oos,QQQ,2023-12-14,2024-01-02,-242.0556,-0.500165,stop,1,483.95,debit,0,debit_momentum|cheap_iv=True|dte=30|long_delta=0.55|mom=20|short_delta=0.3|sma=50
debit_momentum,oos,AMZN,2023-12-26,2024-01-02,-172.3702,-0.500232,stop,1,344.58,debit,0,debit_momentum|cheap_iv=True|dte=30|long_delta=0.55|mom=20|short_delta=0.3|sma=50
debit_momentum,oos,SPY,2023-12-14,2024-01-03,-229.4422,-0.500174,stop,1,458.72,debit,0,debit_momentum|cheap_iv=True|dte=30|long_delta=0.55|mom=20|short_delta=0.3|sma=50
debit_momentum,oos,IWM,2023-12-26,2024-01-03,-173.8544,-0.500230,stop,1,347.55,debit,0,debit_momentum|cheap_iv=True|dte=30|long_delta=0.55|mom=20|short_delta=0.3|sma=50
debit_momentum,oos,GOOGL,2023-12-27,2024-01-05,-222.7157,-0.500180,stop,1,445.27,debit,0,debit_momentum|cheap_iv=True|dte=30|long_delta=0.55|mom=20|short_delta=0.3|sma=50
debit_momentum,oos,AAPL,2024-01-02,2024-01-05,-226.9730,-0.500353,stop,2,453.63,debit,0,debit_momentum|cheap_iv=True|dte=30|long_delta=0.55|mom=20|short_delta=0.3|sma=50
debit_momentum,oos,NVDA,2024-01-02,2024-01-09,246.1855,0.604657,target,3,407.15,debit,0,debit_momentum|cheap_iv=True|dte=30|long_delta=0.55|mom=20|short_delta=0.3|sma=50
debit_momentum,oos,IWM,2024-01-04,2024-01-16,-206.0865,-0.500194,stop,1,412.01,debit,0,debit_momentum|cheap_iv=False|dte=42|long_delta=0.5|mom=20|short_delta=0.25|sma=50
debit_momentum,oos,AAPL,2024-01-08,2024-01-19,-169.9690,-0.500235,stop,1,339.78,debit,0,debit_momentum|cheap_iv=False|dte=42|long_delta=0.5|mom=20|short_delta=0.25|sma=50
debit_momentum,oos,GOOGL,2024-01-08,2024-01-19,309.1403,0.810202,target,1,381.56,debit,0,debit_momentum|cheap_iv=False|dte=42|long_delta=0.5|mom=20|short_delta=0.25|sma=50
debit_momentum,oos,NVDA,2024-01-10,2024-01-24,326.9604,0.945631,target,2,345.76,debit,0,debit_momentum|cheap_iv=False|dte=42|long_delta=0.5|mom=20|short_delta=0.25|sma=50
debit_momentum,oos,AMZN,2024-01-03,2024-01-26,303.2728,0.771109,target,1,393.29,debit,0,debit_momentum|cheap_iv=False|dte=42|long_delta=0.5|mom=20|short_delta=0.25|sma=50
debit_momentum,oos,GOOGL,2024-01-22,2024-01-31,-152.5345,-0.500262,stop,1,304.91,debit,0,debit_momentum|cheap_iv=False|dte=42|long_delta=0.5|mom=20|short_delta=0.25|sma=50
debit_momentum,oos,IWM,2024-01-23,2024-02-01,-190.8586,-0.500210,stop,1,381.56,debit,0,debit_momentum|cheap_iv=False|dte=42|long_delta=0.5|mom=20|short_delta=0.25|sma=50
debit_momentum,oos,AMZN,2024-01-29,2024-02-02,298.1289,0.738707,target,1,403.58,debit,0,debit_momentum|cheap_iv=False|dte=42|long_delta=0.5|mom=20|short_delta=0.25|sma=50
debit_momentum,oos,NVDA,2024-01-25,2024-02-07,231.7085,0.808973,target,1,286.42,debit,0,debit_momentum|cheap_iv=False|dte=42|long_delta=0.5|mom=20|short_delta=0.25|sma=50
debit_momentum,oos,MSFT,2024-01-22,2024-02-09,307.9767,0.802260,target,1,383.89,debit,0,debit_momentum|cheap_iv=False|dte=42|long_delta=0.5|mom=20|short_delta=0.25|sma=50
debit_momentum,oos,AAPL,2024-02-01,2024-02-23,-225.6446,-0.511495,stop_gap,1,441.15,debit,0,debit_momentum|cheap_iv=False|dte=42|long_delta=0.5|mom=20|short_delta=0.25|sma=50
debit_momentum,oos,NVDA,2024-02-08,2024-02-23,229.7990,0.791750,target,1,290.24,debit,0,debit_momentum|cheap_iv=False|dte=42|long_delta=0.5|mom=20|short_delta=0.25|sma=50
debit_momentum,oos,GOOGL,2024-02-02,2024-02-26,-220.0733,-0.500182,stop,1,439.99,debit,0,debit_momentum|cheap_iv=False|dte=42|long_delta=0.5|mom=20|short_delta=0.25|sma=50
debit_momentum,oos,IWM,2024-02-02,2024-02-29,309.8253,0.814924,target,1,380.19,debit,0,debit_momentum|cheap_iv=False|dte=42|long_delta=0.5|mom=20|short_delta=0.25|sma=50
debit_momentum,oos,AAPL,2024-02-26,2024-03-04,324.1398,0.922423,target,2,351.40,debit,0,debit_momentum|cheap_iv=False|dte=42|long_delta=0.5|mom=20|short_delta=0.25|sma=50
debit_momentum,oos,NVDA,2024-02-26,2024-03-08,426.1132,1.071677,target,1,397.61,debit,0,debit_momentum|cheap_iv=False|dte=42|long_delta=0.5|mom=20|short_delta=0.25|sma=50
debit_momentum,oos,IWM,2024-03-01,2024-03-14,-211.7181,-0.500189,stop,1,423.28,debit,0,debit_momentum|cheap_iv=False|dte=42|long_delta=0.5|mom=20|short_delta=0.25|sma=50
debit_momentum,oos,GOOGL,2024-02-27,2024-03-18,-328.5901,-0.685438,stop_gap,1,479.39,debit,0,debit_momentum|cheap_iv=False|dte=42|long_delta=0.5|mom=20|short_delta=0.25|sma=50
debit_momentum,oos,AAPL,2024-03-05,2024-03-18,-139.8395,-0.500286,stop,1,279.52,debit,0,debit_momentum|cheap_iv=False|dte=42|long_delta=0.5|mom=20|short_delta=0.25|sma=50
debit_momentum,oos,NVDA,2024-03-22,2024-04-09,-213.1361,-0.532202,stop_gap,1,400.48,debit,0,debit_momentum|cheap_iv=False|dte=42|long_delta=0.5|mom=20|short_delta=0.25|sma=50
debit_momentum,oos,AMZN,2024-03-05,2024-04-11,314.7510,0.849902,target,1,370.34,debit,0,debit_momentum|cheap_iv=False|dte=42|long_delta=0.5|mom=20|short_delta=0.25|sma=50
debit_momentum,oos,IWM,2024-03-15,2024-04-12,-188.8760,-0.500212,stop,1,377.59,debit,0,debit_momentum|cheap_iv=False|dte=42|long_delta=0.5|mom=20|short_delta=0.25|sma=50
debit_momentum,oos,AMZN,2024-04-12,2024-04-17,-190.5159,-0.500210,stop,1,380.87,debit,0,debit_momentum|cheap_iv=False|dte=42|long_delta=0.5|mom=20|short_delta=0.25|sma=50
debit_momentum,oos,NVDA,2024-04-15,2024-04-19,-184.6686,-0.500217,stop,1,369.18,debit,0,debit_momentum|cheap_iv=False|dte=42|long_delta=0.5|mom=20|short_delta=0.25|sma=50
debit_momentum,oos,GOOGL,2024-03-21,2024-04-25,-239.4190,-0.548738,stop_gap,1,436.31,debit,0,debit_momentum|cheap_iv=False|dte=42|long_delta=0.5|mom=20|short_delta=0.25|sma=50
debit_momentum,oos,AMZN,2024-04-18,2024-04-25,-353.7556,-0.738697,stop_gap,1,478.89,debit,0,debit_momentum|cheap_iv=False|dte=42|long_delta=0.5|mom=20|short_delta=0.25|sma=50
debit_momentum,oos,AAPL,2024-03-19,2024-04-26,150.8381,0.440858,time,1,342.15,debit,0,debit_momentum|cheap_iv=False|dte=42|long_delta=0.5|mom=20|short_delta=0.25|sma=50
debit_momentum,oos,AAPL,2024-04-29,2024-05-03,-247.5647,-0.657105,stop_gap,1,376.75,debit,0,debit_momentum|cheap_iv=False|dte=42|long_delta=0.5|mom=20|short_delta=0.25|sma=50
debit_momentum,oos,IWM,2024-04-15,2024-05-06,-209.7456,-0.523486,stop_gap,1,400.67,debit,0,debit_momentum|cheap_iv=False|dte=42|long_delta=0.5|mom=20|short_delta=0.25|sma=50
debit_momentum,oos,AMZN,2024-04-26,2024-05-06,-231.9430,-0.500173,stop,1,463.73,debit,0,debit_momentum|cheap_iv=False|dte=42|long_delta=0.5|mom=20|short_delta=0.25|sma=50
debit_momentum,oos,GOOGL,2024-04-26,2024-05-10,-184.7153,-0.500217,stop,1,369.27,debit,0,debit_momentum|cheap_iv=False|dte=42|long_delta=0.5|mom=20|short_delta=0.25|sma=50
debit_momentum,oos,AMZN,2024-05-08,2024-05-21,-227.6037,-0.500176,stop,1,455.05,debit,0,debit_momentum|cheap_iv=False|dte=42|long_delta=0.5|mom=20|short_delta=0.25|sma=50
debit_momentum,oos,NVDA,2024-05-06,2024-05-23,421.6743,1.037351,target,1,406.49,debit,0,debit_momentum|cheap_iv=False|dte=42|long_delta=0.5|mom=20|short_delta=0.25|sma=50
debit_momentum,oos,AMZN,2024-05-29,2024-05-31,-245.3585,-0.500163,stop,1,490.56,debit,0,debit_momentum|cheap_iv=False|dte=42|long_delta=0.5|mom=20|short_delta=0.25|sma=50
debit_momentum,oos,AAPL,2024-05-06,2024-06-04,397.8099,0.875809,target,1,454.22,debit,0,debit_momentum|cheap_iv=False|dte=42|long_delta=0.5|mom=20|short_delta=0.25|sma=50
debit_momentum,oos,IWM,2024-05-09,2024-06-04,-194.5593,-0.500206,stop,1,388.96,debit,0,debit_momentum|cheap_iv=False|dte=42|long_delta=0.5|mom=20|short_delta=0.25|sma=50
debit_momentum,oos,AMZN,2024-06-03,2024-06-06,-148.4333,-0.500270,stop,1,296.71,debit,0,debit_momentum|cheap_iv=False|dte=42|long_delta=0.5|mom=20|short_delta=0.25|sma=50
debit_momentum,oos,NVDA,2024-05-24,2024-06-12,503.8644,1.023883,target,1,492.11,debit,0,debit_momentum|cheap_iv=False|dte=42|long_delta=0.5|mom=20|short_delta=0.25|sma=50
debit_momentum,oos,AAPL,2024-06-05,2024-06-12,307.2536,0.797372,target,1,385.33,debit,0,debit_momentum|cheap_iv=False|dte=42|long_delta=0.5|mom=20|short_delta=0.25|sma=50
debit_momentum,oos,GOOGL,2024-05-28,2024-07-03,323.3772,0.915860,target,1,353.09,debit,0,debit_momentum|cheap_iv=False|dte=42|long_delta=0.5|mom=20|short_delta=0.25|sma=50
debit_momentum,oos,IWM,2024-06-05,2024-07-11,-295.3959,-0.751635,stop_gap,1,393.00,debit,0,debit_momentum|cheap_iv=False|dte=42|long_delta=0.5|mom=20|short_delta=0.25|sma=50
debit_momentum,oos,AMZN,2024-06-12,2024-07-18,-192.6399,-0.500208,stop,1,385.12,debit,0,debit_momentum|cheap_iv=False|dte=42|long_delta=0.5|mom=20|short_delta=0.25|sma=50
debit_momentum,oos,IWM,2024-07-12,2024-07-31,312.7292,0.835322,target,1,374.38,debit,0,debit_momentum|cheap_iv=False|dte=42|long_delta=0.5|mom=20|short_delta=0.25|sma=50
debit_momentum,oos,AMZN,2024-07-29,2024-08-02,402.3963,0.904165,target,1,445.05,debit,0,debit_momentum|cheap_iv=False|dte=42|long_delta=0.5|mom=20|short_delta=0.25|sma=50
debit_momentum,oos,IWM,2024-08-01,2024-08-02,-329.1520,-0.679205,stop_gap,1,484.61,debit,0,debit_momentum|cheap_iv=False|dte=42|long_delta=0.5|mom=20|short_delta=0.25|sma=50
debit_momentum,oos,IWM,2024-08-05,2024-08-15,412.0188,0.865945,target,1,475.80,debit,0,debit_momentum|cheap_iv=False|dte=42|long_delta=0.5|mom=20|short_delta=0.25|sma=50
debit_momentum,oos,GOOGL,2024-07-29,2024-08-30,153.4336,0.329257,time,1,466.00,debit,0,debit_momentum|cheap_iv=False|dte=42|long_delta=0.5|mom=20|short_delta=0.25|sma=50
debit_momentum,oos,AAPL,2024-08-16,2024-09-04,-207.9973,-0.500192,stop,1,415.83,debit,0,debit_momentum|cheap_iv=False|dte=42|long_delta=0.5|mom=20|short_delta=0.25|sma=50
debit_momentum,oos,IWM,2024-08-30,2024-09-06,-222.8425,-0.500180,stop,1,445.52,debit,0,debit_momentum|cheap_iv=False|dte=42|long_delta=0.5|mom=20|short_delta=0.25|sma=50
debit_momentum,oos,GOOGL,2024-09-03,2024-09-09,236.4475,0.853770,target,1,276.95,debit,0,debit_momentum|cheap_iv=False|dte=42|long_delta=0.5|mom=20|short_delta=0.25|sma=50
debit_momentum,oos,GOOGL,2024-09-10,2024-09-19,-279.4484,-0.589178,stop_gap,1,474.30,debit,0,debit_momentum|cheap_iv=False|dte=42|long_delta=0.5|mom=20|short_delta=0.25|sma=50
debit_momentum,oos,AAPL,2024-09-16,2024-09-19,-201.4427,-0.500199,stop,1,402.73,debit,0,debit_momentum|cheap_iv=False|dte=42|long_delta=0.5|mom=20|short_delta=0.25|sma=50
debit_momentum,oos,AMZN,2024-09-23,2024-10-01,-228.2284,-0.500175,stop,1,456.30,debit,0,debit_momentum|cheap_iv=False|dte=42|long_delta=0.5|mom=20|short_delta=0.25|sma=50
debit_momentum,oos,IWM,2024-09-16,2024-10-10,-245.4884,-0.500163,stop,1,490.82,debit,0,debit_momentum|cheap_iv=False|dte=42|long_delta=0.5|mom=20|short_delta=0.25|sma=50
debit_momentum,oos,GOOGL,2024-09-20,2024-10-15,-229.0745,-0.500175,stop,1,457.99,debit,0,debit_momentum|cheap_iv=False|dte=42|long_delta=0.5|mom=20|short_delta=0.25|sma=50
debit_momentum,oos,AAPL,2024-09-23,2024-10-25,13.2193,0.033534,time,1,394.20,debit,0,debit_momentum|cheap_iv=False|dte=42|long_delta=0.5|mom=20|short_delta=0.25|sma=50
debit_momentum,oos,AMZN,2024-11-14,2024-11-15,-212.7414,-0.500188,stop,1,425.32,debit,0,debit_momentum|cheap_iv=True|dte=30|long_delta=0.55|mom=20|short_delta=0.3|sma=50
debit_momentum,oos,GOOGL,2024-11-14,2024-11-15,-171.8310,-0.500233,stop,1,343.50,debit,0,debit_momentum|cheap_iv=True|dte=30|long_delta=0.55|mom=20|short_delta=0.3|sma=50
debit_momentum,oos,IWM,2024-11-14,2024-11-15,-201.1486,-0.500199,stop,1,402.14,debit,0,debit_momentum|cheap_iv=True|dte=30|long_delta=0.55|mom=20|short_delta=0.3|sma=50
debit_momentum,oos,NVDA,2024-11-14,2024-11-15,-206.3443,-0.500194,stop,1,412.53,debit,0,debit_momentum|cheap_iv=True|dte=30|long_delta=0.55|mom=20|short_delta=0.3|sma=50
debit_momentum,oos,AAPL,2024-11-27,2024-12-03,269.6938,0.585919,target,2,460.29,debit,0,debit_momentum|cheap_iv=True|dte=30|long_delta=0.55|mom=20|short_delta=0.3|sma=50
debit_momentum,oos,IWM,2024-11-27,2024-12-10,-221.1779,-0.500181,stop,1,442.20,debit,0,debit_momentum|cheap_iv=True|dte=30|long_delta=0.55|mom=20|short_delta=0.3|sma=50
debit_momentum,oos,NVDA,2024-12-04,2024-12-16,-203.6794,-0.500196,stop,1,407.20,debit,0,debit_momentum|cheap_iv=True|dte=30|long_delta=0.55|mom=20|short_delta=0.3|sma=50
debit_momentum,oos,AAPL,2024-12-05,2024-12-17,278.6245,0.629758,target,2,442.43,debit,0,debit_momentum|cheap_iv=True|dte=30|long_delta=0.55|mom=20|short_delta=0.3|sma=50
debit_momentum,oos,IWM,2024-12-12,2024-12-18,-202.5960,-0.500198,stop,1,405.03,debit,0,debit_momentum|cheap_iv=True|dte=30|long_delta=0.55|mom=20|short_delta=0.3|sma=50
debit_momentum,oos,AMZN,2024-12-26,2024-12-30,-204.7038,-0.500195,stop,1,409.25,debit,0,debit_momentum|cheap_iv=True|dte=30|long_delta=0.55|mom=20|short_delta=0.3|sma=50
debit_momentum,oos,NVDA,2024-12-26,2025-01-06,217.3108,0.689398,target,1,315.22,debit,0,debit_momentum|cheap_iv=True|dte=30|long_delta=0.55|mom=20|short_delta=0.3|sma=50
debit_momentum,oos,IWM,2024-12-26,2025-01-13,268.0559,0.736968,target,1,363.73,debit,0,debit_momentum|cheap_iv=True|dte=30|long_delta=0.55|mom=20|short_delta=0.3|sma=50
debit_momentum,oos,AMZN,2025-01-27,2025-01-28,270.5968,0.589990,target,1,458.65,debit,0,debit_momentum|cheap_iv=True|dte=30|long_delta=0.55|mom=20|short_delta=0.3|sma=50
debit_momentum,oos,GOOGL,2025-01-27,2025-02-04,212.5067,0.654216,target,1,324.83,debit,0,debit_momentum|cheap_iv=True|dte=30|long_delta=0.55|mom=20|short_delta=0.3|sma=50
debit_momentum,oos,NVDA,2025-01-27,2025-02-18,293.5899,0.711457,target,1,412.66,debit,0,debit_momentum|cheap_iv=True|dte=30|long_delta=0.55|mom=20|short_delta=0.3|sma=50
debit_momentum,oos,IWM,2025-02-20,2025-02-24,241.3006,0.760628,target,1,317.24,debit,0,debit_momentum|cheap_iv=True|dte=30|long_delta=0.55|mom=20|short_delta=0.3|sma=50
debit_momentum,oos,AAPL,2025-06-09,2025-06-13,-209.9694,-0.500191,stop,1,419.78,debit,0,debit_momentum|cheap_iv=True|dte=30|long_delta=0.55|mom=20|short_delta=0.3|sma=50
debit_momentum,oos,GOOGL,2025-06-09,2025-06-20,-162.8510,-0.500246,stop,1,325.54,debit,0,debit_momentum|cheap_iv=True|dte=30|long_delta=0.55|mom=20|short_delta=0.3|sma=50
debit_momentum,oos,IWM,2025-06-09,2025-06-23,-199.0387,-0.500201,stop,1,397.92,debit,0,debit_momentum|cheap_iv=True|dte=30|long_delta=0.55|mom=20|short_delta=0.3|sma=50
debit_momentum,oos,MSFT,2025-06-09,2025-06-23,270.3938,0.589026,target,1,459.05,debit,0,debit_momentum|cheap_iv=True|dte=30|long_delta=0.55|mom=20|short_delta=0.3|sma=50
debit_momentum,oos,NVDA,2025-06-09,2025-06-25,284.6404,0.661095,target,1,430.56,debit,0,debit_momentum|cheap_iv=True|dte=30|long_delta=0.55|mom=20|short_delta=0.3|sma=50
debit_momentum,oos,IWM,2025-06-25,2025-07-10,254.8424,0.653182,target,1,390.16,debit,0,debit_momentum|cheap_iv=True|dte=30|long_delta=0.55|mom=20|short_delta=0.3|sma=50
debit_momentum,oos,AMZN,2025-06-25,2025-07-14,287.8597,0.678721,target,1,424.12,debit,0,debit_momentum|cheap_iv=True|dte=30|long_delta=0.55|mom=20|short_delta=0.3|sma=50
debit_momentum,oos,AAPL,2025-07-01,2025-07-24,266.3346,0.570101,target,1,467.17,debit,0,debit_momentum|cheap_iv=True|dte=30|long_delta=0.55|mom=20|short_delta=0.3|sma=50
debit_momentum,oos,IWM,2025-07-11,2025-07-30,-200.9654,-0.500199,stop,1,401.77,debit,0,debit_momentum|cheap_iv=True|dte=30|long_delta=0.55|mom=20|short_delta=0.3|sma=50
debit_momentum,oos,AAPL,2025-07-25,2025-07-30,-211.4927,-0.500189,stop,1,422.83,debit,0,debit_momentum|cheap_iv=True|dte=30|long_delta=0.55|mom=20|short_delta=0.3|sma=50
debit_momentum,oos,AAPL,2025-07-31,2025-08-01,-194.6110,-0.500206,stop,1,389.06,debit,0,debit_momentum|cheap_iv=True|dte=30|long_delta=0.55|mom=20|short_delta=0.3|sma=50
debit_momentum,oos,IWM,2025-07-31,2025-08-01,-194.3332,-0.500206,stop,1,388.51,debit,0,debit_momentum|cheap_iv=True|dte=30|long_delta=0.55|mom=20|short_delta=0.3|sma=50
debit_momentum,oos,AAPL,2025-08-05,2025-08-06,-187.5498,-0.500213,stop,1,374.94,debit,0,debit_momentum|cheap_iv=True|dte=30|long_delta=0.55|mom=20|short_delta=0.3|sma=50
debit_momentum,oos,GOOGL,2025-07-29,2025-08-13,284.6089,0.660925,target,1,430.62,debit,0,debit_momentum|cheap_iv=True|dte=30|long_delta=0.55|mom=20|short_delta=0.3|sma=50
debit_momentum,oos,NVDA,2025-08-13,2025-08-20,-213.4124,-0.500188,stop,1,426.66,debit,0,debit_momentum|cheap_iv=True|dte=30|long_delta=0.55|mom=20|short_delta=0.3|sma=50
debit_momentum,oos,AAPL,2025-08-07,2025-08-28,286.1705,0.669406,target,1,427.50,debit,0,debit_momentum|cheap_iv=True|dte=30|long_delta=0.55|mom=20|short_delta=0.3|sma=50
debit_momentum,oos,GOOGL,2025-08-14,2025-08-28,271.8897,0.596170,target,1,456.06,debit,0,debit_momentum|cheap_iv=True|dte=30|long_delta=0.55|mom=20|short_delta=0.3|sma=50
debit_momentum,oos,IWM,2025-08-13,2025-08-29,246.1242,0.603850,target,1,407.59,debit,0,debit_momentum|cheap_iv=True|dte=30|long_delta=0.55|mom=20|short_delta=0.3|sma=50
debit_momentum,oos,NVDA,2025-08-21,2025-09-02,-211.7927,-0.500189,stop,1,423.43,debit,0,debit_momentum|cheap_iv=True|dte=30|long_delta=0.55|mom=20|short_delta=0.3|sma=50
debit_momentum,oos,GOOGL,2025-08-29,2025-09-03,286.5232,0.671339,target,1,426.79,debit,0,debit_momentum|cheap_iv=True|dte=30|long_delta=0.55|mom=20|short_delta=0.3|sma=50
debit_momentum,oos,IWM,2025-09-02,2025-09-17,281.4850,0.644322,target,1,436.87,debit,0,debit_momentum|cheap_iv=True|dte=30|long_delta=0.55|mom=20|short_delta=0.3|sma=50
debit_momentum,oos,IWM,2025-09-18,2025-09-30,-6.2198,-0.014364,window_mtm,1,433.00,debit,0,debit_momentum|cheap_iv=True|dte=30|long_delta=0.55|mom=20|short_delta=0.3|sma=50
debit_momentum,holdout,IWM,2025-10-02,2025-10-24,203.9238,0.466263,time,1,437.36,debit,0,debit_momentum|cheap_iv=True|dte=30|long_delta=0.55|mom=20|short_delta=0.3|sma=50
debit_momentum,holdout,IWM,2025-10-27,2025-11-03,-220.5703,-0.500181,stop,1,440.98,debit,0,debit_momentum|cheap_iv=True|dte=30|long_delta=0.55|mom=20|short_delta=0.3|sma=50
debit_momentum,holdout,AAPL,2025-10-28,2025-11-20,-215.0665,-0.500186,stop,1,429.97,debit,0,debit_momentum|cheap_iv=True|dte=30|long_delta=0.55|mom=20|short_delta=0.3|sma=50
debit_momentum,holdout,AAPL,2025-11-28,2025-12-03,263.8445,0.558814,target,1,472.15,debit,0,debit_momentum|cheap_iv=True|dte=30|long_delta=0.55|mom=20|short_delta=0.3|sma=50
debit_momentum,holdout,AAPL,2025-12-04,2025-12-08,-231.3269,-0.500346,stop,2,462.33,debit,0,debit_momentum|cheap_iv=True|dte=30|long_delta=0.55|mom=20|short_delta=0.3|sma=50
debit_momentum,holdout,IWM,2025-11-28,2025-12-11,281.7670,0.645802,target,1,436.31,debit,0,debit_momentum|cheap_iv=True|dte=30|long_delta=0.55|mom=20|short_delta=0.3|sma=50
debit_momentum,holdout,IWM,2025-12-12,2025-12-16,-204.7400,-0.512094,stop_gap,1,399.81,debit,0,debit_momentum|cheap_iv=True|dte=30|long_delta=0.55|mom=20|short_delta=0.3|sma=50
debit_momentum,holdout,AAPL,2025-12-11,2025-12-17,-197.2137,-0.500203,stop,1,394.27,debit,0,debit_momentum|cheap_iv=True|dte=30|long_delta=0.55|mom=20|short_delta=0.3|sma=50
debit_momentum,holdout,IWM,2025-12-17,2025-12-31,-222.3892,-0.500180,stop,1,444.62,debit,0,debit_momentum|cheap_iv=True|dte=30|long_delta=0.55|mom=20|short_delta=0.3|sma=50
debit_momentum,holdout,AAPL,2025-12-19,2026-01-05,-237.9366,-0.500168,stop,1,475.71,debit,0,debit_momentum|cheap_iv=True|dte=30|long_delta=0.55|mom=20|short_delta=0.3|sma=50
debit_momentum,holdout,IWM,2026-01-02,2026-01-08,223.2313,0.631708,target,1,353.38,debit,0,debit_momentum|cheap_iv=True|dte=30|long_delta=0.55|mom=20|short_delta=0.3|sma=50
debit_momentum,holdout,AAPL,2026-01-06,2026-01-08,300.2082,0.751604,target,1,399.42,debit,0,debit_momentum|cheap_iv=True|dte=30|long_delta=0.55|mom=20|short_delta=0.3|sma=50
debit_momentum,holdout,AAPL,2026-01-09,2026-01-20,323.1139,0.913752,target,1,353.61,debit,0,debit_momentum|cheap_iv=True|dte=30|long_delta=0.55|mom=20|short_delta=0.3|sma=50
debit_momentum,holdout,IWM,2026-01-09,2026-01-22,254.1025,0.648825,target,1,391.64,debit,0,debit_momentum|cheap_iv=True|dte=30|long_delta=0.55|mom=20|short_delta=0.3|sma=50
debit_momentum,holdout,AAPL,2026-01-22,2026-01-27,-186.4729,-0.500215,stop,1,372.79,debit,0,debit_momentum|cheap_iv=True|dte=30|long_delta=0.55|mom=20|short_delta=0.3|sma=50
debit_momentum,holdout,IWM,2026-01-23,2026-01-29,-221.0171,-0.500181,stop,1,441.87,debit,0,debit_momentum|cheap_iv=True|dte=30|long_delta=0.55|mom=20|short_delta=0.3|sma=50
debit_momentum,holdout,AAPL,2026-01-29,2026-02-04,-208.6697,-0.500192,stop,1,417.18,debit,0,debit_momentum|cheap_iv=True|dte=30|long_delta=0.55|mom=20|short_delta=0.3|sma=50
debit_momentum,holdout,IWM,2026-01-30,2026-02-20,70.5867,0.159587,time,1,442.31,debit,0,debit_momentum|cheap_iv=True|dte=30|long_delta=0.55|mom=20|short_delta=0.3|sma=50
debit_momentum,holdout,IWM,2026-05-08,2026-05-18,-241.6206,-0.500166,stop,1,483.08,debit,0,debit_momentum|cheap_iv=True|dte=30|long_delta=0.55|mom=20|short_delta=0.3|sma=50
debit_momentum,holdout,IWM,2026-06-05,2026-06-09,-243.3384,-0.500164,stop,1,486.52,debit,0,debit_momentum|cheap_iv=True|dte=30|long_delta=0.55|mom=20|short_delta=0.3|sma=50
debit_momentum,holdout,IWM,2026-07-08,2026-07-29,-243.7969,-0.500164,stop,1,487.43,debit,0,debit_momentum|cheap_iv=True|dte=30|long_delta=0.55|mom=20|short_delta=0.3|sma=50
debit_momentum,holdout,NVDA,2026-07-10,2026-07-31,8.5748,0.019765,time,1,433.84,debit,0,debit_momentum|cheap_iv=True|dte=30|long_delta=0.55|mom=20|short_delta=0.3|sma=50
debit_momentum,holdout,IWM,2026-08-03,2026-08-10,-239.2344,-0.500167,stop,1,478.31,debit,0,debit_momentum|cheap_iv=True|dte=30|long_delta=0.55|mom=20|short_delta=0.3|sma=50
debit_momentum,holdout,IWM,2026-08-11,2026-08-28,-240.7954,-0.500166,stop,1,481.43,debit,0,debit_momentum|cheap_iv=True|dte=30|long_delta=0.55|mom=20|short_delta=0.3|sma=50
debit_momentum,holdout,IWM,2026-09-01,2026-09-16,330.2299,0.751581,target,1,439.38,debit,0,debit_momentum|cheap_iv=True|dte=30|long_delta=0.55|mom=20|short_delta=0.3|sma=50
debit_momentum,holdout,IWM,2026-09-18,2026-09-30,215.0823,0.527412,window_mtm,1,407.81,debit,0,debit_momentum|cheap_iv=True|dte=30|long_delta=0.55|mom=20|short_delta=0.3|sma=50
short_dated,is_default,SPY,2018-01-03,2018-01-04,220.2545,0.480852,target,9,458.05,debit,0,short_dated|dte=5|long_delta=0.5|lookback=3|short_delta=0.3|sma=20|thresh=0.003
short_dated,is_default,IWM,2018-01-05,2018-01-08,-233.2784,-0.501721,stop,10,464.96,debit,0,short_dated|dte=5|long_delta=0.5|lookback=3|short_delta=0.3|sma=20|thresh=0.003
short_dated,is_default,QQQ,2018-01-04,2018-01-09,274.2975,0.609814,target,10,449.81,debit,0,short_dated|dte=5|long_delta=0.5|lookback=3|short_delta=0.3|sma=20|thresh=0.003
short_dated,is_default,SPY,2018-01-05,2018-01-09,298.7880,0.745434,target,10,400.82,debit,0,short_dated|dte=5|long_delta=0.5|lookback=3|short_delta=0.3|sma=20|thresh=0.003
short_dated,is_default,IWM,2018-01-09,2018-01-10,-334.4063,-0.666155,stop_gap,10,501.99,debit,0,short_dated|dte=5|long_delta=0.5|lookback=3|short_delta=0.3|sma=20|thresh=0.003
short_dated,is_default,IWM,2018-01-12,2018-01-16,-222.2320,-0.501806,stop,10,442.86,debit,0,short_dated|dte=5|long_delta=0.5|lookback=3|short_delta=0.3|sma=20|thresh=0.003
short_dated,is_default,QQQ,2018-01-12,2018-01-16,283.5772,0.656359,target,5,432.05,debit,0,short_dated|dte=5|long_delta=0.5|lookback=3|short_delta=0.3|sma=20|thresh=0.003
short_dated,is_default,SPY,2018-01-12,2018-01-16,279.6229,0.635573,target,5,439.95,debit,0,short_dated|dte=5|long_delta=0.5|lookback=3|short_delta=0.3|sma=20|thresh=0.003
short_dated,is_default,IWM,2018-01-17,2018-01-17,-235.0683,-0.501707,stop,10,468.54,debit,0,short_dated|dte=5|long_delta=0.5|lookback=3|short_delta=0.3|sma=20|thresh=0.003
short_dated,is_default,QQQ,2018-01-17,2018-01-17,-245.8940,-0.501632,stop,10,490.19,debit,0,short_dated|dte=5|long_delta=0.5|lookback=3|short_delta=0.3|sma=20|thresh=0.003
short_dated,is_default,SPY,2018-01-17,2018-01-17,-250.7114,-0.501440,stop,9,499.98,debit,0,short_dated|dte=5|long_delta=0.5|lookback=3|short_delta=0.3|sma=20|thresh=0.003
short_dated,is_default,QQQ,2018-01-18,2018-01-23,356.8758,0.735389,target,6,485.29,debit,0,short_dated|dte=5|long_delta=0.5|lookback=3|short_delta=0.3|sma=20|thresh=0.003
short_dated,is_default,SPY,2018-01-18,2018-01-23,285.3544,0.665951,target,5,428.49,debit,0,short_dated|dte=5|long_delta=0.5|lookback=3|short_delta=0.3|sma=20|thresh=0.003
short_dated,is_default,IWM,2018-01-22,2018-01-24,271.9290,0.597197,target,5,455.34,debit,0,short_dated|dte=5|long_delta=0.5|lookback=3|short_delta=0.3|sma=20|thresh=0.003
short_dated,is_default,QQQ,2018-01-24,2018-01-24,-232.7224,-0.501552,stop,9,464.00,debit,0,short_dated|dte=5|long_delta=0.5|lookback=3|short_delta=0.3|sma=20|thresh=0.003
short_dated,is_default,SPY,2018-01-24,2018-01-24,-249.9433,-0.501444,stop,9,498.45,debit,0,short_dated|dte=5|long_delta=0.5|lookback=3|short_delta=0.3|sma=20|thresh=0.003
short_dated,is_default,QQQ,2018-01-25,2018-01-30,-217.0323,-0.508022,stop_gap,5,427.21,debit,0,short_dated|dte=5|long_delta=0.5|lookback=3|short_delta=0.3|sma=20|thresh=0.003
short_dated,is_default,SPY,2018-01-25,2018-01-30,-196.7628,-0.500611,stop,3,393.05,debit,0,short_dated|dte=5|long_delta=0.5|lookback=3|short_delta=0.3|sma=20|thresh=0.003
short_dated,is_default,IWM,2018-02-01,2018-02-05,377.2833,0.848221,target,4,444.79,debit,0,short_dated|dte=5|long_delta=0.5|lookback=3|short_delta=0.3|sma=20|thresh=0.003
short_dated,is_default,QQQ,2018-02-05,2018-02-05,-229.6864,-0.501047,stop,6,458.41,debit,0,short_dated|dte=5|long_delta=0.5|lookback=3|short_delta=0.3|sma=20|thresh=0.003
short_dated,is_default,SPY,2018-02-05,2018-02-05,355.2111,0.726496,target,4,488.94,debit,0,short_dated|dte=5|long_delta=0.5|lookback=3|short_delta=0.3|sma=20|thresh=0.003
short_dated,is_default,IWM,2018-02-06,2018-02-06,-238.7387,-0.500503,stop,3,477.00,debit,0,short_dated|dte=5|long_delta=0.5|lookback=3|short_delta=0.3|sma=20|thresh=0.003
short_dated,is_default,QQQ,2018-02-06,2018-02-06,-231.0539,-0.500520,stop,3,461.63,debit,0,short_dated|dte=5|long_delta=0.5|lookback=3|short_delta=0.3|sma=20|thresh=0.003
short_dated,is_default,SPY,2018-02-06,2018-02-06,-133.8045,-0.500299,stop,1,267.45,debit,0,short_dated|dte=5|long_delta=0.5|lookback=3|short_delta=0.3|sma=20|thresh=0.003
short_dated,is_default,QQQ,2018-02-07,2018-02-07,-222.0911,-0.500902,stop,5,443.38,debit,0,short_dated|dte=5|long_delta=0.5|lookback=3|short_delta=0.3|sma=20|thresh=0.003
short_dated,is_default,IWM,2018-02-07,2018-02-08,275.1752,0.613068,target,5,448.85,debit,0,short_dated|dte=5|long_delta=0.5|lookback=3|short_delta=0.3|sma=20|thresh=0.003
short_dated,is_default,SPY,2018-02-07,2018-02-08,304.2282,0.777633,target,2,391.22,debit,0,short_dated|dte=5|long_delta=0.5|lookback=3|short_delta=0.3|sma=20|thresh=0.003
short_dated,is_default,QQQ,2018-02-08,2018-02-08,365.9786,0.782737,target,3,467.56,debit,0,short_dated|dte=5|long_delta=0.5|lookback=3|short_delta=0.3|sma=20|thresh=0.003
short_dated,is_default,IWM,2018-02-09,2018-02-12,-232.0388,-0.500518,stop,3,463.60,debit,0,short_dated|dte=5|long_delta=0.5|lookback=3|short_delta=0.3|sma=20|thresh=0.003
short_dated,is_default,QQQ,2018-02-09,2018-02-12,-195.6919,-0.500409,stop,2,391.06,debit,0,short_dated|dte=5|long_delta=0.5|lookback=3|short_delta=0.3|sma=20|thresh=0.003
short_dated,is_default,SPY,2018-02-09,2018-02-12,-152.5433,-0.500262,stop,1,304.93,debit,0,short_dated|dte=5|long_delta=0.5|lookback=3|short_delta=0.3|sma=20|thresh=0.003
short_dated,is_default,IWM,2018-02-13,2018-02-13,-192.9527,-0.502082,stop,10,384.31,debit,0,short_dated|dte=5|long_delta=0.5|lookback=3|short_delta=0.3|sma=20|thresh=0.003
short_dated,is_default,QQQ,2018-02-13,2018-02-13,-230.0726,-0.501045,stop,6,459.19,debit,0,short_dated|dte=5|long_delta=0.5|lookback=3|short_delta=0.3|sma=20|thresh=0.003
short_dated,is_default,SPY,2018-02-13,2018-02-14,-233.2183,-0.500687,stop,4,465.80,debit,0,short_dated|dte=5|long_delta=0.5|lookback=3|short_delta=0.3|sma=20|thresh=0.003
short_dated,is_default,QQQ,2018-02-16,2018-02-22,-195.5700,-0.500614,stop,3,390.66,debit,0,short_dated|dte=5|long_delta=0.5|lookback=3|short_delta=0.3|sma=20|thresh=0.003
short_dated,is_default,SPY,2018-02-22,2018-02-23,-226.4151,-0.500531,stop,3,452.35,debit,0,short_dated|dte=5|long_delta=0.5|lookback=3|short_delta=0.3|sma=20|thresh=0.003
short_dated,is_default,IWM,2018-02-22,2018-02-26,-305.9098,-0.682043,stop_gap,4,448.52,debit,0,short_dated|dte=5|long_delta=0.5|lookback=3|short_delta=0.3|sma=20|thresh=0.003
short_dated,is_default,IWM,2018-02-27,2018-02-27,-230.9214,-0.501564,stop,9,460.40,debit,0,short_dated|dte=5|long_delta=0.5|lookback=3|short_delta=0.3|sma=20|thresh=0.003
short_dated,is_default,QQQ,2018-02-26,2018-02-28,-222.8276,-0.501621,stop,9,444.22,debit,0,short_dated|dte=5|long_delta=0.5|lookback=3|short_delta=0.3|sma=20|thresh=0.003
short_dated,is_default,SPY,2018-02-26,2018-02-28,-226.1706,-0.500886,stop,5,451.54,debit,0,short_dated|dte=5|long_delta=0.5|lookback=3|short_delta=0.3|sma=20|thresh=0.003
short_dated,is_default,IWM,2018-02-28,2018-02-28,-228.7436,-0.501403,stop,8,456.21,debit,0,short_dated|dte=5|long_delta=0.5|lookback=3|short_delta=0.3|sma=20|thresh=0.003
short_dated,is_default,IWM,2018-03-01,2018-03-02,-240.6032,-0.500999,stop,6,480.25,debit,0,short_dated|dte=5|long_delta=0.5|lookback=3|short_delta=0.3|sma=20|thresh=0.003
short_dated,is_default,SPY,2018-03-02,2018-03-05,-188.8253,-0.500424,stop,2,377.33,debit,0,short_dated|dte=5|long_delta=0.5|lookback=3|short_delta=0.3|sma=20|thresh=0.003
short_dated,is_default,IWM,2018-03-06,2018-03-06,-237.0023,-0.500845,stop,5,473.20,debit,0,short_dated|dte=5|long_delta=0.5|lookback=3|short_delta=0.3|sma=20|thresh=0.003
short_dated,is_default,QQQ,2018-03-06,2018-03-06,-228.3145,-0.501758,stop,10,455.03,debit,0,short_dated|dte=5|long_delta=0.5|lookback=3|short_delta=0.3|sma=20|thresh=0.003
short_dated,is_default,QQQ,2018-03-07,2018-03-08,160.9835,0.337667,target,8,476.75,debit,0,short_dated|dte=5|long_delta=0.5|lookback=3|short_delta=0.3|sma=20|thresh=0.003
short_dated,is_default,SPY,2018-03-07,2018-03-08,192.0865,0.462650,target,4,415.19,debit,0,short_dated|dte=5|long_delta=0.5|lookback=3|short_delta=0.3|sma=20|thresh=0.003
short_dated,is_default,IWM,2018-03-08,2018-03-12,274.8748,0.611580,target,5,449.45,debit,0,short_dated|dte=5|long_delta=0.5|lookback=3|short_delta=0.3|sma=20|thresh=0.003
short_dated,is_default,QQQ,2018-03-09,2018-03-12,266.4994,0.571640,target,5,466.20,debit,0,short_dated|dte=5|long_delta=0.5|lookback=3|short_delta=0.3|sma=20|thresh=0.003
short_dated,is_default,SPY,2018-03-09,2018-03-12,256.1163,0.661308,target,3,387.29,debit,0,short_dated|dte=5|long_delta=0.5|lookback=3|short_delta=0.3|sma=20|thresh=0.003
short_dated,is_default,IWM,2018-03-13,2018-03-13,-239.2648,-0.501677,stop,10,476.93,debit,0,short_dated|dte=5|long_delta=0.5|lookback=3|short_delta=0.3|sma=20|thresh=0.003
short_dated,is_default,QQQ,2018-03-13,2018-03-13,-215.0337,-0.501867,stop,10,428.47,debit,0,short_dated|dte=5|long_delta=0.5|lookback=3|short_delta=0.3|sma=20|thresh=0.003
short_dated,is_default,SPY,2018-03-13,2018-03-13,-219.3066,-0.500914,stop,5,437.81,debit,0,short_dated|dte=5|long_delta=0.5|lookback=3|short_delta=0.3|sma=20|thresh=0.003
short_dated,is_default,IWM,2018-03-14,2018-03-14,-231.2241,-0.501388,stop,8,461.17,debit,0,short_dated|dte=5|long_delta=0.5|lookback=3|short_delta=0.3|sma=20|thresh=0.003
short_dated,is_default,QQQ,2018-03-14,2018-03-14,-241.4400,-0.501662,stop,10,481.28,debit,0,short_dated|dte=5|long_delta=0.5|lookback=3|short_delta=0.3|sma=20|thresh=0.003
short_dated,is_default,SPY,2018-03-14,2018-03-14,-220.3018,-0.501457,stop,8,439.32,debit,0,short_dated|dte=5|long_delta=0.5|lookback=3|short_delta=0.3|sma=20|thresh=0.003
short_dated,is_default,QQQ,2018-03-20,2018-03-21,-224.3533,-0.501072,stop,6,447.75,debit,0,short_dated|dte=5|long_delta=0.5|lookback=3|short_delta=0.3|sma=20|thresh=0.003
short_dated,is_default,SPY,2018-03-20,2018-03-21,-227.6859,-0.500704,stop,4,454.73,debit,0,short_dated|dte=5|long_delta=0.5|lookback=3|short_delta=0.3|sma=20|thresh=0.003
short_dated,is_default,QQQ,2018-03-22,2018-03-23,268.7638,0.742457,target,3,361.99,debit,0,short_dated|dte=5|long_delta=0.5|lookback=3|short_delta=0.3|sma=20|thresh=0.003
short_dated,is_default,SPY,2018-03-22,2018-03-23,373.5153,0.825468,target,3,452.49,debit,0,short_dated|dte=5|long_delta=0.5|lookback=3|short_delta=0.3|sma=20|thresh=0.003
short_dated,is_default,IWM,2018-03-23,2018-03-27,359.7328,0.749608,target,4,479.89,debit,0,short_dated|dte=5|long_delta=0.5|lookback=3|short_delta=0.3|sma=20|thresh=0.003
short_dated,is_default,QQQ,2018-03-26,2018-03-27,-361.4659,-0.769891,stop_gap,4,469.50,debit,0,short_dated|dte=5|long_delta=0.5|lookback=3|short_delta=0.3|sma=20|thresh=0.003
short_dated,is_default,SPY,2018-03-26,2018-03-27,-308.2400,-0.687058,stop_gap,3,448.64,debit,0,short_dated|dte=5|long_delta=0.5|lookback=3|short_delta=0.3|sma=20|thresh=0.003
short_dated,is_default,QQQ,2018-03-28,2018-03-28,-234.1726,-0.501027,stop,6,467.39,debit,0,short_dated|dte=5|long_delta=0.5|lookback=3|short_delta=0.3|sma=20|thresh=0.003
short_dated,is_default,SPY,2018-03-28,2018-03-28,-235.9809,-0.500679,stop,4,471.32,debit,0,short_dated|dte=5|long_delta=0.5|lookback=3|short_delta=0.3|sma=20|thresh=0.003
short_dated,is_default,IWM,2018-03-28,2018-03-29,-204.6955,-0.500979,stop,5,408.59,debit,0,short_dated|dte=5|long_delta=0.5|lookback=3|short_delta=0.3|sma=20|thresh=0.003
short_dated,is_default,IWM,2018-04-02,2018-04-02,288.7149,0.684531,target,5,421.77,debit,0,short_dated|dte=5|long_delta=0.5|lookback=3|short_delta=0.3|sma=20|thresh=0.003
short_dated,is_default,SPY,2018-04-02,2018-04-02,268.1741,0.738422,target,3,363.17,debit,0,short_dated|dte=5|long_delta=0.5|lookback=3|short_delta=0.3|sma=20|thresh=0.003
short_dated,is_default,QQQ,2018-03-29,2018-04-04,-225.5910,-0.500533,stop,3,450.70,debit,0,short_dated|dte=5|long_delta=0.5|lookback=3|short_delta=0.3|sma=20|thresh=0.003
short_dated,is_default,IWM,2018-04-03,2018-04-04,-232.3694,-0.501035,stop,6,463.78,debit,0,short_dated|dte=5|long_delta=0.5|lookback=3|short_delta=0.3|sma=20|thresh=0.003
short_dated,is_default,SPY,2018-04-03,2018-04-04,-221.0932,-0.500543,stop,3,441.71,debit,0,short_dated|dte=5|long_delta=0.5|lookback=3|short_delta=0.3|sma=20|thresh=0.003
short_dated,is_default,QQQ,2018-04-09,2018-04-09,-220.8748,-0.500725,stop,4,441.11,debit,0,short_dated|dte=5|long_delta=0.5|lookback=3|short_delta=0.3|sma=20|thresh=0.003
short_dated,is_default,SPY,2018-04-09,2018-04-09,-221.5407,-0.500723,stop,4,442.44,debit,0,short_dated|dte=5|long_delta=0.5|lookback=3|short_delta=0.3|sma=20|thresh=0.003
short_dated,is_default,IWM,2018-04-10,2018-04-10,-215.0331,-0.501119,stop,6,429.11,debit,0,short_dated|dte=5|long_delta=0.5|lookback=3|short_delta=0.3|sma=20|thresh=0.003
short_dated,is_default,QQQ,2018-04-10,2018-04-11,-224.5583,-0.501071,stop,6,448.16,debit,0,short_dated|dte=5|long_delta=0.5|lookback=3|short_delta=0.3|sma=20|thresh=0.003
short_dated,is_default,SPY,2018-04-10,2018-04-11,-218.6986,-0.500733,stop,4,436.76,debit,0,short_dated|dte=5|long_delta=0.5|lookback=3|short_delta=0.3|sma=20|thresh=0.003
short_dated,is_default,SPY,2018-04-13,2018-04-13,-190.1397,-0.500632,stop,3,379.80,debit,0,short_dated|dte=5|long_delta=0.5|lookback=3|short_delta=0.3|sma=20|thresh=0.003
short_dated,is_default,QQQ,2018-04-13,2018-04-16,-194.0425,-0.500619,stop,3,387.61,debit,0,short_dated|dte=5|long_delta=0.5|lookback=3|short_delta=0.3|sma=20|thresh=0.003
short_dated,is_default,IWM,2018-04-12,2018-04-17,292.2307,0.704614,target,5,414.74,debit,0,short_dated|dte=5|long_delta=0.5|lookback=3|short_delta=0.3|sma=20|thresh=0.003
short_dated,is_default,QQQ,2018-04-17,2018-04-18,270.2053,0.588953,target,5,458.79,debit,0,short_dated|dte=5|long_delta=0.5|lookback=3|short_delta=0.3|sma=20|thresh=0.003
short_dated,is_default,SPY,2018-04-17,2018-04-19,-194.3875,-0.500824,stop,4,388.14,debit,0,short_dated|dte=5|long_delta=0.5|lookback=3|short_delta=0.3|sma=20|thresh=0.003
short_dated,is_default,IWM,2018-04-19,2018-04-20,-228.9329,-0.500875,stop,5,457.07,debit,0,short_dated|dte=5|long_delta=0.5|lookback=3|short_delta=0.3|sma=20|thresh=0.003
short_dated,is_default,QQQ,2018-04-19,2018-04-20,-215.5236,-0.500930,stop,5,430.25,debit,0,short_dated|dte=5|long_delta=0.5|lookback=3|short_delta=0.3|sma=20|thresh=0.003
short_dated,is_default,SPY,2018-04-20,2018-04-20,-194.9784,-0.500616,stop,3,389.48,debit,0,short_dated|dte=5|long_delta=0.5|lookback=3|short_delta=0.3|sma=20|thresh=0.003
short_dated,is_default,QQQ,2018-04-25,2018-04-26,-346.5893,-0.825030,stop_gap,5,420.09,debit,0,short_dated|dte=5|long_delta=0.5|lookback=3|short_delta=0.3|sma=20|thresh=0.003
short_dated,is_default,SPY,2018-04-25,2018-04-26,-318.3087,-0.756038,stop_gap,5,421.02,debit,0,short_dated|dte=5|long_delta=0.5|lookback=3|short_delta=0.3|sma=20|thresh=0.003
short_dated,is_default,QQQ,2018-04-30,2018-04-30,-220.6278,-0.501820,stop,10,439.66,debit,0,short_dated|dte=5|long_delta=0.5|lookback=3|short_delta=0.3|sma=20|thresh=0.003
short_dated,is_default,SPY,2018-04-30,2018-04-30,-191.6804,-0.500836,stop,4,382.72,debit,0,short_dated|dte=5|long_delta=0.5|lookback=3|short_delta=0.3|sma=20|thresh=0.003
short_dated,is_default,IWM,2018-05-01,2018-05-01,-205.7458,-0.501952,stop,10,409.89,debit,0,short_dated|dte=5|long_delta=0.5|lookback=3|short_delta=0.3|sma=20|thresh=0.003
short_dated,is_default,IWM,2018-05-02,2018-05-02,-228.3259,-0.501582,stop,9,455.21,debit,0,short_dated|dte=5|long_delta=0.5|lookback=3|short_delta=0.3|sma=20|thresh=0.003
short_dated,is_default,QQQ,2018-05-02,2018-05-02,-226.3394,-0.501418,stop,8,451.40,debit,0,short_dated|dte=5|long_delta=0.5|lookback=3|short_delta=0.3|sma=20|thresh=0.003
short_dated,is_default,SPY,2018-05-02,2018-05-03,289.4401,0.688619,target,5,420.32,debit,0,short_dated|dte=5|long_delta=0.5|lookback=3|short_delta=0.3|sma=20|thresh=0.003
short_dated,is_default,QQQ,2018-05-04,2018-05-04,212.3109,0.566558,target,4,374.74,debit,0,short_dated|dte=5|long_delta=0.5|lookback=3|short_delta=0.3|sma=20|thresh=0.003
short_dated,is_default,SPY,2018-05-04,2018-05-04,-225.8692,-0.500532,stop,3,451.26,debit,0,short_dated|dte=5|long_delta=0.5|lookback=3|short_delta=0.3|sma=20|thresh=0.003
short_dated,is_default,SPY,2018-05-07,2018-05-08,-222.2993,-0.500901,stop,5,443.80,debit,0,short_dated|dte=5|long_delta=0.5|lookback=3|short_delta=0.3|sma=20|thresh=0.003
short_dated,is_default,IWM,2018-05-07,2018-05-09,193.0820,0.468014,target,8,412.56,debit,0,short_dated|dte=5|long_delta=0.5|lookback=3|short_delta=0.3|sma=20|thresh=0.003
short_dated,is_default,SPY,2018-05-09,2018-05-09,-207.7201,-0.501545,stop,8,414.16,debit,0,short_dated|dte=5|long_delta=0.5|lookback=3|short_delta=0.3|sma=20|thresh=0.003
short_dated,is_default,QQQ,2018-05-07,2018-05-10,273.2881,0.604855,target,10,451.82,debit,0,short_dated|dte=5|long_delta=0.5|lookback=3|short_delta=0.3|sma=20|thresh=0.003
short_dated,is_default,SPY,2018-05-10,2018-05-14,245.1882,0.599272,target,3,409.14,debit,0,short_dated|dte=5|long_delta=0.5|lookback=3|short_delta=0.3|sma=20|thresh=0.003
short_dated,is_default,IWM,2018-05-10,2018-05-15,-209.3978,-0.500957,stop,5,418.00,debit,0,short_dated|dte=5|long_delta=0.5|lookback=3|short_delta=0.3|sma=20|thresh=0.003
short_dated,is_default,QQQ,2018-05-11,2018-05-15,-196.9071,-0.502897,stop_gap,4,391.55,debit,0,short_dated|dte=5|long_delta=0.5|lookback=3|short_delta=0.3|sma=20|thresh=0.003
short_dated,is_default,SPY,2018-05-15,2018-05-15,-222.0586,-0.501808,stop,10,442.52,debit,0,short_dated|dte=5|long_delta=0.5|lookback=3|short_delta=0.3|sma=20|thresh=0.003
short_dated,is_default,IWM,2018-05-17,2018-05-21,283.6720,0.656867,target,5,431.86,debit,0,short_dated|dte=5|long_delta=0.5|lookback=3|short_delta=0.3|sma=20|thresh=0.003
short_dated,is_default,IWM,2018-05-22,2018-05-22,-207.1058,-0.501550,stop,8,412.93,debit,0,short_dated|dte=5|long_delta=0.5|lookback=3|short_delta=0.3|sma=20|thresh=0.003
short_dated,is_default,SPY,2018-05-22,2018-05-22,-221.9814,-0.501627,stop,9,442.52,debit,0,short_dated|dte=5|long_delta=0.5|lookback=3|short_delta=0.3|sma=20|thresh=0.003
short_dated,is_default,QQQ,2018-05-24,2018-05-24,-209.0624,-0.501728,stop,9,416.68,debit,0,short_dated|dte=5|long_delta=0.5|lookback=3|short_delta=0.3|sma=20|thresh=0.003
short_dated,is_default,SPY,2018-05-24,2018-05-24,-225.7585,-0.500887,stop,5,450.72,debit,0,short_dated|dte=5|long_delta=0.5|lookback=3|short_delta=0.3|sma=20|thresh=0.003
short_dated,is_default,QQQ,2018-05-25,2018-05-29,-237.8325,-0.537955,stop_gap,10,442.10,debit,0,short_dated|dte=5|long_delta=0.5|lookback=3|short_delta=0.3|sma=20|thresh=0.003
short_dated,is_default,SPY,2018-05-30,2018-05-30,-183.2471,-0.500875,stop,4,365.85,debit,0,short_dated|dte=5|long_delta=0.5|lookback=3|short_delta=0.3|sma=20|thresh=0.003
short_dated,is_default,IWM,2018-05-31,2018-05-31,-223.2389,-0.500898,stop,5,445.68,debit,0,short_dated|dte=5|long_delta=0.5|lookback=3|short_delta=0.3|sma=20|thresh=0.003
short_dated,is_default,QQQ,2018-05-31,2018-06-04,210.5696,0.556737,target,4,378.22,debit,0,short_dated|dte=5|long_delta=0.5|lookback=3|short_delta=0.3|sma=20|thresh=0.003
short_dated,is_default,IWM,2018-06-01,2018-06-06,290.2135,0.693009,target,5,418.77,debit,0,short_dated|dte=5|long_delta=0.5|lookback=3|short_delta=0.3|sma=20|thresh=0.003
short_dated,is_default,QQQ,2018-06-05,2018-06-06,-223.6816,-0.501795,stop,10,445.76,debit,0,short_dated|dte=5|long_delta=0.5|lookback=3|short_delta=0.3|sma=20|thresh=0.003
short_dated,is_default,SPY,2018-06-04,2018-06-07,274.7813,0.612207,target,10,448.84,debit,0,short_dated|dte=5|long_delta=0.5|lookback=3|short_delta=0.3|sma=20|thresh=0.003
short_dated,is_default,IWM,2018-06-07,2018-06-07,-225.2180,-0.500890,stop,5,449.64,debit,0,short_dated|dte=5|long_delta=0.5|lookback=3|short_delta=0.3|sma=20|thresh=0.003
short_dated,is_default,QQQ,2018-06-07,2018-06-07,-221.6058,-0.500904,stop,5,442.41,debit,0,short_dated|dte=5|long_delta=0.5|lookback=3|short_delta=0.3|sma=20|thresh=0.003
short_dated,is_default,QQQ,2018-06-13,2018-06-13,-223.8797,-0.501433,stop,8,446.48,debit,0,short_dated|dte=5|long_delta=0.5|lookback=3|short_delta=0.3|sma=20|thresh=0.003
short_dated,is_default,IWM,2018-06-08,2018-06-14,242.3714,0.544837,time,5,444.85,debit,0,short_dated|dte=5|long_delta=0.5|lookback=3|short_delta=0.3|sma=20|thresh=0.003
short_dated,is_default,SPY,2018-06-08,2018-06-14,173.3476,0.384019,time,5,451.40,debit,0,short_dated|dte=5|long_delta=0.5|lookback=3|short_delta=0.3|sma=20|thresh=0.003
short_dated,is_default,QQQ,2018-06-14,2018-06-18,-277.1821,-0.650565,stop_gap,5,426.06,debit,0,short_dated|dte=5|long_delta=0.5|lookback=3|short_delta=0.3|sma=20|thresh=0.003
short_dated,is_default,IWM,2018-06-15,2018-06-20,272.9004,0.601899,target,5,453.40,debit,0,short_dated|dte=5|long_delta=0.5|lookback=3|short_delta=0.3|sma=20|thresh=0.003
short_dated,is_default,QQQ,2018-06-19,2018-06-20,277.4426,0.624428,target,5,444.31,debit,0,short_dated|dte=5|long_delta=0.5|lookback=3|short_delta=0.3|sma=20|thresh=0.003
short_dated,is_default,IWM,2018-06-21,2018-06-21,-220.8631,-0.500907,stop,5,440.93,debit,0,short_dated|dte=5|long_delta=0.5|lookback=3|short_delta=0.3|sma=20|thresh=0.003
short_dated,is_default,SPY,2018-06-22,2018-06-25,272.7486,0.770426,target,3,354.02,debit,0,short_dated|dte=5|long_delta=0.5|lookback=3|short_delta=0.3|sma=20|thresh=0.003
short_dated,is_default,IWM,2018-06-26,2018-06-26,-199.4279,-0.502014,stop,10,397.26,debit,0,short_dated|dte=5|long_delta=0.5|lookback=3|short_delta=0.3|sma=20|thresh=0.003
short_dated,is_default,QQQ,2018-06-26,2018-06-27,-245.0864,-0.539499,stop_gap,6,454.29,debit,0,short_dated|dte=5|long_delta=0.5|lookback=3|short_delta=0.3|sma=20|thresh=0.003
short_dated,is_default,SPY,2018-06-26,2018-06-27,-171.6634,-0.500700,stop,3,342.85,debit,0,short_dated|dte=5|long_delta=0.5|lookback=3|short_delta=0.3|sma=20|thresh=0.003
short_dated,is_default,IWM,2018-06-27,2018-06-27,-218.6690,-0.501836,stop,10,435.74,debit,0,short_dated|dte=5|long_delta=0.5|lookback=3|short_delta=0.3|sma=20|thresh=0.003
short_dated,is_default,QQQ,2018-06-28,2018-06-29,-184.3639,-0.500652,stop,3,368.25,debit,0,short_dated|dte=5|long_delta=0.5|lookback=3|short_delta=0.3|sma=20|thresh=0.003
short_dated,is_default,SPY,2018-06-28,2018-06-29,-172.1767,-0.500698,stop,3,343.87,debit,0,short_dated|dte=5|long_delta=0.5|lookback=3|short_delta=0.3|sma=20|thresh=0.003
short_dated,is_default,IWM,2018-06-28,2018-07-02,-194.2153,-0.501032,stop,5,387.63,debit,0,short_dated|dte=5|long_delta=0.5|lookback=3|short_delta=0.3|sma=20|thresh=0.003
short_dated,is_default,IWM,2018-07-06,2018-07-10,276.3812,0.619082,target,5,446.44,debit,0,short_dated|dte=5|long_delta=0.5|lookback=3|short_delta=0.3|sma=20|thresh=0.003
short_dated,is_default,QQQ,2018-07-09,2018-07-11,-288.1485,-0.662288,stop_gap,10,435.08,debit,0,short_dated|dte=5|long_delta=0.5|lookback=3|short_delta=0.3|sma=20|thresh=0.003
short_dated,is_default,SPY,2018-07-09,2018-07-12,245.4765,0.602238,target,9,407.61,debit,0,short_dated|dte=5|long_delta=0.5|lookback=3|short_delta=0.3|sma=20|thresh=0.003
short_dated,is_default,QQQ,2018-07-12,2018-07-16,207.0759,0.537569,target,4,385.21,debit,0,short_dated|dte=5|long_delta=0.5|lookback=3|short_delta=0.3|sma=20|thresh=0.003
short_dated,is_default,QQQ,2018-07-17,2018-07-17,275.9002,0.616675,target,5,447.40,debit,0,short_dated|dte=5|long_delta=0.5|lookback=3|short_delta=0.3|sma=20|thresh=0.003
short_dated,is_default,QQQ,2018-07-18,2018-07-18,-209.2669,-0.501342,stop,7,417.41,debit,0,short_dated|dte=5|long_delta=0.5|lookback=3|short_delta=0.3|sma=20|thresh=0.003
short_dated,is_default,SPY,2018-07-13,2018-07-19,8.5303,0.022565,time,4,378.04,debit,0,short_dated|dte=5|long_delta=0.5|lookback=3|short_delta=0.3|sma=20|thresh=0.003
short_dated,is_default,IWM,2018-07-19,2018-07-24,-214.8792,-0.501681,stop,9,428.32,debit,0,short_dated|dte=5|long_delta=0.5|lookback=3|short_delta=0.3|sma=20|thresh=0.003
short_dated,is_default,IWM,2018-07-25,2018-07-25,-210.5990,-0.501715,stop,9,419.76,debit,0,short_dated|dte=5|long_delta=0.5|lookback=3|short_delta=0.3|sma=20|thresh=0.003
short_dated,is_default,SPY,2018-07-25,2018-07-25,210.8612,0.558369,target,4,377.64,debit,0,short_dated|dte=5|long_delta=0.5|lookback=3|short_delta=0.3|sma=20|thresh=0.003
short_dated,is_default,QQQ,2018-07-26,2018-07-27,-198.1704,-0.500809,stop,4,395.70,debit,0,short_dated|dte=5|long_delta=0.5|lookback=3|short_delta=0.3|sma=20|thresh=0.003
short_dated,is_default,SPY,2018-07-26,2018-07-27,-198.6884,-0.500605,stop,3,396.90,debit,0,short_dated|dte=5|long_delta=0.5|lookback=3|short_delta=0.3|sma=20|thresh=0.003
short_dated,is_default,IWM,2018-07-30,2018-07-31,-191.2945,-0.502100,stop,10,380.99,debit,0,short_dated|dte=5|long_delta=0.5|lookback=3|short_delta=0.3|sma=20|thresh=0.003
short_dated,is_default,QQQ,2018-07-31,2018-08-01,-232.9858,-0.599925,stop_gap,5,388.36,debit,0,short_dated|dte=5|long_delta=0.5|lookback=3|short_delta=0.3|sma=20|thresh=0.003
short_dated,is_default,IWM,2018-08-01,2018-08-01,-208.1032,-0.501542,stop,8,414.93,debit,0,short_dated|dte=5|long_delta=0.5|lookback=3|short_delta=0.3|sma=20|thresh=0.003
short_dated,is_default,SPY,2018-08-03,2018-08-07,291.1577,0.698413,target,5,416.88,debit,0,short_dated|dte=5|long_delta=0.5|lookback=3|short_delta=0.3|sma=20|thresh=0.003
short_dated,is_default,QQQ,2018-08-03,2018-08-08,283.4863,0.655873,target,5,432.23,debit,0,short_dated|dte=5|long_delta=0.5|lookback=3|short_delta=0.3|sma=20|thresh=0.003
short_dated,is_default,IWM,2018-08-07,2018-08-08,-204.8267,-0.501764,stop,9,408.21,debit,0,short_dated|dte=5|long_delta=0.5|lookback=3|short_delta=0.3|sma=20|thresh=0.003
short_dated,is_default,QQQ,2018-08-09,2018-08-10,-213.8074,-0.500937,stop,5,426.81,debit,0,short_dated|dte=5|long_delta=0.5|lookback=3|short_delta=0.3|sma=20|thresh=0.003
short_dated,is_default,SPY,2018-08-09,2018-08-10,-288.8309,-0.673836,stop_gap,9,428.64,debit,0,short_dated|dte=5|long_delta=0.5|lookback=3|short_delta=0.3|sma=20|thresh=0.003
short_dated,is_default,IWM,2018-08-09,2018-08-13,-206.0983,-0.501753,stop,9,410.76,debit,0,short_dated|dte=5|long_delta=0.5|lookback=3|short_delta=0.3|sma=20|thresh=0.003
short_dated,is_default,IWM,2018-08-14,2018-08-14,-213.6525,-0.501879,stop,10,425.70,debit,0,short_dated|dte=5|long_delta=0.5|lookback=3|short_delta=0.3|sma=20|thresh=0.003
short_dated,is_default,SPY,2018-08-14,2018-08-16,-194.6636,-0.501030,stop,5,388.53,debit,0,short_dated|dte=5|long_delta=0.5|lookback=3|short_delta=0.3|sma=20|thresh=0.003
short_dated,is_default,IWM,2018-08-16,2018-08-17,-201.5033,-0.500995,stop,5,402.21,debit,0,short_dated|dte=5|long_delta=0.5|lookback=3|short_delta=0.3|sma=20|thresh=0.003
short_dated,is_default,SPY,2018-08-17,2018-08-21,215.5287,0.585195,target,4,368.30,debit,0,short_dated|dte=5|long_delta=0.5|lookback=3|short_delta=0.3|sma=20|thresh=0.003
short_dated,is_default,IWM,2018-08-21,2018-08-21,200.1698,0.502459,target,8,398.38,debit,0,short_dated|dte=5|long_delta=0.5|lookback=3|short_delta=0.3|sma=20|thresh=0.003
short_dated,is_default,QQQ,2018-08-16,2018-08-22,-174.1596,-0.500690,stop,3,347.84,debit,0,short_dated|dte=5|long_delta=0.5|lookback=3|short_delta=0.3|sma=20|thresh=0.003
short_dated,is_default,SPY,2018-08-22,2018-08-23,-215.1474,-0.501492,stop,8,429.01,debit,0,short_dated|dte=5|long_delta=0.5|lookback=3|short_delta=0.3|sma=20|thresh=0.003
short_dated,is_default,QQQ,2018-08-23,2018-08-27,288.4681,0.683146,target,5,422.26,debit,0,short_dated|dte=5|long_delta=0.5|lookback=3|short_delta=0.3|sma=20|thresh=0.003
short_dated,is_default,SPY,2018-08-27,2018-08-29,230.6109,0.527306,target,9,437.34,debit,0,short_dated|dte=5|long_delta=0.5|lookback=3|short_delta=0.3|sma=20|thresh=0.003
short_dated,is_default,IWM,2018-08-23,2018-08-30,222.1709,0.625802,target,4,355.02,debit,0,short_dated|dte=5|long_delta=0.5|lookback=3|short_delta=0.3|sma=20|thresh=0.003
short_dated,is_default,QQQ,2018-08-28,2018-08-30,241.4268,0.580763,target,9,415.71,debit,0,short_dated|dte=5|long_delta=0.5|lookback=3|short_delta=0.3|sma=20|thresh=0.003
short_dated,is_default,SPY,2018-08-30,2018-09-04,-189.5311,-0.516338,stop_gap,4,367.07,debit,0,short_dated|dte=5|long_delta=0.5|lookback=3|short_delta=0.3|sma=20|thresh=0.003
short_dated,is_default,IWM,2018-08-31,2018-09-04,-210.0698,-0.500954,stop,5,419.34,debit,0,short_dated|dte=5|long_delta=0.5|lookback=3|short_delta=0.3|sma=20|thresh=0.003
short_dated,is_default,QQQ,2018-08-31,2018-09-04,-184.9479,-0.500867,stop,4,369.26,debit,0,short_dated|dte=5|long_delta=0.5|lookback=3|short_delta=0.3|sma=20|thresh=0.003
short_dated,is_default,QQQ,2018-09-07,2018-09-10,-176.3848,-0.500681,stop,3,352.29,debit,0,short_dated|dte=5|long_delta=0.5|lookback=3|short_delta=0.3|sma=20|thresh=0.003
short_dated,is_default,QQQ,2018-09-11,2018-09-11,-212.8828,-0.501130,stop,6,424.81,debit,0,short_dated|dte=5|long_delta=0.5|lookback=3|short_delta=0.3|sma=20|thresh=0.003
short_dated,is_default,QQQ,2018-09-12,2018-09-12,-203.9160,-0.501574,stop,8,406.55,debit,0,short_dated|dte=5|long_delta=0.5|lookback=3|short_delta=0.3|sma=20|thresh=0.003
short_dated,is_default,SPY,2018-09-12,2018-09-12,-197.9812,-0.501418,stop,7,394.84,debit,0,short_dated|dte=5|long_delta=0.5|lookback=3|short_delta=0.3|sma=20|thresh=0.003
short_dated,is_default,QQQ,2018-09-14,2018-09-14,-213.0967,-0.501695,stop,9,424.75,debit,0,short_dated|dte=5|long_delta=0.5|lookback=3|short_delta=0.3|sma=20|thresh=0.003
short_dated,is_default,SPY,2018-09-13,2018-09-17,-202.4728,-0.500593,stop,3,404.47,debit,0,short_dated|dte=5|long_delta=0.5|lookback=3|short_delta=0.3|sma=20|thresh=0.003
short_dated,is_default,QQQ,2018-09-17,2018-09-17,-198.8481,-0.501817,stop,9,396.26,debit,0,short_dated|dte=5|long_delta=0.5|lookback=3|short_delta=0.3|sma=20|thresh=0.003
short_dated,is_default,QQQ,2018-09-18,2018-09-18,-207.8820,-0.500964,stop,5,414.96,debit,0,short_dated|dte=5|long_delta=0.5|lookback=3|short_delta=0.3|sma=20|thresh=0.003
short_dated,is_default,IWM,2018-09-18,2018-09-19,-224.1180,-0.565850,stop_gap,9,396.07,debit,0,short_dated|dte=5|long_delta=0.5|lookback=3|short_delta=0.3|sma=20|thresh=0.003
short_dated,is_default,QQQ,2018-09-19,2018-09-19,-198.4775,-0.501617,stop,8,395.68,debit,0,short_dated|dte=5|long_delta=0.5|lookback=3|short_delta=0.3|sma=20|thresh=0.003
short_dated,is_default,IWM,2018-09-20,2018-09-21,-256.5942,-0.632643,stop_gap,10,405.59,debit,0,short_dated|dte=5|long_delta=0.5|lookback=3|short_delta=0.3|sma=20|thresh=0.003
short_dated,is_default,SPY,2018-09-21,2018-09-24,-221.6667,-0.585716,stop_gap,4,378.45,debit,0,short_dated|dte=5|long_delta=0.5|lookback=3|short_delta=0.3|sma=20|thresh=0.003
short_dated,is_default,QQQ,2018-09-20,2018-09-26,-199.6678,-0.501004,stop,5,398.54,debit,0,short_dated|dte=5|long_delta=0.5|lookback=3|short_delta=0.3|sma=20|thresh=0.003
short_dated,is_default,IWM,2018-09-26,2018-09-26,238.8625,0.567592,target,9,420.83,debit,0,short_dated|dte=5|long_delta=0.5|lookback=3|short_delta=0.3|sma=20|thresh=0.003
short_dated,is_default,IWM,2018-09-27,2018-10-01,-254.3210,-0.611675,stop_gap,6,415.78,debit,0,short_dated|dte=5|long_delta=0.5|lookback=3|short_delta=0.3|sma=20|thresh=0.003
short_dated,is_default,SPY,2018-09-27,2018-10-01,-190.7854,-0.516638,stop_gap,3,369.28,debit,0,short_dated|dte=5|long_delta=0.5|lookback=3|short_delta=0.3|sma=20|thresh=0.003
short_dated,is_default,IWM,2018-10-02,2018-10-03,-189.6435,-0.502118,stop,10,377.69,debit,0,short_dated|dte=5|long_delta=0.5|lookback=3|short_delta=0.3|sma=20|thresh=0.003
short_dated,is_default,QQQ,2018-09-27,2018-10-04,-190.3607,-0.500842,stop,4,380.08,debit,0,short_dated|dte=5|long_delta=0.5|lookback=3|short_delta=0.3|sma=20|thresh=0.003
short_dated,is_default,SPY,2018-10-02,2018-10-04,-257.7725,-0.650171,stop_gap,9,396.47,debit,0,short_dated|dte=5|long_delta=0.5|lookback=3|short_delta=0.3|sma=20|thresh=0.003
short_dated,is_default,IWM,2018-10-04,2018-10-05,225.8748,0.649793,target,4,347.61,debit,0,short_dated|dte=5|long_delta=0.5|lookback=3|short_delta=0.3|sma=20|thresh=0.003
short_dated,is_default,QQQ,2018-10-05,2018-10-08,387.9318,0.916021,target,4,423.50,debit,0,short_dated|dte=5|long_delta=0.5|lookback=3|short_delta=0.3|sma=20|thresh=0.003
short_dated,is_default,QQQ,2018-10-09,2018-10-09,-179.3472,-0.501118,stop,5,357.89,debit,0,short_dated|dte=5|long_delta=0.5|lookback=3|short_delta=0.3|sma=20|thresh=0.003
short_dated,is_default,SPY,2018-10-05,2018-10-10,251.1406,0.844457,target,2,297.40,debit,0,short_dated|dte=5|long_delta=0.5|lookback=3|short_delta=0.3|sma=20|thresh=0.003
short_dated,is_default,IWM,2018-10-08,2018-10-10,304.1393,0.778007,target,5,390.92,debit,0,short_dated|dte=5|long_delta=0.5|lookback=3|short_delta=0.3|sma=20|thresh=0.003
short_dated,is_default,QQQ,2018-10-10,2018-10-10,224.2771,0.639320,target,4,350.81,debit,0,short_dated|dte=5|long_delta=0.5|lookback=3|short_delta=0.3|sma=20|thresh=0.003
short_dated,is_default,QQQ,2018-10-11,2018-10-15,-184.0811,-0.605774,stop_gap,2,303.88,debit,0,short_dated|dte=5|long_delta=0.5|lookback=3|short_delta=0.3|sma=20|thresh=0.003
short_dated,is_default,IWM,2018-10-11,2018-10-16,-180.1444,-0.500667,stop,3,359.81,debit,0,short_dated|dte=5|long_delta=0.5|lookback=3|short_delta=0.3|sma=20|thresh=0.003
short_dated,is_default,SPY,2018-10-11,2018-10-16,-191.2472,-0.500419,stop,2,382.17,debit,0,short_dated|dte=5|long_delta=0.5|lookback=3|short_delta=0.3|sma=20|thresh=0.003
short_dated,is_default,IWM,2018-10-22,2018-10-23,303.3375,0.772785,target,5,392.53,debit,0,short_dated|dte=5|long_delta=0.5|lookback=3|short_delta=0.3|sma=20|thresh=0.003
short_dated,is_default,QQQ,2018-10-22,2018-10-23,286.3486,0.876159,target,3,326.82,debit,0,short_dated|dte=5|long_delta=0.5|lookback=3|short_delta=0.3|sma=20|thresh=0.003
short_dated,is_default,SPY,2018-10-22,2018-10-23,278.4533,0.812733,target,3,342.61,debit,0,short_dated|dte=5|long_delta=0.5|lookback=3|short_delta=0.3|sma=20|thresh=0.003
short_dated,is_default,IWM,2018-10-24,2018-10-24,-202.6943,-0.501782,stop,9,403.95,debit,0,short_dated|dte=5|long_delta=0.5|lookback=3|short_delta=0.3|sma=20|thresh=0.003
short_dated,is_default,SPY,2018-10-24,2018-10-24,295.9591,0.726669,target,5,407.28,debit,0,short_dated|dte=5|long_delta=0.5|lookback=3|short_delta=0.3|sma=20|thresh=0.003
short_dated,is_default,IWM,2018-10-25,2018-10-29,-157.5575,-0.500508,stop,2,314.80,debit,0,short_dated|dte=5|long_delta=0.5|lookback=3|short_delta=0.3|sma=20|thresh=0.003
short_dated,is_default,QQQ,2018-10-25,2018-10-29,309.2064,0.810996,target,2,381.27,debit,0,short_dated|dte=5|long_delta=0.5|lookback=3|short_delta=0.3|sma=20|thresh=0.003
short_dated,is_default,SPY,2018-10-25,2018-10-31,-172.8117,-0.637180,stop_gap,1,271.21,debit,0,short_dated|dte=5|long_delta=0.5|lookback=3|short_delta=0.3|sma=20|thresh=0.003
short_dated,is_default,QQQ,2018-10-30,2018-10-31,-309.7172,-0.869966,stop_gap,3,356.01,debit,0,short_dated|dte=5|long_delta=0.5|lookback=3|short_delta=0.3|sma=20|thresh=0.003
short_dated,is_default,IWM,2018-11-05,2018-11-07,216.6516,0.591853,target,4,366.06,debit,0,short_dated|dte=5|long_delta=0.5|lookback=3|short_delta=0.3|sma=20|thresh=0.003
short_dated,is_default,QQQ,2018-11-06,2018-11-07,-322.1436,-0.811136,stop_gap,5,397.15,debit,0,short_dated|dte=5|long_delta=0.5|lookback=3|short_delta=0.3|sma=20|thresh=0.003
short_dated,is_default,SPY,2018-11-07,2018-11-08,217.4890,0.596871,target,4,364.38,debit,0,short_dated|dte=5|long_delta=0.5|lookback=3|short_delta=0.3|sma=20|thresh=0.003
short_dated,is_default,IWM,2018-11-08,2018-11-09,-215.5834,-0.500929,stop,5,430.37,debit,0,short_dated|dte=5|long_delta=0.5|lookback=3|short_delta=0.3|sma=20|thresh=0.003
short_dated,is_default,QQQ,2018-11-08,2018-11-09,-190.5776,-0.500630,stop,3,380.68,debit,0,short_dated|dte=5|long_delta=0.5|lookback=3|short_delta=0.3|sma=20|thresh=0.003
short_dated,is_default,SPY,2018-11-09,2018-11-12,-202.4377,-0.500593,stop,3,404.40,debit,0,short_dated|dte=5|long_delta=0.5|lookback=3|short_delta=0.3|sma=20|thresh=0.003
short_dated,is_default,QQQ,2018-11-12,2018-11-12,-193.2463,-0.500829,stop,4,385.85,debit,0,short_dated|dte=5|long_delta=0.5|lookback=3|short_delta=0.3|sma=20|thresh=0.003
short_dated,is_default,QQQ,2018-11-13,2018-11-13,-191.0755,-0.501049,stop,5,381.35,debit,0,short_dated|dte=5|long_delta=0.5|lookback=3|short_delta=0.3|sma=20|thresh=0.003
short_dated,is_default,IWM,2018-11-13,2018-11-14,292.7886,0.707864,target,5,413.62,debit,0,short_dated|dte=5|long_delta=0.5|lookback=3|short_delta=0.3|sma=20|thresh=0.003
short_dated,is_default,SPY,2018-11-13,2018-11-14,-163.5116,-0.500735,stop,3,326.54,debit,0,short_dated|dte=5|long_delta=0.5|lookback=3|short_delta=0.3|sma=20|thresh=0.003
short_dated,is_default,QQQ,2018-11-14,2018-11-14,304.9613,0.783404,target,5,389.28,debit,0,short_dated|dte=5|long_delta=0.5|lookback=3|short_delta=0.3|sma=20|thresh=0.003
short_dated,is_default,IWM,2018-11-15,2018-11-15,-185.3848,-0.500648,stop,3,370.29,debit,0,short_dated|dte=5|long_delta=0.5|lookback=3|short_delta=0.3|sma=20|thresh=0.003
short_dated,is_default,QQQ,2018-11-15,2018-11-16,-149.4870,-0.500536,stop,2,298.65,debit,0,short_dated|dte=5|long_delta=0.5|lookback=3|short_delta=0.3|sma=20|thresh=0.003
short_dated,is_default,SPY,2018-11-15,2018-11-16,-186.1002,-0.500430,stop,2,371.88,debit,0,short_dated|dte=5|long_delta=0.5|lookback=3|short_delta=0.3|sma=20|thresh=0.003
short_dated,is_default,IWM,2018-11-19,2018-11-19,-208.1281,-0.501736,stop,9,414.82,debit,0,short_dated|dte=5|long_delta=0.5|lookback=3|short_delta=0.3|sma=20|thresh=0.003
short_dated,is_default,SPY,2018-11-19,2018-11-19,-188.7537,-0.500849,stop,4,376.87,debit,0,short_dated|dte=5|long_delta=0.5|lookback=3|short_delta=0.3|sma=20|thresh=0.003
short_dated,is_default,QQQ,2018-11-20,2018-11-20,-180.0609,-0.501113,stop,5,359.32,debit,0,short_dated|dte=5|long_delta=0.5|lookback=3|short_delta=0.3|sma=20|thresh=0.003
short_dated,is_default,IWM,2018-11-20,2018-11-21,-201.3540,-0.501994,stop,10,401.11,debit,0,short_dated|dte=5|long_delta=0.5|lookback=3|short_delta=0.3|sma=20|thresh=0.003
short_dated,is_default,SPY,2018-11-20,2018-11-21,-186.9879,-0.501072,stop,5,373.18,debit,0,short_dated|dte=5|long_delta=0.5|lookback=3|short_delta=0.3|sma=20|thresh=0.003
short_dated,is_default,QQQ,2018-11-21,2018-11-23,311.3051,0.826643,target,5,376.59,debit,0,short_dated|dte=5|long_delta=0.5|lookback=3|short_delta=0.3|sma=20|thresh=0.003
short_dated,is_default,IWM,2018-11-23,2018-11-23,-167.6737,-0.500717,stop,3,334.87,debit,0,short_dated|dte=5|long_delta=0.5|lookback=3|short_delta=0.3|sma=20|thresh=0.003
short_dated,is_default,SPY,2018-11-23,2018-11-26,-145.0728,-0.500552,stop,2,289.83,debit,0,short_dated|dte=5|long_delta=0.5|lookback=3|short_delta=0.3|sma=20|thresh=0.003
short_dated,is_default,QQQ,2018-11-26,2018-11-27,-179.6575,-0.500669,stop,3,358.84,debit,0,short_dated|dte=5|long_delta=0.5|lookback=3|short_delta=0.3|sma=20|thresh=0.003
short_dated,is_default,IWM,2018-11-26,2018-11-28,-177.7324,-0.501128,stop,5,354.66,debit,0,short_dated|dte=5|long_delta=0.5|lookback=3|short_delta=0.3|sma=20|thresh=0.003
short_dated,is_default,QQQ,2018-11-29,2018-12-03,227.7543,0.661747,target,2,344.17,debit,0,short_dated|dte=5|long_delta=0.5|lookback=3|short_delta=0.3|sma=20|thresh=0.003
short_dated,is_default,SPY,2018-11-29,2018-12-03,223.3637,0.632843,target,2,352.95,debit,0,short_dated|dte=5|long_delta=0.5|lookback=3|short_delta=0.3|sma=20|thresh=0.003
short_dated,is_default,IWM,2018-11-29,2018-12-04,-187.6708,-0.500640,stop,3,374.86,debit,0,short_dated|dte=5|long_delta=0.5|lookback=3|short_delta=0.3|sma=20|thresh=0.003
short_dated,is_default,QQQ,2018-12-04,2018-12-04,-195.2980,-0.500821,stop,4,389.96,debit,0,short_dated|dte=5|long_delta=0.5|lookback=3|short_delta=0.3|sma=20|thresh=0.003
short_dated,is_default,SPY,2018-12-04,2018-12-04,-201.6481,-0.500596,stop,3,402.82,debit,0,short_dated|dte=5|long_delta=0.5|lookback=3|short_delta=0.3|sma=20|thresh=0.003
short_dated,is_default,QQQ,2018-12-06,2018-12-06,-162.1868,-0.500494,stop,2,324.05,debit,0,short_dated|dte=5|long_delta=0.5|lookback=3|short_delta=0.3|sma=20|thresh=0.003
short_dated,is_default,SPY,2018-12-06,2018-12-07,-190.5987,-0.500420,stop,2,380.88,debit,0,short_dated|dte=5|long_delta=0.5|lookback=3|short_delta=0.3|sma=20|thresh=0.003
short_dated,is_default,QQQ,2018-12-10,2018-12-11,-268.4281,-0.796477,stop_gap,3,337.02,debit,0,short_dated|dte=5|long_delta=0.5|lookback=3|short_delta=0.3|sma=20|thresh=0.003
short_dated,is_default,SPY,2018-12-10,2018-12-11,-234.3820,-0.613864,stop_gap,2,381.81,debit,0,short_dated|dte=5|long_delta=0.5|lookback=3|short_delta=0.3|sma=20|thresh=0.003
short_dated,is_default,IWM,2018-12-06,2018-12-12,-156.4499,-0.500512,stop,2,312.58,debit,0,short_dated|dte=5|long_delta=0.5|lookback=3|short_delta=0.3|sma=20|thresh=0.003
short_dated,is_default,QQQ,2018-12-12,2018-12-12,-205.1228,-0.500977,stop,5,409.45,debit,0,short_dated|dte=5|long_delta=0.5|lookback=3|short_delta=0.3|sma=20|thresh=0.003
short_dated,is_default,SPY,2018-12-12,2018-12-13,261.1622,0.692379,target,3,377.20,debit,0,short_dated|dte=5|long_delta=0.5|lookback=3|short_delta=0.3|sma=20|thresh=0.003
short_dated,is_default,QQQ,2018-12-13,2018-12-14,-184.3223,-0.530712,stop_gap,2,347.31,debit,0,short_dated|dte=5|long_delta=0.5|lookback=3|short_delta=0.3|sma=20|thresh=0.003
short_dated,is_default,IWM,2018-12-14,2018-12-17,277.5371,0.805750,target,3,344.45,debit,0,short_dated|dte=5|long_delta=0.5|lookback=3|short_delta=0.3|sma=20|thresh=0.003
short_dated,is_default,QQQ,2018-12-17,2018-12-17,315.3610,0.855847,target,5,368.48,debit,0,short_dated|dte=5|long_delta=0.5|lookback=3|short_delta=0.3|sma=20|thresh=0.003
short_dated,is_default,SPY,2018-12-17,2018-12-17,287.6177,0.886929,target,3,324.28,debit,0,short_dated|dte=5|long_delta=0.5|lookback=3|short_delta=0.3|sma=20|thresh=0.003
short_dated,is_default,IWM,2018-12-18,2018-12-19,314.3323,0.848319,target,5,370.54,debit,0,short_dated|dte=5|long_delta=0.5|lookback=3|short_delta=0.3|sma=20|thresh=0.003
short_dated,is_default,QQQ,2018-12-18,2018-12-19,-176.9334,-0.500679,stop,3,353.39,debit,0,short_dated|dte=5|long_delta=0.5|lookback=3|short_delta=0.3|sma=20|thresh=0.003
short_dated,is_default,SPY,2018-12-18,2018-12-19,280.5572,0.829056,target,3,338.41,debit,0,short_dated|dte=5|long_delta=0.5|lookback=3|short_delta=0.3|sma=20|thresh=0.003
short_dated,is_default,IWM,2018-12-20,2018-12-21,267.3525,0.732844,target,3,364.81,debit,0,short_dated|dte=5|long_delta=0.5|lookback=3|short_delta=0.3|sma=20|thresh=0.003
short_dated,is_default,QQQ,2018-12-20,2018-12-21,275.2314,0.788499,target,3,349.06,debit,0,short_dated|dte=5|long_delta=0.5|lookback=3|short_delta=0.3|sma=20|thresh=0.003
short_dated,is_default,SPY,2018-12-20,2018-12-21,309.0228,0.809735,target,2,381.63,debit,0,short_dated|dte=5|long_delta=0.5|lookback=3|short_delta=0.3|sma=20|thresh=0.003
short_dated,is_default,IWM,2018-12-24,2018-12-26,-171.4831,-0.500701,stop,3,342.49,debit,0,short_dated|dte=5|long_delta=0.5|lookback=3|short_delta=0.3|sma=20|thresh=0.003
short_dated,is_default,QQQ,2018-12-24,2018-12-26,-169.8887,-0.500707,stop,3,339.30,debit,0,short_dated|dte=5|long_delta=0.5|lookback=3|short_delta=0.3|sma=20|thresh=0.003
short_dated,is_default,SPY,2018-12-24,2018-12-26,-152.2469,-0.500526,stop,2,304.17,debit,0,short_dated|dte=5|long_delta=0.5|lookback=3|short_delta=0.3|sma=20|thresh=0.003
short_dated,is_default,SPY,2018-12-27,2018-12-28,-136.7527,-0.514999,stop_gap,1,265.54,debit,0,short_dated|dte=5|long_delta=0.5|lookback=3|short_delta=0.3|sma=20|thresh=0.003
short_dated,is_default,IWM,2019-01-04,2019-01-04,-173.2798,-0.500693,stop,3,346.08,debit,0,short_dated|dte=5|long_delta=0.5|lookback=3|short_delta=0.3|sma=20|thresh=0.003
short_dated,is_default,QQQ,2019-01-04,2019-01-04,-161.2003,-0.500497,stop,2,322.08,debit,0,short_dated|dte=5|long_delta=0.5|lookback=3|short_delta=0.3|sma=20|thresh=0.003
short_dated,is_default,SPY,2019-01-04,2019-01-04,-192.6740,-0.500416,stop,2,385.03,debit,0,short_dated|dte=5|long_delta=0.5|lookback=3|short_delta=0.3|sma=20|thresh=0.003
short_dated,is_default,IWM,2019-01-07,2019-01-07,213.0762,0.570932,target,4,373.21,debit,0,short_dated|dte=5|long_delta=0.5|lookback=3|short_delta=0.3|sma=20|thresh=0.003
short_dated,is_default,IWM,2019-01-08,2019-01-08,-191.6038,-0.501676,stop,8,381.93,debit,0,short_dated|dte=5|long_delta=0.5|lookback=3|short_delta=0.3|sma=20|thresh=0.003
short_dated,is_default,QQQ,2019-01-08,2019-01-08,-208.2540,-0.500962,stop,5,415.71,debit,0,short_dated|dte=5|long_delta=0.5|lookback=3|short_delta=0.3|sma=20|thresh=0.003
short_dated,is_default,SPY,2019-01-08,2019-01-08,-182.9156,-0.500876,stop,4,365.19,debit,0,short_dated|dte=5|long_delta=0.5|lookback=3|short_delta=0.3|sma=20|thresh=0.003
short_dated,is_default,SPY,2019-01-09,2019-01-09,-174.4067,-0.500919,stop,4,348.17,debit,0,short_dated|dte=5|long_delta=0.5|lookback=3|short_delta=0.3|sma=20|thresh=0.003
short_dated,is_default,IWM,2019-01-09,2019-01-10,-184.7330,-0.500868,stop,4,368.83,debit,0,short_dated|dte=5|long_delta=0.5|lookback=3|short_delta=0.3|sma=20|thresh=0.003
short_dated,is_default,QQQ,2019-01-09,2019-01-10,-192.7745,-0.503138,stop_gap,4,383.14,debit,0,short_dated|dte=5|long_delta=0.5|lookback=3|short_delta=0.3|sma=20|thresh=0.003
short_dated,is_default,QQQ,2019-01-11,2019-01-14,-205.6320,-0.500584,stop,3,410.78,debit,0,short_dated|dte=5|long_delta=0.5|lookback=3|short_delta=0.3|sma=20|thresh=0.003
short_dated,is_default,SPY,2019-01-10,2019-01-15,220.3733,0.613967,target,2,358.93,debit,0,short_dated|dte=5|long_delta=0.5|lookback=3|short_delta=0.3|sma=20|thresh=0.003
short_dated,is_default,IWM,2019-01-11,2019-01-15,-182.7511,-0.500877,stop,4,364.86,debit,0,short_dated|dte=5|long_delta=0.5|lookback=3|short_delta=0.3|sma=20|thresh=0.003
short_dated,is_default,QQQ,2019-01-16,2019-01-16,-201.3065,-0.501595,stop,8,401.33,debit,0,short_dated|dte=5|long_delta=0.5|lookback=3|short_delta=0.3|sma=20|thresh=0.003
short_dated,is_default,SPY,2019-01-16,2019-01-17,-265.5645,-0.685312,stop_gap,7,387.51,debit,0,short_dated|dte=5|long_delta=0.5|lookback=3|short_delta=0.3|sma=20|thresh=0.003
short_dated,is_default,IWM,2019-01-17,2019-01-18,217.5691,0.597353,target,4,364.22,debit,0,short_dated|dte=5|long_delta=0.5|lookback=3|short_delta=0.3|sma=20|thresh=0.003
short_dated,is_default,QQQ,2019-01-17,2019-01-18,214.6626,0.580115,target,4,370.03,debit,0,short_dated|dte=5|long_delta=0.5|lookback=3|short_delta=0.3|sma=20|thresh=0.003
short_dated,is_default,SPY,2019-01-18,2019-01-22,-201.1249,-0.500597,stop,3,401.77,debit,0,short_dated|dte=5|long_delta=0.5|lookback=3|short_delta=0.3|sma=20|thresh=0.003
short_dated,is_default,QQQ,2019-01-22,2019-01-22,-202.5760,-0.501585,stop,8,403.87,debit,0,short_dated|dte=5|long_delta=0.5|lookback=3|short_delta=0.3|sma=20|thresh=0.003
short_dated,is_default,IWM,2019-01-23,2019-01-23,-192.1349,-0.500834,stop,4,383.63,debit,0,short_dated|dte=5|long_delta=0.5|lookback=3|short_delta=0.3|sma=20|thresh=0.003
short_dated,is_default,SPY,2019-01-23,2019-01-23,-196.6294,-0.500815,stop,4,392.62,debit,0,short_dated|dte=5|long_delta=0.5|lookback=3|short_delta=0.3|sma=20|thresh=0.003
short_dated,is_default,QQQ,2019-01-28,2019-01-29,-179.2295,-0.500894,stop,4,357.82,debit,0,short_dated|dte=5|long_delta=0.5|lookback=3|short_delta=0.3|sma=20|thresh=0.003
short_dated,is_default,SPY,2019-01-28,2019-01-30,245.5971,0.601473,target,3,408.33,debit,0,short_dated|dte=5|long_delta=0.5|lookback=3|short_delta=0.3|sma=20|thresh=0.003
short_dated,is_default,IWM,2019-01-28,2019-01-31,231.7173,0.689788,target,4,335.93,debit,0,short_dated|dte=5|long_delta=0.5|lookback=3|short_delta=0.3|sma=20|thresh=0.003
short_dated,is_default,SPY,2019-01-31,2019-02-04,254.6041,0.652310,target,3,390.31,debit,0,short_dated|dte=5|long_delta=0.5|lookback=3|short_delta=0.3|sma=20|thresh=0.003
short_dated,is_default,QQQ,2019-01-31,2019-02-05,217.3987,0.596328,target,4,364.56,debit,0,short_dated|dte=5|long_delta=0.5|lookback=3|short_delta=0.3|sma=20|thresh=0.003
short_dated,is_default,IWM,2019-02-01,2019-02-05,206.8356,0.536276,target,4,385.69,debit,0,short_dated|dte=5|long_delta=0.5|lookback=3|short_delta=0.3|sma=20|thresh=0.003
short_dated,is_default,IWM,2019-02-06,2019-02-06,-186.4038,-0.501507,stop,7,371.69,debit,0,short_dated|dte=5|long_delta=0.5|lookback=3|short_delta=0.3|sma=20|thresh=0.003
short_dated,is_default,QQQ,2019-02-06,2019-02-06,-195.8810,-0.501434,stop,7,390.64,debit,0,short_dated|dte=5|long_delta=0.5|lookback=3|short_delta=0.3|sma=20|thresh=0.003
short_dated,is_default,SPY,2019-02-05,2019-02-07,-305.3069,-0.783275,stop_gap,4,389.78,debit,0,short_dated|dte=5|long_delta=0.5|lookback=3|short_delta=0.3|sma=20|thresh=0.003
short_dated,is_default,IWM,2019-02-07,2019-02-07,-169.4565,-0.500946,stop,4,338.27,debit,0,short_dated|dte=5|long_delta=0.5|lookback=3|short_delta=0.3|sma=20|thresh=0.003
short_dated,is_default,QQQ,2019-02-07,2019-02-07,-186.1852,-0.500861,stop,4,371.73,debit,0,short_dated|dte=5|long_delta=0.5|lookback=3|short_delta=0.3|sma=20|thresh=0.003
short_dated,is_default,QQQ,2019-02-13,2019-02-13,-189.8359,-0.501691,stop,8,378.39,debit,0,short_dated|dte=5|long_delta=0.5|lookback=3|short_delta=0.3|sma=20|thresh=0.003
short_dated,is_default,SPY,2019-02-13,2019-02-14,-313.4575,-0.785086,stop_gap,7,399.27,debit,0,short_dated|dte=5|long_delta=0.5|lookback=3|short_delta=0.3|sma=20|thresh=0.003
short_dated,is_default,IWM,2019-02-14,2019-02-15,212.2545,0.567205,target,8,374.21,debit,0,short_dated|dte=5|long_delta=0.5|lookback=3|short_delta=0.3|sma=20|thresh=0.003
short_dated,is_default,QQQ,2019-02-14,2019-02-21,-202.1836,-0.500991,stop,5,403.57,debit,0,short_dated|dte=5|long_delta=0.5|lookback=3|short_delta=0.3|sma=20|thresh=0.003
short_dated,is_default,SPY,2019-02-15,2019-02-21,11.6196,0.041742,time,2,278.37,debit,0,short_dated|dte=5|long_delta=0.5|lookback=3|short_delta=0.3|sma=20|thresh=0.003
short_dated,is_default,IWM,2019-02-21,2019-02-25,216.7345,0.592347,target,4,365.89,debit,0,short_dated|dte=5|long_delta=0.5|lookback=3|short_delta=0.3|sma=20|thresh=0.003
short_dated,is_default,QQQ,2019-02-25,2019-02-26,-177.0985,-0.500905,stop,4,353.56,debit,0,short_dated|dte=5|long_delta=0.5|lookback=3|short_delta=0.3|sma=20|thresh=0.003
short_dated,is_default,SPY,2019-02-25,2019-02-26,-214.6100,-0.560685,stop_gap,8,382.76,debit,0,short_dated|dte=5|long_delta=0.5|lookback=3|short_delta=0.3|sma=20|thresh=0.003
short_dated,is_default,IWM,2019-02-26,2019-02-26,-193.1586,-0.501662,stop,8,385.04,debit,0,short_dated|dte=5|long_delta=0.5|lookback=3|short_delta=0.3|sma=20|thresh=0.003
short_dated,is_default,QQQ,2019-02-27,2019-02-27,-185.1441,-0.501517,stop,7,369.17,debit,0,short_dated|dte=5|long_delta=0.5|lookback=3|short_delta=0.3|sma=20|thresh=0.003
short_dated,is_default,SPY,2019-02-27,2019-02-27,-201.7922,-0.501591,stop,8,402.30,debit,0,short_dated|dte=5|long_delta=0.5|lookback=3|short_delta=0.3|sma=20|thresh=0.003
short_dated,is_default,QQQ,2019-02-28,2019-03-04,213.3550,0.572535,target,4,372.65,debit,0,short_dated|dte=5|long_delta=0.5|lookback=3|short_delta=0.3|sma=20|thresh=0.003
short_dated,is_default,IWM,2019-03-04,2019-03-04,-185.2557,-0.501951,stop,9,369.07,debit,0,short_dated|dte=5|long_delta=0.5|lookback=3|short_delta=0.3|sma=20|thresh=0.003
short_dated,is_default,SPY,2019-03-04,2019-03-04,-185.1831,-0.501734,stop,8,369.09,debit,0,short_dated|dte=5|long_delta=0.5|lookback=3|short_delta=0.3|sma=20|thresh=0.003
short_dated,is_default,QQQ,2019-03-05,2019-03-05,-194.9277,-0.501854,stop,9,388.42,debit,0,short_dated|dte=5|long_delta=0.5|lookback=3|short_delta=0.3|sma=20|thresh=0.003
short_dated,is_default,QQQ,2019-03-06,2019-03-06,-194.8013,-0.501648,stop,8,388.32,debit,0,short_dated|dte=5|long_delta=0.5|lookback=3|short_delta=0.3|sma=20|thresh=0.003
short_dated,is_default,IWM,2019-03-07,2019-03-11,-194.3618,-0.501031,stop,5,387.92,debit,0,short_dated|dte=5|long_delta=0.5|lookback=3|short_delta=0.3|sma=20|thresh=0.003
short_dated,is_default,QQQ,2019-03-08,2019-03-11,-239.4611,-0.679274,stop_gap,3,352.52,debit,0,short_dated|dte=5|long_delta=0.5|lookback=3|short_delta=0.3|sma=20|thresh=0.003
short_dated,is_default,SPY,2019-03-08,2019-03-11,-199.0542,-0.578852,stop_gap,3,343.88,debit,0,short_dated|dte=5|long_delta=0.5|lookback=3|short_delta=0.3|sma=20|thresh=0.003
short_dated,is_default,QQQ,2019-03-12,2019-03-13,167.6618,0.461171,target,7,363.56,debit,0,short_dated|dte=5|long_delta=0.5|lookback=3|short_delta=0.3|sma=20|thresh=0.003
short_dated,is_default,SPY,2019-03-12,2019-03-13,219.8615,0.611343,target,4,359.64,debit,0,short_dated|dte=5|long_delta=0.5|lookback=3|short_delta=0.3|sma=20|thresh=0.003
short_dated,is_default,QQQ,2019-03-14,2019-03-19,212.1671,0.565740,target,4,375.03,debit,0,short_dated|dte=5|long_delta=0.5|lookback=3|short_delta=0.3|sma=20|thresh=0.003
short_dated,is_default,SPY,2019-03-14,2019-03-20,-140.0235,-0.500572,stop,2,279.73,debit,0,short_dated|dte=5|long_delta=0.5|lookback=3|short_delta=0.3|sma=20|thresh=0.003
short_dated,is_default,QQQ,2019-03-20,2019-03-20,-196.3419,-0.501430,stop,7,391.56,debit,0,short_dated|dte=5|long_delta=0.5|lookback=3|short_delta=0.3|sma=20|thresh=0.003
short_dated,is_default,IWM,2019-03-21,2019-03-21,-163.9510,-0.500978,stop,4,327.26,debit,0,short_dated|dte=5|long_delta=0.5|lookback=3|short_delta=0.3|sma=20|thresh=0.003
short_dated,is_default,IWM,2019-03-22,2019-03-22,320.9818,0.898514,target,5,357.24,debit,0,short_dated|dte=5|long_delta=0.5|lookback=3|short_delta=0.3|sma=20|thresh=0.003
short_dated,is_default,SPY,2019-03-22,2019-03-22,-136.4657,-0.500587,stop,2,272.61,debit,0,short_dated|dte=5|long_delta=0.5|lookback=3|short_delta=0.3|sma=20|thresh=0.003
short_dated,is_default,QQQ,2019-03-21,2019-03-25,-195.3223,-0.500821,stop,4,390.00,debit,0,short_dated|dte=5|long_delta=0.5|lookback=3|short_delta=0.3|sma=20|thresh=0.003
short_dated,is_default,IWM,2019-03-25,2019-03-25,-169.5966,-0.500945,stop,4,338.55,debit,0,short_dated|dte=5|long_delta=0.5|lookback=3|short_delta=0.3|sma=20|thresh=0.003
short_dated,is_default,SPY,2019-03-25,2019-03-26,-174.1582,-0.518693,stop_gap,3,335.76,debit,0,short_dated|dte=5|long_delta=0.5|lookback=3|short_delta=0.3|sma=20|thresh=0.003
short_dated,is_default,IWM,2019-03-26,2019-03-28,-166.0798,-0.500965,stop,4,331.52,debit,0,short_dated|dte=5|long_delta=0.5|lookback=3|short_delta=0.3|sma=20|thresh=0.003
short_dated,is_default,SPY,2019-03-29,2019-04-01,160.1066,0.572900,target,2,279.47,debit,0,short_dated|dte=5|long_delta=0.5|lookback=3|short_delta=0.3|sma=20|thresh=0.003
short_dated,is_default,IWM,2019-04-02,2019-04-02,-182.7433,-0.501757,stop,8,364.21,debit,0,short_dated|dte=5|long_delta=0.5|lookback=3|short_delta=0.3|sma=20|thresh=0.003
short_dated,is_default,QQQ,2019-04-01,2019-04-03,221.7286,0.624126,target,8,355.26,debit,0,short_dated|dte=5|long_delta=0.5|lookback=3|short_delta=0.3|sma=20|thresh=0.003
short_dated,is_default,IWM,2019-04-03,2019-04-03,-187.2889,-0.501714,stop,8,373.30,debit,0,short_dated|dte=5|long_delta=0.5|lookback=3|short_delta=0.3|sma=20|thresh=0.003
short_dated,is_default,SPY,2019-04-02,2019-04-04,66.4260,0.189389,time,4,350.74,debit,0,short_dated|dte=5|long_delta=0.5|lookback=3|short_delta=0.3|sma=20|thresh=0.003
short_dated,is_default,IWM,2019-04-04,2019-04-08,208.4433,0.544988,target,4,382.47,debit,0,short_dated|dte=5|long_delta=0.5|lookback=3|short_delta=0.3|sma=20|thresh=0.003
short_dated,is_default,SPY,2019-04-05,2019-04-09,-184.8732,-0.500867,stop,4,369.11,debit,0,short_dated|dte=5|long_delta=0.5|lookback=3|short_delta=0.3|sma=20|thresh=0.003
short_dated,is_default,QQQ,2019-04-04,2019-04-11,42.5947,0.119769,time,4,355.64,debit,0,short_dated|dte=5|long_delta=0.5|lookback=3|short_delta=0.3|sma=20|thresh=0.003
short_dated,is_default,IWM,2019-04-15,2019-04-15,-187.2740,-0.501715,stop,8,373.27,debit,0,short_dated|dte=5|long_delta=0.5|lookback=3|short_delta=0.3|sma=20|thresh=0.003
short_dated,is_default,QQQ,2019-04-15,2019-04-15,-186.1325,-0.501725,stop,8,370.99,debit,0,short_dated|dte=5|long_delta=0.5|lookback=3|short_delta=0.3|sma=20|thresh=0.003
short_dated,is_default,SPY,2019-04-15,2019-04-17,-184.2885,-0.500870,stop,4,367.94,debit,0,short_dated|dte=5|long_delta=0.5|lookback=3|short_delta=0.3|sma=20|thresh=0.003
short_dated,is_default,QQQ,2019-04-17,2019-04-17,-194.2976,-0.501652,stop,8,387.32,debit,0,short_dated|dte=5|long_delta=0.5|lookback=3|short_delta=0.3|sma=20|thresh=0.003
short_dated,is_default,QQQ,2019-04-18,2019-04-22,-202.9960,-0.634462,stop_gap,4,319.95,debit,0,short_dated|dte=5|long_delta=0.5|lookback=3|short_delta=0.3|sma=20|thresh=0.003
short_dated,is_default,QQQ,2019-04-23,2019-04-24,213.1021,0.571081,target,4,373.16,debit,0,short_dated|dte=5|long_delta=0.5|lookback=3|short_delta=0.3|sma=20|thresh=0.003
short_dated,is_default,SPY,2019-04-24,2019-04-24,-184.5664,-0.501522,stop,7,368.01,debit,0,short_dated|dte=5|long_delta=0.5|lookback=3|short_delta=0.3|sma=20|thresh=0.003
short_dated,is_default,IWM,2019-04-25,2019-04-25,-194.1273,-0.500826,stop,4,387.61,debit,0,short_dated|dte=5|long_delta=0.5|lookback=3|short_delta=0.3|sma=20|thresh=0.003
short_dated,is_default,QQQ,2019-04-25,2019-04-26,-194.2372,-0.500619,stop,3,387.99,debit,0,short_dated|dte=5|long_delta=0.5|lookback=3|short_delta=0.3|sma=20|thresh=0.003
short_dated,is_default,IWM,2019-04-26,2019-04-29,224.5655,0.641196,target,4,350.23,debit,0,short_dated|dte=5|long_delta=0.5|lookback=3|short_delta=0.3|sma=20|thresh=0.003
short_dated,is_default,IWM,2019-04-30,2019-04-30,-178.1667,-0.501577,stop,7,355.21,debit,0,short_dated|dte=5|long_delta=0.5|lookback=3|short_delta=0.3|sma=20|thresh=0.003
short_dated,is_default,QQQ,2019-04-30,2019-04-30,-194.8059,-0.501855,stop,9,388.17,debit,0,short_dated|dte=5|long_delta=0.5|lookback=3|short_delta=0.3|sma=20|thresh=0.003
short_dated,is_default,IWM,2019-05-01,2019-05-01,-185.1347,-0.501734,stop,8,368.99,debit,0,short_dated|dte=5|long_delta=0.5|lookback=3|short_delta=0.3|sma=20|thresh=0.003
short_dated,is_default,SPY,2019-04-25,2019-05-02,-139.5959,-0.516217,stop_gap,2,270.42,debit,0,short_dated|dte=5|long_delta=0.5|lookback=3|short_delta=0.3|sma=20|thresh=0.003
short_dated,is_default,IWM,2019-05-02,2019-05-03,-170.1663,-0.500706,stop,3,339.85,debit,0,short_dated|dte=5|long_delta=0.5|lookback=3|short_delta=0.3|sma=20|thresh=0.003
short_dated,is_default,IWM,2019-05-06,2019-05-06,169.1067,0.468873,target,7,360.67,debit,0,short_dated|dte=5|long_delta=0.5|lookback=3|short_delta=0.3|sma=20|thresh=0.003
short_dated,is_default,QQQ,2019-05-06,2019-05-06,173.1404,0.491040,target,7,352.60,debit,0,short_dated|dte=5|long_delta=0.5|lookback=3|short_delta=0.3|sma=20|thresh=0.003
short_dated,is_default,IWM,2019-05-07,2019-05-07,-183.6099,-0.500873,stop,4,366.58,debit,0,short_dated|dte=5|long_delta=0.5|lookback=3|short_delta=0.3|sma=20|thresh=0.003
short_dated,is_default,QQQ,2019-05-07,2019-05-07,-167.4473,-0.500957,stop,4,334.25,debit,0,short_dated|dte=5|long_delta=0.5|lookback=3|short_delta=0.3|sma=20|thresh=0.003
short_dated,is_default,SPY,2019-05-07,2019-05-07,-187.9846,-0.500853,stop,4,375.33,debit,0,short_dated|dte=5|long_delta=0.5|lookback=3|short_delta=0.3|sma=20|thresh=0.003
short_dated,is_default,QQQ,2019-05-08,2019-05-08,-177.0162,-0.500906,stop,4,353.39,debit,0,short_dated|dte=5|long_delta=0.5|lookback=3|short_delta=0.3|sma=20|thresh=0.003
short_dated,is_default,SPY,2019-05-08,2019-05-09,265.7282,0.721962,target,3,368.06,debit,0,short_dated|dte=5|long_delta=0.5|lookback=3|short_delta=0.3|sma=20|thresh=0.003
short_dated,is_default,IWM,2019-05-09,2019-05-13,265.8333,0.722661,target,3,367.85,debit,0,short_dated|dte=5|long_delta=0.5|lookback=3|short_delta=0.3|sma=20|thresh=0.003
short_dated,is_default,QQQ,2019-05-09,2019-05-13,248.2180,0.818542,target,2,303.24,debit,0,short_dated|dte=5|long_delta=0.5|lookback=3|short_delta=0.3|sma=20|thresh=0.003
short_dated,is_default,SPY,2019-05-10,2019-05-13,309.4323,0.812552,target,2,380.82,debit,0,short_dated|dte=5|long_delta=0.5|lookback=3|short_delta=0.3|sma=20|thresh=0.003
short_dated,is_default,IWM,2019-05-14,2019-05-14,-193.9226,-0.501033,stop,5,387.05,debit,0,short_dated|dte=5|long_delta=0.5|lookback=3|short_delta=0.3|sma=20|thresh=0.003
short_dated,is_default,QQQ,2019-05-14,2019-05-15,-177.9157,-0.500675,stop,3,355.35,debit,0,short_dated|dte=5|long_delta=0.5|lookback=3|short_delta=0.3|sma=20|thresh=0.003
short_dated,is_default,SPY,2019-05-14,2019-05-15,-169.7991,-0.500708,stop,3,339.12,debit,0,short_dated|dte=5|long_delta=0.5|lookback=3|short_delta=0.3|sma=20|thresh=0.003
short_dated,is_default,IWM,2019-05-15,2019-05-15,-192.9359,-0.501873,stop,9,384.43,debit,0,short_dated|dte=5|long_delta=0.5|lookback=3|short_delta=0.3|sma=20|thresh=0.003
short_dated,is_default,QQQ,2019-05-16,2019-05-16,-161.7719,-0.500743,stop,3,323.06,debit,0,short_dated|dte=5|long_delta=0.5|lookback=3|short_delta=0.3|sma=20|thresh=0.003
short_dated,is_default,IWM,2019-05-16,2019-05-20,273.6788,0.777138,target,3,352.16,debit,0,short_dated|dte=5|long_delta=0.5|lookback=3|short_delta=0.3|sma=20|thresh=0.003
short_dated,is_default,SPY,2019-05-16,2019-05-22,-148.9507,-0.500538,stop,2,297.58,debit,0,short_dated|dte=5|long_delta=0.5|lookback=3|short_delta=0.3|sma=20|thresh=0.003
short_dated,is_default,IWM,2019-05-21,2019-05-22,-161.2849,-0.500994,stop,4,321.93,debit,0,short_dated|dte=5|long_delta=0.5|lookback=3|short_delta=0.3|sma=20|thresh=0.003
short_dated,is_default,QQQ,2019-05-21,2019-05-23,229.6963,0.675642,target,4,339.97,debit,0,short_dated|dte=5|long_delta=0.5|lookback=3|short_delta=0.3|sma=20|thresh=0.003
short_dated,is_default,IWM,2019-05-24,2019-05-28,-185.5221,-0.501080,stop,5,370.24,debit,0,short_dated|dte=5|long_delta=0.5|lookback=3|short_delta=0.3|sma=20|thresh=0.003
short_dated,is_default,QQQ,2019-05-24,2019-05-29,287.4607,0.885588,target,3,324.60,debit,0,short_dated|dte=5|long_delta=0.5|lookback=3|short_delta=0.3|sma=20|thresh=0.003
short_dated,is_default,SPY,2019-05-24,2019-05-29,248.5593,0.821517,target,2,302.56,debit,0,short_dated|dte=5|long_delta=0.5|lookback=3|short_delta=0.3|sma=20|thresh=0.003
short_dated,is_default,IWM,2019-05-29,2019-05-30,-177.8579,-0.501579,stop,7,354.60,debit,0,short_dated|dte=5|long_delta=0.5|lookback=3|short_delta=0.3|sma=20|thresh=0.003
short_dated,is_default,QQQ,2019-05-30,2019-06-03,248.1617,0.818053,target,2,303.36,debit,0,short_dated|dte=5|long_delta=0.5|lookback=3|short_delta=0.3|sma=20|thresh=0.003
short_dated,is_default,SPY,2019-05-30,2019-06-03,252.4673,0.856561,target,2,294.75,debit,0,short_dated|dte=5|long_delta=0.5|lookback=3|short_delta=0.3|sma=20|thresh=0.003
short_dated,is_default,IWM,2019-05-31,2019-06-04,-248.4091,-0.659251,stop_gap,5,376.81,debit,0,short_dated|dte=5|long_delta=0.5|lookback=3|short_delta=0.3|sma=20|thresh=0.003
short_dated,is_default,QQQ,2019-06-04,2019-06-04,-189.1530,-0.501060,stop,5,377.51,debit,0,short_dated|dte=5|long_delta=0.5|lookback=3|short_delta=0.3|sma=20|thresh=0.003
short_dated,is_default,SPY,2019-06-04,2019-06-04,-156.0027,-0.501028,stop,4,311.37,debit,0,short_dated|dte=5|long_delta=0.5|lookback=3|short_delta=0.3|sma=20|thresh=0.003
short_dated,is_default,QQQ,2019-06-05,2019-06-06,-173.7676,-0.500922,stop,4,346.90,debit,0,short_dated|dte=5|long_delta=0.5|lookback=3|short_delta=0.3|sma=20|thresh=0.003
short_dated,is_default,SPY,2019-06-06,2019-06-07,224.7280,0.641670,target,2,350.22,debit,0,short_dated|dte=5|long_delta=0.5|lookback=3|short_delta=0.3|sma=20|thresh=0.003
short_dated,is_default,QQQ,2019-06-10,2019-06-11,212.7676,0.569164,target,4,373.82,debit,0,short_dated|dte=5|long_delta=0.5|lookback=3|short_delta=0.3|sma=20|thresh=0.003
short_dated,is_default,IWM,2019-06-11,2019-06-11,-187.5455,-0.501712,stop,8,373.81,debit,0,short_dated|dte=5|long_delta=0.5|lookback=3|short_delta=0.3|sma=20|thresh=0.003
short_dated,is_default,SPY,2019-06-10,2019-06-12,-135.9946,-0.500589,stop,2,271.67,debit,0,short_dated|dte=5|long_delta=0.5|lookback=3|short_delta=0.3|sma=20|thresh=0.003
short_dated,is_default,IWM,2019-06-12,2019-06-12,-173.2050,-0.501389,stop,6,345.45,debit,0,short_dated|dte=5|long_delta=0.5|lookback=3|short_delta=0.3|sma=20|thresh=0.003
short_dated,is_default,QQQ,2019-06-12,2019-06-12,-191.3301,-0.501468,stop,7,381.54,debit,0,short_dated|dte=5|long_delta=0.5|lookback=3|short_delta=0.3|sma=20|thresh=0.003
short_dated,is_default,IWM,2019-06-13,2019-06-18,153.3477,0.523684,target,3,292.82,debit,0,short_dated|dte=5|long_delta=0.5|lookback=3|short_delta=0.3|sma=20|thresh=0.003
short_dated,is_default,QQQ,2019-06-13,2019-06-18,167.3711,0.631737,target,2,264.94,debit,0,short_dated|dte=5|long_delta=0.5|lookback=3|short_delta=0.3|sma=20|thresh=0.003
short_dated,is_default,IWM,2019-06-19,2019-06-19,-173.9446,-0.501384,stop,6,346.93,debit,0,short_dated|dte=5|long_delta=0.5|lookback=3|short_delta=0.3|sma=20|thresh=0.003
short_dated,is_default,QQQ,2019-06-19,2019-06-19,-180.1022,-0.501560,stop,7,359.08,debit,0,short_dated|dte=5|long_delta=0.5|lookback=3|short_delta=0.3|sma=20|thresh=0.003
short_dated,is_default,SPY,2019-06-18,2019-06-20,152.3738,0.516920,target,3,294.77,debit,0,short_dated|dte=5|long_delta=0.5|lookback=3|short_delta=0.3|sma=20|thresh=0.003
short_dated,is_default,QQQ,2019-06-20,2019-06-20,-183.2675,-0.500875,stop,4,365.90,debit,0,short_dated|dte=5|long_delta=0.5|lookback=3|short_delta=0.3|sma=20|thresh=0.003
short_dated,is_default,IWM,2019-06-20,2019-06-21,-184.3255,-0.500870,stop,4,368.01,debit,0,short_dated|dte=5|long_delta=0.5|lookback=3|short_delta=0.3|sma=20|thresh=0.003
short_dated,is_default,QQQ,2019-06-21,2019-06-25,-176.2830,-0.500909,stop,4,351.93,debit,0,short_dated|dte=5|long_delta=0.5|lookback=3|short_delta=0.3|sma=20|thresh=0.003
short_dated,is_default,SPY,2019-06-21,2019-06-25,-136.8993,-0.500585,stop,2,273.48,debit,0,short_dated|dte=5|long_delta=0.5|lookback=3|short_delta=0.3|sma=20|thresh=0.003
short_dated,is_default,IWM,2019-06-27,2019-06-27,-190.2411,-0.501054,stop,5,379.68,debit,0,short_dated|dte=5|long_delta=0.5|lookback=3|short_delta=0.3|sma=20|thresh=0.003
short_dated,is_default,IWM,2019-06-28,2019-07-01,220.7065,0.616590,target,4,357.95,debit,0,short_dated|dte=5|long_delta=0.5|lookback=3|short_delta=0.3|sma=20|thresh=0.003
short_dated,is_default,SPY,2019-07-01,2019-07-01,-177.4466,-0.500903,stop,4,354.25,debit,0,short_dated|dte=5|long_delta=0.5|lookback=3|short_delta=0.3|sma=20|thresh=0.003
short_dated,is_default,QQQ,2019-07-01,2019-07-02,-145.9587,-0.500824,stop,3,291.44,debit,0,short_dated|dte=5|long_delta=0.5|lookback=3|short_delta=0.3|sma=20|thresh=0.003
short_dated,is_default,IWM,2019-07-02,2019-07-02,-167.1532,-0.501681,stop,7,333.19,debit,0,short_dated|dte=5|long_delta=0.5|lookback=3|short_delta=0.3|sma=20|thresh=0.003
short_dated,is_default,SPY,2019-07-02,2019-07-03,214.7418,0.581584,target,8,369.24,debit,0,short_dated|dte=5|long_delta=0.5|lookback=3|short_delta=0.3|sma=20|thresh=0.003
short_dated,is_default,IWM,2019-07-05,2019-07-08,-172.9371,-0.501857,stop,8,344.59,debit,0,short_dated|dte=5|long_delta=0.5|lookback=3|short_delta=0.3|sma=20|thresh=0.003
short_dated,is_default,QQQ,2019-07-05,2019-07-08,-184.1708,-0.500870,stop,4,367.70,debit,0,short_dated|dte=5|long_delta=0.5|lookback=3|short_delta=0.3|sma=20|thresh=0.003
short_dated,is_default,SPY,2019-07-05,2019-07-08,-163.6067,-0.500980,stop,4,326.57,debit,0,short_dated|dte=5|long_delta=0.5|lookback=3|short_delta=0.3|sma=20|thresh=0.003
short_dated,is_default,QQQ,2019-07-11,2019-07-17,-173.2318,-0.500925,stop,4,345.82,debit,0,short_dated|dte=5|long_delta=0.5|lookback=3|short_delta=0.3|sma=20|thresh=0.003
short_dated,is_default,SPY,2019-07-12,2019-07-17,-178.0471,-0.500900,stop,4,355.45,debit,0,short_dated|dte=5|long_delta=0.5|lookback=3|short_delta=0.3|sma=20|thresh=0.003
short_dated,is_default,IWM,2019-07-18,2019-07-24,-185.7216,-0.501079,stop,5,370.64,debit,0,short_dated|dte=5|long_delta=0.5|lookback=3|short_delta=0.3|sma=20|thresh=0.003
short_dated,is_default,QQQ,2019-07-24,2019-07-25,-104.6354,-0.310686,time,6,336.79,debit,0,short_dated|dte=5|long_delta=0.5|lookback=3|short_delta=0.3|sma=20|thresh=0.003
short_dated,is_default,SPY,2019-07-24,2019-07-25,6.9862,0.024621,time,3,283.75,debit,0,short_dated|dte=5|long_delta=0.5|lookback=3|short_delta=0.3|sma=20|thresh=0.003
short_dated,is_default,IWM,2019-07-25,2019-07-25,-185.9405,-0.500862,stop,4,371.24,debit,0,short_dated|dte=5|long_delta=0.5|lookback=3|short_delta=0.3|sma=20|thresh=0.003
short_dated,is_default,QQQ,2019-07-26,2019-07-29,-169.0139,-0.500948,stop,4,337.39,debit,0,short_dated|dte=5|long_delta=0.5|lookback=3|short_delta=0.3|sma=20|thresh=0.003
short_dated,is_default,IWM,2019-07-26,2019-07-30,-184.0953,-0.501744,stop,8,366.91,debit,0,short_dated|dte=5|long_delta=0.5|lookback=3|short_delta=0.3|sma=20|thresh=0.003
short_dated,is_default,SPY,2019-07-26,2019-07-30,-183.4218,-0.500874,stop,4,366.20,debit,0,short_dated|dte=5|long_delta=0.5|lookback=3|short_delta=0.3|sma=20|thresh=0.003
short_dated,is_default,IWM,2019-07-31,2019-07-31,-174.8227,-0.501607,stop,7,348.53,debit,0,short_dated|dte=5|long_delta=0.5|lookback=3|short_delta=0.3|sma=20|thresh=0.003
short_dated,is_default,QQQ,2019-08-01,2019-08-01,-154.2541,-0.500519,stop,2,308.19,debit,0,short_dated|dte=5|long_delta=0.5|lookback=3|short_delta=0.3|sma=20|thresh=0.003
short_dated,is_default,SPY,2019-08-01,2019-08-02,156.1639,0.832820,target,1,187.51,debit,0,short_dated|dte=5|long_delta=0.5|lookback=3|short_delta=0.3|sma=20|thresh=0.003
short_dated,is_default,IWM,2019-08-02,2019-08-05,251.2537,0.846392,target,4,296.85,debit,0,short_dated|dte=5|long_delta=0.5|lookback=3|short_delta=0.3|sma=20|thresh=0.003
short_dated,is_default,QQQ,2019-08-02,2019-08-05,271.8064,0.763700,target,3,355.91,debit,0,short_dated|dte=5|long_delta=0.5|lookback=3|short_delta=0.3|sma=20|thresh=0.003
short_dated,is_default,SPY,2019-08-05,2019-08-05,284.6427,0.861941,target,3,330.23,debit,0,short_dated|dte=5|long_delta=0.5|lookback=3|short_delta=0.3|sma=20|thresh=0.003
short_dated,is_default,QQQ,2019-08-06,2019-08-07,-152.9075,-0.501049,stop,4,305.17,debit,0,short_dated|dte=5|long_delta=0.5|lookback=3|short_delta=0.3|sma=20|thresh=0.003
short_dated,is_default,SPY,2019-08-06,2019-08-07,-151.1021,-0.500530,stop,2,301.88,debit,0,short_dated|dte=5|long_delta=0.5|lookback=3|short_delta=0.3|sma=20|thresh=0.003
short_dated,is_default,IWM,2019-08-06,2019-08-08,-234.1698,-0.734725,stop_gap,4,318.72,debit,0,short_dated|dte=5|long_delta=0.5|lookback=3|short_delta=0.3|sma=20|thresh=0.003
short_dated,is_default,QQQ,2019-08-08,2019-08-09,-145.2909,-0.500551,stop,2,290.26,debit,0,short_dated|dte=5|long_delta=0.5|lookback=3|short_delta=0.3|sma=20|thresh=0.003
short_dated,is_default,SPY,2019-08-08,2019-08-09,-96.0441,-0.500417,stop,1,191.93,debit,0,short_dated|dte=5|long_delta=0.5|lookback=3|short_delta=0.3|sma=20|thresh=0.003
short_dated,is_default,IWM,2019-08-13,2019-08-13,-180.1942,-0.502006,stop,9,358.95,debit,0,short_dated|dte=5|long_delta=0.5|lookback=3|short_delta=0.3|sma=20|thresh=0.003
short_dated,is_default,SPY,2019-08-14,2019-08-14,237.5837,0.732847,target,4,324.19,debit,0,short_dated|dte=5|long_delta=0.5|lookback=3|short_delta=0.3|sma=20|thresh=0.003
short_dated,is_default,IWM,2019-08-14,2019-08-15,179.0777,0.525579,target,7,340.72,debit,0,short_dated|dte=5|long_delta=0.5|lookback=3|short_delta=0.3|sma=20|thresh=0.003
short_dated,is_default,IWM,2019-08-16,2019-08-16,-164.1585,-0.500732,stop,3,327.84,debit,0,short_dated|dte=5|long_delta=0.5|lookback=3|short_delta=0.3|sma=20|thresh=0.003
short_dated,is_default,QQQ,2019-08-15,2019-08-19,-264.7024,-0.869016,stop_gap,2,304.60,debit,0,short_dated|dte=5|long_delta=0.5|lookback=3|short_delta=0.3|sma=20|thresh=0.003
short_dated,is_default,SPY,2019-08-15,2019-08-19,-193.7122,-0.876377,stop_gap,1,221.04,debit,0,short_dated|dte=5|long_delta=0.5|lookback=3|short_delta=0.3|sma=20|thresh=0.003
short_dated,is_default,IWM,2019-08-19,2019-08-21,-186.7690,-0.517942,stop_gap,9,360.60,debit,0,short_dated|dte=5|long_delta=0.5|lookback=3|short_delta=0.3|sma=20|thresh=0.003
short_dated,is_default,QQQ,2019-08-22,2019-08-23,-132.5814,-0.500604,stop,2,264.84,debit,0,short_dated|dte=5|long_delta=0.5|lookback=3|short_delta=0.3|sma=20|thresh=0.003
short_dated,is_default,SPY,2019-08-22,2019-08-23,-177.7695,-0.500450,stop,2,355.22,debit,0,short_dated|dte=5|long_delta=0.5|lookback=3|short_delta=0.3|sma=20|thresh=0.003
short_dated,is_default,QQQ,2019-08-26,2019-08-27,-164.5445,-0.526068,stop_gap,4,312.78,debit,0,short_dated|dte=5|long_delta=0.5|lookback=3|short_delta=0.3|sma=20|thresh=0.003
short_dated,is_default,SPY,2019-08-26,2019-08-27,-167.2286,-0.500719,stop,3,333.98,debit,0,short_dated|dte=5|long_delta=0.5|lookback=3|short_delta=0.3|sma=20|thresh=0.003
short_dated,is_default,QQQ,2019-08-28,2019-08-28,-168.5024,-0.500951,stop,4,336.36,debit,0,short_dated|dte=5|long_delta=0.5|lookback=3|short_delta=0.3|sma=20|thresh=0.003
short_dated,is_default,SPY,2019-08-28,2019-08-28,-166.4265,-0.500963,stop,4,332.21,debit,0,short_dated|dte=5|long_delta=0.5|lookback=3|short_delta=0.3|sma=20|thresh=0.003
short_dated,is_default,IWM,2019-08-26,2019-08-29,-248.8017,-0.768501,stop_gap,4,323.75,debit,0,short_dated|dte=5|long_delta=0.5|lookback=3|short_delta=0.3|sma=20|thresh=0.003
short_dated,is_default,QQQ,2019-08-30,2019-08-30,-129.4543,-0.500619,stop,2,258.59,debit,0,short_dated|dte=5|long_delta=0.5|lookback=3|short_delta=0.3|sma=20|thresh=0.003
short_dated,is_default,IWM,2019-08-30,2019-09-03,-285.9781,-0.809114,stop_gap,4,353.45,debit,0,short_dated|dte=5|long_delta=0.5|lookback=3|short_delta=0.3|sma=20|thresh=0.003
short_dated,is_default,SPY,2019-08-30,2019-09-03,-255.7064,-0.721849,stop_gap,2,354.24,debit,0,short_dated|dte=5|long_delta=0.5|lookback=3|short_delta=0.3|sma=20|thresh=0.003
short_dated,is_default,QQQ,2019-09-03,2019-09-05,159.6248,0.569538,target,3,280.27,debit,0,short_dated|dte=5|long_delta=0.5|lookback=3|short_delta=0.3|sma=20|thresh=0.003
short_dated,is_default,SPY,2019-09-04,2019-09-05,148.8281,0.493031,target,3,301.86,debit,0,short_dated|dte=5|long_delta=0.5|lookback=3|short_delta=0.3|sma=20|thresh=0.003
short_dated,is_default,IWM,2019-09-05,2019-09-09,-163.6770,-0.500979,stop,4,326.71,debit,0,short_dated|dte=5|long_delta=0.5|lookback=3|short_delta=0.3|sma=20|thresh=0.003
short_dated,is_default,QQQ,2019-09-06,2019-09-09,-130.3350,-0.500615,stop,2,260.35,debit,0,short_dated|dte=5|long_delta=0.5|lookback=3|short_delta=0.3|sma=20|thresh=0.003
short_dated,is_default,SPY,2019-09-06,2019-09-10,-137.5865,-0.500582,stop,2,274.85,debit,0,short_dated|dte=5|long_delta=0.5|lookback=3|short_delta=0.3|sma=20|thresh=0.003
short_dated,is_default,IWM,2019-09-10,2019-09-11,221.4643,0.622456,target,8,355.79,debit,0,short_dated|dte=5|long_delta=0.5|lookback=3|short_delta=0.3|sma=20|thresh=0.003
short_dated,is_default,QQQ,2019-09-10,2019-09-12,165.5426,0.616696,target,3,268.43,debit,0,short_dated|dte=5|long_delta=0.5|lookback=3|short_delta=0.3|sma=20|thresh=0.003
short_dated,is_default,SPY,2019-09-12,2019-09-16,-139.6414,-0.500574,stop,2,278.96,debit,0,short_dated|dte=5|long_delta=0.5|lookback=3|short_delta=0.3|sma=20|thresh=0.003
short_dated,is_default,QQQ,2019-09-13,2019-09-16,-154.8666,-0.564321,stop_gap,3,274.43,debit,0,short_dated|dte=5|long_delta=0.5|lookback=3|short_delta=0.3|sma=20|thresh=0.003
short_dated,is_default,IWM,2019-09-12,2019-09-18,-142.1373,-0.500846,stop,3,283.79,debit,0,short_dated|dte=5|long_delta=0.5|lookback=3|short_delta=0.3|sma=20|thresh=0.003
short_dated,is_default,QQQ,2019-09-20,2019-09-20,-141.9029,-0.500847,stop,3,283.33,debit,0,short_dated|dte=5|long_delta=0.5|lookback=3|short_delta=0.3|sma=20|thresh=0.003
short_dated,is_default,SPY,2019-09-20,2019-09-20,-139.2780,-0.500575,stop,2,278.24,debit,0,short_dated|dte=5|long_delta=0.5|lookback=3|short_delta=0.3|sma=20|thresh=0.003
short_dated,is_default,IWM,2019-09-25,2019-09-25,-156.5697,-0.501795,stop,7,312.02,debit,0,short_dated|dte=5|long_delta=0.5|lookback=3|short_delta=0.3|sma=20|thresh=0.003
short_dated,is_default,QQQ,2019-09-25,2019-09-25,-166.1460,-0.500965,stop,4,331.65,debit,0,short_dated|dte=5|long_delta=0.5|lookback=3|short_delta=0.3|sma=20|thresh=0.003
short_dated,is_default,SPY,2019-09-25,2019-09-25,-168.0650,-0.500954,stop,4,335.49,debit,0,short_dated|dte=5|long_delta=0.5|lookback=3|short_delta=0.3|sma=20|thresh=0.003
short_dated,is_default,IWM,2019-09-27,2019-10-01,238.5733,0.740420,target,4,322.21,debit,0,short_dated|dte=5|long_delta=0.5|lookback=3|short_delta=0.3|sma=20|thresh=0.003
short_dated,is_default,SPY,2019-09-27,2019-10-01,253.3225,0.864478,target,2,293.04,debit,0,short_dated|dte=5|long_delta=0.5|lookback=3|short_delta=0.3|sma=20|thresh=0.003
short_dated,is_default,QQQ,2019-09-26,2019-10-02,279.2565,0.818917,target,3,341.01,debit,0,short_dated|dte=5|long_delta=0.5|lookback=3|short_delta=0.3|sma=20|thresh=0.003
short_dated,is_default,SPY,2019-10-02,2019-10-02,178.0528,0.731000,target,2,243.57,debit,0,short_dated|dte=5|long_delta=0.5|lookback=3|short_delta=0.3|sma=20|thresh=0.003
short_dated,is_default,IWM,2019-10-02,2019-10-03,231.5645,0.688706,target,4,336.23,debit,0,short_dated|dte=5|long_delta=0.5|lookback=3|short_delta=0.3|sma=20|thresh=0.003
short_dated,is_default,QQQ,2019-10-03,2019-10-04,-149.5814,-0.512987,stop_gap,2,291.59,debit,0,short_dated|dte=5|long_delta=0.5|lookback=3|short_delta=0.3|sma=20|thresh=0.003
short_dated,is_default,SPY,2019-10-03,2019-10-04,-94.9900,-0.500421,stop,1,189.82,debit,0,short_dated|dte=5|long_delta=0.5|lookback=3|short_delta=0.3|sma=20|thresh=0.003
short_dated,is_default,IWM,2019-10-04,2019-10-07,-159.6914,-0.501004,stop,4,318.74,debit,0,short_dated|dte=5|long_delta=0.5|lookback=3|short_delta=0.3|sma=20|thresh=0.003
short_dated,is_default,QQQ,2019-10-09,2019-10-09,-160.3239,-0.501000,stop,4,320.01,debit,0,short_dated|dte=5|long_delta=0.5|lookback=3|short_delta=0.3|sma=20|thresh=0.003
short_dated,is_default,IWM,2019-10-09,2019-10-10,-174.3513,-0.500919,stop,4,348.06,debit,0,short_dated|dte=5|long_delta=0.5|lookback=3|short_delta=0.3|sma=20|thresh=0.003
short_dated,is_default,SPY,2019-10-09,2019-10-10,-176.2361,-0.500682,stop,3,351.99,debit,0,short_dated|dte=5|long_delta=0.5|lookback=3|short_delta=0.3|sma=20|thresh=0.003
short_dated,is_default,QQQ,2019-10-10,2019-10-11,-196.1663,-0.596522,stop_gap,3,328.85,debit,0,short_dated|dte=5|long_delta=0.5|lookback=3|short_delta=0.3|sma=20|thresh=0.003
short_dated,is_default,IWM,2019-10-11,2019-10-15,-168.8476,-0.500712,stop,3,337.22,debit,0,short_dated|dte=5|long_delta=0.5|lookback=3|short_delta=0.3|sma=20|thresh=0.003
short_dated,is_default,QQQ,2019-10-14,2019-10-15,225.1465,0.644995,target,4,349.07,debit,0,short_dated|dte=5|long_delta=0.5|lookback=3|short_delta=0.3|sma=20|thresh=0.003
short_dated,is_default,SPY,2019-10-14,2019-10-15,161.6689,0.585371,target,3,276.18,debit,0,short_dated|dte=5|long_delta=0.5|lookback=3|short_delta=0.3|sma=20|thresh=0.003
short_dated,is_default,QQQ,2019-10-16,2019-10-16,-157.0702,-0.501533,stop,6,313.18,debit,0,short_dated|dte=5|long_delta=0.5|lookback=3|short_delta=0.3|sma=20|thresh=0.003
short_dated,is_default,IWM,2019-10-16,2019-10-17,128.1601,0.373950,target,6,342.72,debit,0,short_dated|dte=5|long_delta=0.5|lookback=3|short_delta=0.3|sma=20|thresh=0.003
short_dated,is_default,SPY,2019-10-16,2019-10-17,27.6047,0.093178,time,3,296.26,debit,0,short_dated|dte=5|long_delta=0.5|lookback=3|short_delta=0.3|sma=20|thresh=0.003
short_dated,is_default,QQQ,2019-10-17,2019-10-18,-129.8529,-0.500617,stop,2,259.39,debit,0,short_dated|dte=5|long_delta=0.5|lookback=3|short_delta=0.3|sma=20|thresh=0.003
short_dated,is_default,IWM,2019-10-18,2019-10-18,-168.5024,-0.500951,stop,4,336.36,debit,0,short_dated|dte=5|long_delta=0.5|lookback=3|short_delta=0.3|sma=20|thresh=0.003
short_dated,is_default,IWM,2019-10-21,2019-10-23,-154.6336,-0.501557,stop,6,308.31,debit,0,short_dated|dte=5|long_delta=0.5|lookback=3|short_delta=0.3|sma=20|thresh=0.003
short_dated,is_default,SPY,2019-10-18,2019-10-24,66.5966,0.249795,time,3,266.60,debit,0,short_dated|dte=5|long_delta=0.5|lookback=3|short_delta=0.3|sma=20|thresh=0.003
short_dated,is_default,QQQ,2019-10-25,2019-10-28,161.1015,0.580929,target,3,277.32,debit,0,short_dated|dte=5|long_delta=0.5|lookback=3|short_delta=0.3|sma=20|thresh=0.003
short_dated,is_default,IWM,2019-10-24,2019-10-29,226.0828,0.651170,target,4,347.19,debit,0,short_dated|dte=5|long_delta=0.5|lookback=3|short_delta=0.3|sma=20|thresh=0.003
short_dated,is_default,QQQ,2019-10-29,2019-10-29,-134.1432,-0.500896,stop,3,267.81,debit,0,short_dated|dte=5|long_delta=0.5|lookback=3|short_delta=0.3|sma=20|thresh=0.003
short_dated,is_default,SPY,2019-10-28,2019-10-30,-172.0195,-0.500932,stop,4,343.40,debit,0,short_dated|dte=5|long_delta=0.5|lookback=3|short_delta=0.3|sma=20|thresh=0.003
short_dated,is_default,IWM,2019-10-30,2019-10-30,-166.2100,-0.501690,stop,7,331.30,debit,0,short_dated|dte=5|long_delta=0.5|lookback=3|short_delta=0.3|sma=20|thresh=0.003
short_dated,is_default,QQQ,2019-10-30,2019-10-30,-145.5683,-0.500826,stop,3,290.66,debit,0,short_dated|dte=5|long_delta=0.5|lookback=3|short_delta=0.3|sma=20|thresh=0.003
short_dated,is_default,IWM,2019-10-31,2019-10-31,-134.4920,-0.500894,stop,3,268.50,debit,0,short_dated|dte=5|long_delta=0.5|lookback=3|short_delta=0.3|sma=20|thresh=0.003
short_dated,is_default,SPY,2019-10-31,2019-10-31,-130.7055,-0.500613,stop,2,261.09,debit,0,short_dated|dte=5|long_delta=0.5|lookback=3|short_delta=0.3|sma=20|thresh=0.003
short_dated,is_default,QQQ,2019-10-31,2019-11-04,231.4338,0.687783,target,4,336.49,debit,0,short_dated|dte=5|long_delta=0.5|lookback=3|short_delta=0.3|sma=20|thresh=0.003
short_dated,is_default,SPY,2019-11-04,2019-11-06,-200.3624,-0.590192,stop_gap,7,339.49,debit,0,short_dated|dte=5|long_delta=0.5|lookback=3|short_delta=0.3|sma=20|thresh=0.003
short_dated,is_default,QQQ,2019-11-05,2019-11-06,-138.1283,-0.500870,stop,3,275.78,debit,0,short_dated|dte=5|long_delta=0.5|lookback=3|short_delta=0.3|sma=20|thresh=0.003
short_dated,is_default,IWM,2019-11-06,2019-11-06,-154.2034,-0.501561,stop,6,307.45,debit,0,short_dated|dte=5|long_delta=0.5|lookback=3|short_delta=0.3|sma=20|thresh=0.003
short_dated,is_default,QQQ,2019-11-07,2019-11-11,-169.3853,-0.500946,stop,4,338.13,debit,0,short_dated|dte=5|long_delta=0.5|lookback=3|short_delta=0.3|sma=20|thresh=0.003
short_dated,is_default,SPY,2019-11-07,2019-11-11,-198.3515,-0.585723,stop_gap,4,338.64,debit,0,short_dated|dte=5|long_delta=0.5|lookback=3|short_delta=0.3|sma=20|thresh=0.003
short_dated,is_default,IWM,2019-11-12,2019-11-13,-267.1783,-0.819813,stop_gap,7,325.90,debit,0,short_dated|dte=5|long_delta=0.5|lookback=3|short_delta=0.3|sma=20|thresh=0.003
short_dated,is_default,SPY,2019-11-12,2019-11-13,-202.5066,-0.620583,stop_gap,7,326.32,debit,0,short_dated|dte=5|long_delta=0.5|lookback=3|short_delta=0.3|sma=20|thresh=0.003
short_dated,is_default,QQQ,2019-11-12,2019-11-14,-153.0718,-0.501573,stop,6,305.18,debit,0,short_dated|dte=5|long_delta=0.5|lookback=3|short_delta=0.3|sma=20|thresh=0.003
short_dated,is_default,QQQ,2019-11-18,2019-11-18,-152.9823,-0.501837,stop,7,304.84,debit,0,short_dated|dte=5|long_delta=0.5|lookback=3|short_delta=0.3|sma=20|thresh=0.003
short_dated,is_default,QQQ,2019-11-19,2019-11-19,-163.5514,-0.501718,stop,7,325.98,debit,0,short_dated|dte=5|long_delta=0.5|lookback=3|short_delta=0.3|sma=20|thresh=0.003
short_dated,is_default,SPY,2019-11-15,2019-11-20,-141.3127,-0.500851,stop,3,282.15,debit,0,short_dated|dte=5|long_delta=0.5|lookback=3|short_delta=0.3|sma=20|thresh=0.003
short_dated,is_default,QQQ,2019-11-20,2019-11-20,-148.1861,-0.501625,stop,6,295.41,debit,0,short_dated|dte=5|long_delta=0.5|lookback=3|short_delta=0.3|sma=20|thresh=0.003
short_dated,is_default,IWM,2019-11-22,2019-11-25,-185.0001,-0.597249,stop_gap,8,309.75,debit,0,short_dated|dte=5|long_delta=0.5|lookback=3|short_delta=0.3|sma=20|thresh=0.003
short_dated,is_default,IWM,2019-11-26,2019-11-29,-167.8332,-0.501914,stop,8,334.39,debit,0,short_dated|dte=5|long_delta=0.5|lookback=3|short_delta=0.3|sma=20|thresh=0.003
short_dated,is_default,QQQ,2019-11-26,2019-11-29,165.5589,0.616832,target,3,268.40,debit,0,short_dated|dte=5|long_delta=0.5|lookback=3|short_delta=0.3|sma=20|thresh=0.003
short_dated,is_default,SPY,2019-11-26,2019-11-29,157.4652,0.553306,target,3,284.59,debit,0,short_dated|dte=5|long_delta=0.5|lookback=3|short_delta=0.3|sma=20|thresh=0.003
short_dated,is_default,QQQ,2019-12-02,2019-12-02,-133.2685,-0.500902,stop,3,266.06,debit,0,short_dated|dte=5|long_delta=0.5|lookback=3|short_delta=0.3|sma=20|thresh=0.003
short_dated,is_default,QQQ,2019-12-04,2019-12-04,-156.6291,-0.501794,stop,7,312.14,debit,0,short_dated|dte=5|long_delta=0.5|lookback=3|short_delta=0.3|sma=20|thresh=0.003
short_dated,is_default,SPY,2019-12-04,2019-12-04,-133.4656,-0.500901,stop,3,266.45,debit,0,short_dated|dte=5|long_delta=0.5|lookback=3|short_delta=0.3|sma=20|thresh=0.003
short_dated,is_default,QQQ,2019-12-05,2019-12-09,-187.4440,-0.569322,stop_gap,3,329.24,debit,0,short_dated|dte=5|long_delta=0.5|lookback=3|short_delta=0.3|sma=20|thresh=0.003
short_dated,is_default,IWM,2019-12-06,2019-12-11,-163.6157,-0.500980,stop,4,326.59,debit,0,short_dated|dte=5|long_delta=0.5|lookback=3|short_delta=0.3|sma=20|thresh=0.003
short_dated,is_default,SPY,2019-12-09,2019-12-12,164.8405,0.610523,target,2,270.00,debit,0,short_dated|dte=5|long_delta=0.5|lookback=3|short_delta=0.3|sma=20|thresh=0.003
short_dated,is_default,QQQ,2019-12-10,2019-12-12,162.0103,0.588060,target,3,275.50,debit,0,short_dated|dte=5|long_delta=0.5|lookback=3|short_delta=0.3|sma=20|thresh=0.003
short_dated,is_default,QQQ,2019-12-13,2019-12-16,161.0053,0.579845,target,2,277.67,debit,0,short_dated|dte=5|long_delta=0.5|lookback=3|short_delta=0.3|sma=20|thresh=0.003
short_dated,is_default,QQQ,2019-12-17,2019-12-18,-151.3593,-0.501857,stop,7,301.60,debit,0,short_dated|dte=5|long_delta=0.5|lookback=3|short_delta=0.3|sma=20|thresh=0.003
short_dated,is_default,IWM,2019-12-13,2019-12-19,161.9908,0.631876,time,3,256.36,debit,0,short_dated|dte=5|long_delta=0.5|lookback=3|short_delta=0.3|sma=20|thresh=0.003
short_dated,is_default,SPY,2019-12-13,2019-12-19,166.8545,0.627341,target,2,265.97,debit,0,short_dated|dte=5|long_delta=0.5|lookback=3|short_delta=0.3|sma=20|thresh=0.003
short_dated,is_default,IWM,2019-12-20,2019-12-23,-153.5591,-0.501568,stop,6,306.16,debit,0,short_dated|dte=5|long_delta=0.5|lookback=3|short_delta=0.3|sma=20|thresh=0.003
short_dated,is_default,QQQ,2019-12-19,2019-12-26,234.6022,0.710581,target,4,330.16,debit,0,short_dated|dte=5|long_delta=0.5|lookback=3|short_delta=0.3|sma=20|thresh=0.003
short_dated,is_default,SPY,2019-12-20,2019-12-26,164.3686,0.606654,target,2,270.94,debit,0,short_dated|dte=5|long_delta=0.5|lookback=3|short_delta=0.3|sma=20|thresh=0.003
short_dated,is_default,IWM,2019-12-26,2019-12-27,-168.9015,-0.501663,stop,7,336.68,debit,0,short_dated|dte=5|long_delta=0.5|lookback=3|short_delta=0.3|sma=20|thresh=0.003
short_dated,is_default,QQQ,2019-12-27,2019-12-27,-161.3911,-0.501741,stop,7,321.66,debit,0,short_dated|dte=5|long_delta=0.5|lookback=3|short_delta=0.3|sma=20|thresh=0.003
short_dated,is_default,SPY,2019-12-27,2019-12-30,-131.6053,-0.500913,stop,3,262.73,debit,0,short_dated|dte=5|long_delta=0.5|lookback=3|short_delta=0.3|sma=20|thresh=0.003
short_dated,is_default,QQQ,2019-12-30,2019-12-30,-152.2047,-0.501846,stop,7,303.29,debit,0,short_dated|dte=5|long_delta=0.5|lookback=3|short_delta=0.3|sma=20|thresh=0.003
short_dated,is_default,QQQ,2020-01-03,2020-01-07,154.6671,0.532993,target,3,290.19,debit,0,short_dated|dte=5|long_delta=0.5|lookback=3|short_delta=0.3|sma=20|thresh=0.003
short_dated,is_default,SPY,2020-01-03,2020-01-08,168.7715,0.643829,target,2,262.14,debit,0,short_dated|dte=5|long_delta=0.5|lookback=3|short_delta=0.3|sma=20|thresh=0.003
short_dated,is_default,IWM,2020-01-08,2020-01-08,-148.3184,-0.501623,stop,6,295.68,debit,0,short_dated|dte=5|long_delta=0.5|lookback=3|short_delta=0.3|sma=20|thresh=0.003
short_dated,is_default,IWM,2020-01-14,2020-01-14,151.4435,0.511369,target,6,296.15,debit,0,short_dated|dte=5|long_delta=0.5|lookback=3|short_delta=0.3|sma=20|thresh=0.003
short_dated,is_default,QQQ,2020-01-09,2020-01-16,172.4677,0.677022,target,2,254.74,debit,0,short_dated|dte=5|long_delta=0.5|lookback=3|short_delta=0.3|sma=20|thresh=0.003
short_dated,is_default,SPY,2020-01-09,2020-01-16,162.4892,0.591512,target,2,274.70,debit,0,short_dated|dte=5|long_delta=0.5|lookback=3|short_delta=0.3|sma=20|thresh=0.003
short_dated,is_default,IWM,2020-01-15,2020-01-16,139.4251,0.435445,target,6,320.19,debit,0,short_dated|dte=5|long_delta=0.5|lookback=3|short_delta=0.3|sma=20|thresh=0.003
short_dated,is_default,IWM,2020-01-17,2020-01-17,-134.3340,-0.500895,stop,3,268.19,debit,0,short_dated|dte=5|long_delta=0.5|lookback=3|short_delta=0.3|sma=20|thresh=0.003
short_dated,is_default,SPY,2020-01-17,2020-01-21,-137.6838,-0.519488,stop_gap,3,265.04,debit,0,short_dated|dte=5|long_delta=0.5|lookback=3|short_delta=0.3|sma=20|thresh=0.003
short_dated,is_default,SPY,2020-01-22,2020-01-22,-143.5240,-0.500837,stop,3,286.57,debit,0,short_dated|dte=5|long_delta=0.5|lookback=3|short_delta=0.3|sma=20|thresh=0.003
short_dated,is_default,QQQ,2020-01-17,2020-01-23,-142.7804,-0.500842,stop,3,285.08,debit,0,short_dated|dte=5|long_delta=0.5|lookback=3|short_delta=0.3|sma=20|thresh=0.003
short_dated,is_default,QQQ,2020-01-24,2020-01-24,-131.4175,-0.500915,stop,3,262.36,debit,0,short_dated|dte=5|long_delta=0.5|lookback=3|short_delta=0.3|sma=20|thresh=0.003
short_dated,is_default,IWM,2020-01-27,2020-01-27,-150.0632,-0.501068,stop,4,299.49,debit,0,short_dated|dte=5|long_delta=0.5|lookback=3|short_delta=0.3|sma=20|thresh=0.003
short_dated,is_default,IWM,2020-01-28,2020-01-29,-127.3355,-0.500944,stop,3,254.19,debit,0,short_dated|dte=5|long_delta=0.5|lookback=3|short_delta=0.3|sma=20|thresh=0.003
short_dated,is_default,QQQ,2020-01-28,2020-01-29,-171.5867,-0.736589,stop_gap,2,232.95,debit,0,short_dated|dte=5|long_delta=0.5|lookback=3|short_delta=0.3|sma=20|thresh=0.003
short_dated,is_default,SPY,2020-01-28,2020-01-29,-163.7029,-0.717519,stop_gap,2,228.15,debit,0,short_dated|dte=5|long_delta=0.5|lookback=3|short_delta=0.3|sma=20|thresh=0.003
short_dated,is_default,QQQ,2020-01-31,2020-01-31,-124.5073,-0.500643,stop,2,248.69,debit,0,short_dated|dte=5|long_delta=0.5|lookback=3|short_delta=0.3|sma=20|thresh=0.003
short_dated,is_default,IWM,2020-01-30,2020-02-04,-123.0946,-0.544772,stop_gap,2,225.96,debit,0,short_dated|dte=5|long_delta=0.5|lookback=3|short_delta=0.3|sma=20|thresh=0.003
short_dated,is_default,SPY,2020-01-30,2020-02-04,-192.3664,-0.644907,stop_gap,2,298.29,debit,0,short_dated|dte=5|long_delta=0.5|lookback=3|short_delta=0.3|sma=20|thresh=0.003
short_dated,is_default,QQQ,2020-02-03,2020-02-04,-284.5666,-0.852666,stop_gap,3,333.74,debit,0,short_dated|dte=5|long_delta=0.5|lookback=3|short_delta=0.3|sma=20|thresh=0.003
short_dated,is_default,QQQ,2020-02-05,2020-02-05,-145.5493,-0.500826,stop,3,290.62,debit,0,short_dated|dte=5|long_delta=0.5|lookback=3|short_delta=0.3|sma=20|thresh=0.003
short_dated,is_default,SPY,2020-02-05,2020-02-05,-153.5924,-0.500783,stop,3,306.70,debit,0,short_dated|dte=5|long_delta=0.5|lookback=3|short_delta=0.3|sma=20|thresh=0.003
short_dated,is_default,IWM,2020-02-06,2020-02-07,-149.4195,-0.573881,stop_gap,3,260.37,debit,0,short_dated|dte=5|long_delta=0.5|lookback=3|short_delta=0.3|sma=20|thresh=0.003
short_dated,is_default,SPY,2020-02-06,2020-02-10,-169.5569,-0.622080,stop_gap,2,272.56,debit,0,short_dated|dte=5|long_delta=0.5|lookback=3|short_delta=0.3|sma=20|thresh=0.003
short_dated,is_default,QQQ,2020-02-06,2020-02-11,171.2776,0.666127,target,2,257.12,debit,0,short_dated|dte=5|long_delta=0.5|lookback=3|short_delta=0.3|sma=20|thresh=0.003
short_dated,is_default,SPY,2020-02-11,2020-02-13,-139.9740,-0.500859,stop,3,279.47,debit,0,short_dated|dte=5|long_delta=0.5|lookback=3|short_delta=0.3|sma=20|thresh=0.003
short_dated,is_default,QQQ,2020-02-12,2020-02-13,-176.0947,-0.584760,stop_gap,3,301.14,debit,0,short_dated|dte=5|long_delta=0.5|lookback=3|short_delta=0.3|sma=20|thresh=0.003
short_dated,is_default,IWM,2020-02-13,2020-02-18,-136.1784,-0.500883,stop,3,271.88,debit,0,short_dated|dte=5|long_delta=0.5|lookback=3|short_delta=0.3|sma=20|thresh=0.003
short_dated,is_default,SPY,2020-02-14,2020-02-18,-133.2694,-0.501763,stop_gap,3,265.60,debit,0,short_dated|dte=5|long_delta=0.5|lookback=3|short_delta=0.3|sma=20|thresh=0.003
short_dated,is_default,QQQ,2020-02-14,2020-02-20,-137.9917,-0.500580,stop,2,275.66,debit,0,short_dated|dte=5|long_delta=0.5|lookback=3|short_delta=0.3|sma=20|thresh=0.003
short_dated,is_default,SPY,2020-02-20,2020-02-20,-129.1215,-0.500620,stop,2,257.92,debit,0,short_dated|dte=5|long_delta=0.5|lookback=3|short_delta=0.3|sma=20|thresh=0.003
short_dated,is_default,IWM,2020-02-21,2020-02-21,-136.9856,-0.500878,stop,3,273.49,debit,0,short_dated|dte=5|long_delta=0.5|lookback=3|short_delta=0.3|sma=20|thresh=0.003
short_dated,is_default,IWM,2020-02-25,2020-02-25,180.2138,0.753237,target,2,239.25,debit,0,short_dated|dte=5|long_delta=0.5|lookback=3|short_delta=0.3|sma=20|thresh=0.003
short_dated,is_default,QQQ,2020-02-25,2020-02-25,253.3490,0.864725,target,2,292.98,debit,0,short_dated|dte=5|long_delta=0.5|lookback=3|short_delta=0.3|sma=20|thresh=0.003
short_dated,is_default,SPY,2020-02-25,2020-02-25,156.3598,0.835611,target,1,187.12,debit,0,short_dated|dte=5|long_delta=0.5|lookback=3|short_delta=0.3|sma=20|thresh=0.003
short_dated,is_default,QQQ,2020-02-26,2020-02-26,-157.2638,-0.500509,stop,2,314.21,debit,0,short_dated|dte=5|long_delta=0.5|lookback=3|short_delta=0.3|sma=20|thresh=0.003
short_dated,is_default,IWM,2020-02-26,2020-02-27,172.2940,0.675843,target,3,254.93,debit,0,short_dated|dte=5|long_delta=0.5|lookback=3|short_delta=0.3|sma=20|thresh=0.003
short_dated,is_default,SPY,2020-02-26,2020-02-27,242.4614,0.770313,target,2,314.76,debit,0,short_dated|dte=5|long_delta=0.5|lookback=3|short_delta=0.3|sma=20|thresh=0.003
short_dated,is_default,QQQ,2020-02-27,2020-02-28,184.3520,0.797591,target,1,231.14,debit,0,short_dated|dte=5|long_delta=0.5|lookback=3|short_delta=0.3|sma=20|thresh=0.003
short_dated,is_default,IWM,2020-02-28,2020-03-02,-99.2106,-0.500404,stop,1,198.26,debit,0,short_dated|dte=5|long_delta=0.5|lookback=3|short_delta=0.3|sma=20|thresh=0.003
short_dated,is_default,QQQ,2020-03-02,2020-03-02,-116.6750,-0.500343,stop,1,233.19,debit,0,short_dated|dte=5|long_delta=0.5|lookback=3|short_delta=0.3|sma=20|thresh=0.003
short_dated,is_default,IWM,2020-03-03,2020-03-03,-113.9455,-0.500703,stop,2,227.57,debit,0,short_dated|dte=5|long_delta=0.5|lookback=3|short_delta=0.3|sma=20|thresh=0.003
short_dated,is_default,SPY,2020-03-03,2020-03-03,217.0421,0.816697,target,1,265.76,debit,0,short_dated|dte=5|long_delta=0.5|lookback=3|short_delta=0.3|sma=20|thresh=0.003
short_dated,is_default,IWM,2020-03-04,2020-03-04,-127.4956,-0.500943,stop,3,254.51,debit,0,short_dated|dte=5|long_delta=0.5|lookback=3|short_delta=0.3|sma=20|thresh=0.003
short_dated,is_default,IWM,2020-03-06,2020-03-09,151.9484,0.775472,target,1,195.94,debit,0,short_dated|dte=5|long_delta=0.5|lookback=3|short_delta=0.3|sma=20|thresh=0.003
short_dated,is_default,QQQ,2020-03-06,2020-03-09,246.4639,0.803043,target,1,306.91,debit,0,short_dated|dte=5|long_delta=0.5|lookback=3|short_delta=0.3|sma=20|thresh=0.003
short_dated,is_default,SPY,2020-03-09,2020-03-09,-155.2441,-0.500258,stop,1,310.33,debit,0,short_dated|dte=5|long_delta=0.5|lookback=3|short_delta=0.3|sma=20|thresh=0.003
short_dated,is_default,IWM,2020-03-10,2020-03-11,154.2326,0.805919,target,1,191.37,debit,0,short_dated|dte=5|long_delta=0.5|lookback=3|short_delta=0.3|sma=20|thresh=0.003
short_dated,is_default,QQQ,2020-03-10,2020-03-11,184.5801,0.800157,target,1,230.68,debit,0,short_dated|dte=5|long_delta=0.5|lookback=3|short_delta=0.3|sma=20|thresh=0.003
short_dated,is_default,SPY,2020-03-11,2020-03-12,215.8043,0.804545,target,1,268.23,debit,0,short_dated|dte=5|long_delta=0.5|lookback=3|short_delta=0.3|sma=20|thresh=0.003
short_dated,is_default,IWM,2020-03-12,2020-03-16,180.4851,0.755580,target,1,238.87,debit,0,short_dated|dte=5|long_delta=0.5|lookback=3|short_delta=0.3|sma=20|thresh=0.003
short_dated,is_default,QQQ,2020-03-16,2020-03-16,-137.4825,-0.500291,stop,1,274.80,debit,0,short_dated|dte=5|long_delta=0.5|lookback=3|short_delta=0.3|sma=20|thresh=0.003
short_dated,is_default,IWM,2020-03-17,2020-03-18,150.6976,0.759393,target,1,198.44,debit,0,short_dated|dte=5|long_delta=0.5|lookback=3|short_delta=0.3|sma=20|thresh=0.003
short_dated,is_default,IWM,2020-03-23,2020-03-24,-97.6694,-0.500410,stop,1,195.18,debit,0,short_dated|dte=5|long_delta=0.5|lookback=3|short_delta=0.3|sma=20|thresh=0.003
short_dated,is_default,QQQ,2020-03-23,2020-03-24,-196.6372,-0.608321,stop_gap,1,323.25,debit,0,short_dated|dte=5|long_delta=0.5|lookback=3|short_delta=0.3|sma=20|thresh=0.003
short_dated,is_default,QQQ,2020-03-31,2020-04-01,-170.1322,-0.795524,stop_gap,1,213.86,debit,0,short_dated|dte=5|long_delta=0.5|lookback=3|short_delta=0.3|sma=20|thresh=0.003
short_dated,is_default,SPY,2020-04-01,2020-04-01,-115.6332,-0.500346,stop,1,231.11,debit,0,short_dated|dte=5|long_delta=0.5|lookback=3|short_delta=0.3|sma=20|thresh=0.003
short_dated,is_default,IWM,2020-04-01,2020-04-02,-126.4946,-0.500633,stop,2,252.67,debit,0,short_dated|dte=5|long_delta=0.5|lookback=3|short_delta=0.3|sma=20|thresh=0.003
short_dated,is_default,QQQ,2020-04-02,2020-04-06,-253.0903,-0.783364,stop_gap,1,323.08,debit,0,short_dated|dte=5|long_delta=0.5|lookback=3|short_delta=0.3|sma=20|thresh=0.003
short_dated,is_default,IWM,2020-04-03,2020-04-06,-99.6186,-0.500402,stop,1,199.08,debit,0,short_dated|dte=5|long_delta=0.5|lookback=3|short_delta=0.3|sma=20|thresh=0.003
short_dated,is_default,SPY,2020-04-06,2020-04-06,-132.3512,-0.500302,stop,1,264.54,debit,0,short_dated|dte=5|long_delta=0.5|lookback=3|short_delta=0.3|sma=20|thresh=0.003
short_dated,is_default,IWM,2020-04-07,2020-04-07,-129.9834,-0.500616,stop,2,259.65,debit,0,short_dated|dte=5|long_delta=0.5|lookback=3|short_delta=0.3|sma=20|thresh=0.003
short_dated,is_default,QQQ,2020-04-07,2020-04-07,-82.5316,-0.500485,stop,1,164.90,debit,0,short_dated|dte=5|long_delta=0.5|lookback=3|short_delta=0.3|sma=20|thresh=0.003
short_dated,is_default,SPY,2020-04-07,2020-04-07,-131.6480,-0.500304,stop,1,263.14,debit,0,short_dated|dte=5|long_delta=0.5|lookback=3|short_delta=0.3|sma=20|thresh=0.003
short_dated,is_default,IWM,2020-04-08,2020-04-09,153.4877,0.524664,target,3,292.54,debit,0,short_dated|dte=5|long_delta=0.5|lookback=3|short_delta=0.3|sma=20|thresh=0.003
short_dated,is_default,QQQ,2020-04-08,2020-04-09,110.5424,0.618401,target,1,178.76,debit,0,short_dated|dte=5|long_delta=0.5|lookback=3|short_delta=0.3|sma=20|thresh=0.003
short_dated,is_default,SPY,2020-04-08,2020-04-09,138.8450,0.625006,target,1,222.15,debit,0,short_dated|dte=5|long_delta=0.5|lookback=3|short_delta=0.3|sma=20|thresh=0.003
short_dated,is_default,IWM,2020-04-13,2020-04-13,-131.0705,-0.500611,stop,2,261.82,debit,0,short_dated|dte=5|long_delta=0.5|lookback=3|short_delta=0.3|sma=20|thresh=0.003
short_dated,is_default,QQQ,2020-04-13,2020-04-14,111.5375,0.630993,target,1,176.77,debit,0,short_dated|dte=5|long_delta=0.5|lookback=3|short_delta=0.3|sma=20|thresh=0.003
short_dated,is_default,IWM,2020-04-14,2020-04-15,-245.9680,-0.951006,stop_gap,2,258.64,debit,0,short_dated|dte=5|long_delta=0.5|lookback=3|short_delta=0.3|sma=20|thresh=0.003
short_dated,is_default,SPY,2020-04-13,2020-04-16,12.0763,0.046131,time,1,261.78,debit,0,short_dated|dte=5|long_delta=0.5|lookback=3|short_delta=0.3|sma=20|thresh=0.003
short_dated,is_default,QQQ,2020-04-15,2020-04-16,170.3045,0.657366,target,2,259.07,debit,0,short_dated|dte=5|long_delta=0.5|lookback=3|short_delta=0.3|sma=20|thresh=0.003
short_dated,is_default,QQQ,2020-04-17,2020-04-20,-148.5105,-0.500269,stop,1,296.86,debit,0,short_dated|dte=5|long_delta=0.5|lookback=3|short_delta=0.3|sma=20|thresh=0.003
short_dated,is_default,SPY,2020-04-20,2020-04-21,-108.8391,-0.509568,stop_gap,1,213.59,debit,0,short_dated|dte=5|long_delta=0.5|lookback=3|short_delta=0.3|sma=20|thresh=0.003
short_dated,is_default,QQQ,2020-04-21,2020-04-21,-85.4307,-0.500469,stop,1,170.70,debit,0,short_dated|dte=5|long_delta=0.5|lookback=3|short_delta=0.3|sma=20|thresh=0.003
short_dated,is_default,IWM,2020-04-21,2020-04-23,178.8695,0.739311,target,2,241.94,debit,0,short_dated|dte=5|long_delta=0.5|lookback=3|short_delta=0.3|sma=20|thresh=0.003
short_dated,is_default,IWM,2020-04-27,2020-04-27,173.0003,0.681964,target,2,253.68,debit,0,short_dated|dte=5|long_delta=0.5|lookback=3|short_delta=0.3|sma=20|thresh=0.003
short_dated,is_default,QQQ,2020-04-27,2020-04-28,-88.6352,-0.500452,stop,1,177.11,debit,0,short_dated|dte=5|long_delta=0.5|lookback=3|short_delta=0.3|sma=20|thresh=0.003
short_dated,is_default,IWM,2020-04-28,2020-04-28,-127.7268,-0.500627,stop,2,255.13,debit,0,short_dated|dte=5|long_delta=0.5|lookback=3|short_delta=0.3|sma=20|thresh=0.003
short_dated,is_default,SPY,2020-04-27,2020-04-29,140.3239,0.640187,target,1,219.19,debit,0,short_dated|dte=5|long_delta=0.5|lookback=3|short_delta=0.3|sma=20|thresh=0.003
short_dated,is_default,IWM,2020-04-29,2020-04-29,-158.5870,-0.501518,stop,6,316.21,debit,0,short_dated|dte=5|long_delta=0.5|lookback=3|short_delta=0.3|sma=20|thresh=0.003
short_dated,is_default,QQQ,2020-04-29,2020-04-30,101.5801,0.357763,time,2,283.93,debit,0,short_dated|dte=5|long_delta=0.5|lookback=3|short_delta=0.3|sma=20|thresh=0.003
short_dated,is_default,IWM,2020-04-30,2020-05-01,-104.2807,-0.621391,stop_gap,1,167.82,debit,0,short_dated|dte=5|long_delta=0.5|lookback=3|short_delta=0.3|sma=20|thresh=0.003
short_dated,is_default,SPY,2020-04-30,2020-05-01,-129.4132,-0.500309,stop,1,258.67,debit,0,short_dated|dte=5|long_delta=0.5|lookback=3|short_delta=0.3|sma=20|thresh=0.003
short_dated,is_default,QQQ,2020-05-01,2020-05-06,145.3846,0.695385,target,1,209.07,debit,0,short_dated|dte=5|long_delta=0.5|lookback=3|short_delta=0.3|sma=20|thresh=0.003
short_dated,is_default,IWM,2020-05-07,2020-05-11,118.0525,0.720997,target,1,163.74,debit,0,short_dated|dte=5|long_delta=0.5|lookback=3|short_delta=0.3|sma=20|thresh=0.003
short_dated,is_default,QQQ,2020-05-07,2020-05-12,172.5109,0.676996,target,1,254.82,debit,0,short_dated|dte=5|long_delta=0.5|lookback=3|short_delta=0.3|sma=20|thresh=0.003
short_dated,is_default,IWM,2020-05-12,2020-05-12,-132.2250,-0.500606,stop,2,264.13,debit,0,short_dated|dte=5|long_delta=0.5|lookback=3|short_delta=0.3|sma=20|thresh=0.003
short_dated,is_default,SPY,2020-05-07,2020-05-13,-150.0581,-0.500267,stop,1,299.96,debit,0,short_dated|dte=5|long_delta=0.5|lookback=3|short_delta=0.3|sma=20|thresh=0.003
short_dated,is_default,IWM,2020-05-14,2020-05-15,-159.3569,-0.500503,stop,2,318.39,debit,0,short_dated|dte=5|long_delta=0.5|lookback=3|short_delta=0.3|sma=20|thresh=0.003
short_dated,is_default,SPY,2020-05-14,2020-05-15,-149.6075,-0.500268,stop,1,299.05,debit,0,short_dated|dte=5|long_delta=0.5|lookback=3|short_delta=0.3|sma=20|thresh=0.003
short_dated,is_default,IWM,2020-05-18,2020-05-20,-156.5660,-0.500511,stop,2,312.81,debit,0,short_dated|dte=5|long_delta=0.5|lookback=3|short_delta=0.3|sma=20|thresh=0.003
short_dated,is_default,QQQ,2020-05-18,2020-05-20,110.8264,0.621966,target,1,178.19,debit,0,short_dated|dte=5|long_delta=0.5|lookback=3|short_delta=0.3|sma=20|thresh=0.003
short_dated,is_default,SPY,2020-05-19,2020-05-21,-22.7870,-0.126731,time,1,179.81,debit,0,short_dated|dte=5|long_delta=0.5|lookback=3|short_delta=0.3|sma=20|thresh=0.003
short_dated,is_default,IWM,2020-05-21,2020-05-26,113.6079,0.658122,target,1,172.62,debit,0,short_dated|dte=5|long_delta=0.5|lookback=3|short_delta=0.3|sma=20|thresh=0.003
short_dated,is_default,QQQ,2020-05-21,2020-05-26,-84.8814,-0.500472,stop,1,169.60,debit,0,short_dated|dte=5|long_delta=0.5|lookback=3|short_delta=0.3|sma=20|thresh=0.003
short_dated,is_default,SPY,2020-05-26,2020-05-26,-133.3714,-0.500601,stop,2,266.42,debit,0,short_dated|dte=5|long_delta=0.5|lookback=3|short_delta=0.3|sma=20|thresh=0.003
short_dated,is_default,IWM,2020-05-27,2020-05-27,-158.9520,-0.501514,stop,6,316.94,debit,0,short_dated|dte=5|long_delta=0.5|lookback=3|short_delta=0.3|sma=20|thresh=0.003
short_dated,is_default,SPY,2020-05-27,2020-05-27,-140.9318,-0.500568,stop,2,281.54,debit,0,short_dated|dte=5|long_delta=0.5|lookback=3|short_delta=0.3|sma=20|thresh=0.003
short_dated,is_default,IWM,2020-05-28,2020-05-28,-132.4838,-0.500605,stop,2,264.65,debit,0,short_dated|dte=5|long_delta=0.5|lookback=3|short_delta=0.3|sma=20|thresh=0.003
short_dated,is_default,QQQ,2020-05-28,2020-06-02,141.7840,0.655581,target,1,216.27,debit,0,short_dated|dte=5|long_delta=0.5|lookback=3|short_delta=0.3|sma=20|thresh=0.003
short_dated,is_default,SPY,2020-05-28,2020-06-03,141.0142,0.647414,target,1,217.81,debit,0,short_dated|dte=5|long_delta=0.5|lookback=3|short_delta=0.3|sma=20|thresh=0.003
short_dated,is_default,IWM,2020-05-29,2020-06-03,112.2654,0.640385,target,1,175.31,debit,0,short_dated|dte=5|long_delta=0.5|lookback=3|short_delta=0.3|sma=20|thresh=0.003
short_dated,is_default,QQQ,2020-06-03,2020-06-04,-137.2259,-0.500584,stop,2,274.13,debit,0,short_dated|dte=5|long_delta=0.5|lookback=3|short_delta=0.3|sma=20|thresh=0.003
short_dated,is_default,IWM,2020-06-04,2020-06-05,116.4947,0.698197,target,1,166.85,debit,0,short_dated|dte=5|long_delta=0.5|lookback=3|short_delta=0.3|sma=20|thresh=0.003
short_dated,is_default,SPY,2020-06-04,2020-06-05,170.8627,0.661964,target,1,258.11,debit,0,short_dated|dte=5|long_delta=0.5|lookback=3|short_delta=0.3|sma=20|thresh=0.003
short_dated,is_default,QQQ,2020-06-05,2020-06-08,109.7157,0.608151,target,1,180.41,debit,0,short_dated|dte=5|long_delta=0.5|lookback=3|short_delta=0.3|sma=20|thresh=0.003
short_dated,is_default,IWM,2020-06-08,2020-06-09,-136.9280,-0.500585,stop,2,273.54,debit,0,short_dated|dte=5|long_delta=0.5|lookback=3|short_delta=0.3|sma=20|thresh=0.003
short_dated,is_default,QQQ,2020-06-09,2020-06-10,174.4340,0.695477,target,2,250.81,debit,0,short_dated|dte=5|long_delta=0.5|lookback=3|short_delta=0.3|sma=20|thresh=0.003
short_dated,is_default,IWM,2020-06-10,2020-06-10,-149.2446,-0.500805,stop,3,298.01,debit,0,short_dated|dte=5|long_delta=0.5|lookback=3|short_delta=0.3|sma=20|thresh=0.003
short_dated,is_default,SPY,2020-06-08,2020-06-11,-178.4983,-1.003307,stop_gap,1,177.91,debit,0,short_dated|dte=5|long_delta=0.5|lookback=3|short_delta=0.3|sma=20|thresh=0.003
short_dated,is_default,QQQ,2020-06-11,2020-06-11,-127.7726,-0.500313,stop,1,255.39,debit,0,short_dated|dte=5|long_delta=0.5|lookback=3|short_delta=0.3|sma=20|thresh=0.003
short_dated,is_default,IWM,2020-06-12,2020-06-15,180.7383,0.758247,target,1,238.36,debit,0,short_dated|dte=5|long_delta=0.5|lookback=3|short_delta=0.3|sma=20|thresh=0.003
short_dated,is_default,SPY,2020-06-15,2020-06-15,-112.4749,-0.500356,stop,1,224.79,debit,0,short_dated|dte=5|long_delta=0.5|lookback=3|short_delta=0.3|sma=20|thresh=0.003
short_dated,is_default,IWM,2020-06-17,2020-06-17,-142.6382,-0.500843,stop,3,284.80,debit,0,short_dated|dte=5|long_delta=0.5|lookback=3|short_delta=0.3|sma=20|thresh=0.003
short_dated,is_default,QQQ,2020-06-17,2020-06-18,-90.9737,-0.500440,stop,1,181.79,debit,0,short_dated|dte=5|long_delta=0.5|lookback=3|short_delta=0.3|sma=20|thresh=0.003
short_dated,is_default,SPY,2020-06-17,2020-06-18,-137.5094,-0.742442,stop_gap,1,185.21,debit,0,short_dated|dte=5|long_delta=0.5|lookback=3|short_delta=0.3|sma=20|thresh=0.003
short_dated,is_default,SPY,2020-06-19,2020-06-19,-152.8177,-0.500262,stop,1,305.48,debit,0,short_dated|dte=5|long_delta=0.5|lookback=3|short_delta=0.3|sma=20|thresh=0.003
short_dated,is_default,SPY,2020-06-22,2020-06-23,-128.4724,-0.572588,stop_gap,1,224.37,debit,0,short_dated|dte=5|long_delta=0.5|lookback=3|short_delta=0.3|sma=20|thresh=0.003
short_dated,is_default,IWM,2020-06-18,2020-06-24,-102.0171,-0.500392,stop,1,203.87,debit,0,short_dated|dte=5|long_delta=0.5|lookback=3|short_delta=0.3|sma=20|thresh=0.003
short_dated,is_default,QQQ,2020-06-19,2020-06-24,-107.4343,-0.500373,stop,1,214.71,debit,0,short_dated|dte=5|long_delta=0.5|lookback=3|short_delta=0.3|sma=20|thresh=0.003
short_dated,is_default,IWM,2020-06-25,2020-06-29,-97.8205,-0.500409,stop,1,195.48,debit,0,short_dated|dte=5|long_delta=0.5|lookback=3|short_delta=0.3|sma=20|thresh=0.003
short_dated,is_default,SPY,2020-06-25,2020-06-30,-155.7847,-0.500257,stop,1,311.41,debit,0,short_dated|dte=5|long_delta=0.5|lookback=3|short_delta=0.3|sma=20|thresh=0.003
short_dated,is_default,QQQ,2020-06-29,2020-06-30,-153.7089,-0.500521,stop,2,307.10,debit,0,short_dated|dte=5|long_delta=0.5|lookback=3|short_delta=0.3|sma=20|thresh=0.003
short_dated,is_default,IWM,2020-07-01,2020-07-01,-132.8614,-0.500905,stop,3,265.24,debit,0,short_dated|dte=5|long_delta=0.5|lookback=3|short_delta=0.3|sma=20|thresh=0.003
short_dated,is_default,QQQ,2020-07-01,2020-07-02,155.0888,0.536004,target,3,289.34,debit,0,short_dated|dte=5|long_delta=0.5|lookback=3|short_delta=0.3|sma=20|thresh=0.003
short_dated,is_default,QQQ,2020-07-06,2020-07-07,175.1894,0.702722,target,2,249.30,debit,0,short_dated|dte=5|long_delta=0.5|lookback=3|short_delta=0.3|sma=20|thresh=0.003
short_dated,is_default,IWM,2020-07-08,2020-07-08,-131.6042,-0.500913,stop,3,262.73,debit,0,short_dated|dte=5|long_delta=0.5|lookback=3|short_delta=0.3|sma=20|thresh=0.003
short_dated,is_default,SPY,2020-07-02,2020-07-09,-132.2698,-0.500303,stop,1,264.38,debit,0,short_dated|dte=5|long_delta=0.5|lookback=3|short_delta=0.3|sma=20|thresh=0.003
short_dated,is_default,QQQ,2020-07-08,2020-07-09,162.9887,0.595495,target,2,273.70,debit,0,short_dated|dte=5|long_delta=0.5|lookback=3|short_delta=0.3|sma=20|thresh=0.003
short_dated,is_default,IWM,2020-07-10,2020-07-13,-163.9967,-0.707512,stop_gap,2,231.79,debit,0,short_dated|dte=5|long_delta=0.5|lookback=3|short_delta=0.3|sma=20|thresh=0.003
short_dated,is_default,QQQ,2020-07-10,2020-07-13,-110.1122,-0.500364,stop,1,220.06,debit,0,short_dated|dte=5|long_delta=0.5|lookback=3|short_delta=0.3|sma=20|thresh=0.003
short_dated,is_default,SPY,2020-07-13,2020-07-13,-88.7708,-0.500451,stop,1,177.38,debit,0,short_dated|dte=5|long_delta=0.5|lookback=3|short_delta=0.3|sma=20|thresh=0.003
short_dated,is_default,IWM,2020-07-14,2020-07-15,-222.9386,-0.907837,stop_gap,2,245.57,debit,0,short_dated|dte=5|long_delta=0.5|lookback=3|short_delta=0.3|sma=20|thresh=0.003
short_dated,is_default,SPY,2020-07-15,2020-07-15,-92.4001,-0.500433,stop,1,184.64,debit,0,short_dated|dte=5|long_delta=0.5|lookback=3|short_delta=0.3|sma=20|thresh=0.003
short_dated,is_default,SPY,2020-07-16,2020-07-21,171.7845,0.670323,target,1,256.27,debit,0,short_dated|dte=5|long_delta=0.5|lookback=3|short_delta=0.3|sma=20|thresh=0.003
short_dated,is_default,QQQ,2020-07-21,2020-07-21,-90.3068,-0.500443,stop,1,180.45,debit,0,short_dated|dte=5|long_delta=0.5|lookback=3|short_delta=0.3|sma=20|thresh=0.003
short_dated,is_default,QQQ,2020-07-22,2020-07-22,-143.6629,-0.500837,stop,3,286.85,debit,0,short_dated|dte=5|long_delta=0.5|lookback=3|short_delta=0.3|sma=20|thresh=0.003
short_dated,is_default,IWM,2020-07-16,2020-07-23,111.7542,0.633773,target,1,176.33,debit,0,short_dated|dte=5|long_delta=0.5|lookback=3|short_delta=0.3|sma=20|thresh=0.003
short_dated,is_default,SPY,2020-07-22,2020-07-23,-145.5501,-0.500826,stop,3,290.62,debit,0,short_dated|dte=5|long_delta=0.5|lookback=3|short_delta=0.3|sma=20|thresh=0.003
short_dated,is_default,QQQ,2020-07-23,2020-07-23,-106.1878,-0.500377,stop,1,212.22,debit,0,short_dated|dte=5|long_delta=0.5|lookback=3|short_delta=0.3|sma=20|thresh=0.003
short_dated,is_default,IWM,2020-07-24,2020-07-27,-86.9256,-0.500461,stop,1,173.69,debit,0,short_dated|dte=5|long_delta=0.5|lookback=3|short_delta=0.3|sma=20|thresh=0.003
short_dated,is_default,QQQ,2020-07-27,2020-07-29,-147.7264,-0.500542,stop,2,295.13,debit,0,short_dated|dte=5|long_delta=0.5|lookback=3|short_delta=0.3|sma=20|thresh=0.003
short_dated,is_default,QQQ,2020-07-30,2020-08-03,142.0369,0.658290,target,1,215.77,debit,0,short_dated|dte=5|long_delta=0.5|lookback=3|short_delta=0.3|sma=20|thresh=0.003
short_dated,is_default,SPY,2020-07-30,2020-08-03,140.6968,0.644080,target,1,218.45,debit,0,short_dated|dte=5|long_delta=0.5|lookback=3|short_delta=0.3|sma=20|thresh=0.003
short_dated,is_default,IWM,2020-07-30,2020-08-04,163.3401,0.598316,target,2,273.00,debit,0,short_dated|dte=5|long_delta=0.5|lookback=3|short_delta=0.3|sma=20|thresh=0.003
short_dated,is_default,QQQ,2020-08-04,2020-08-06,167.5796,0.633521,target,2,264.52,debit,0,short_dated|dte=5|long_delta=0.5|lookback=3|short_delta=0.3|sma=20|thresh=0.003
short_dated,is_default,SPY,2020-08-04,2020-08-06,167.4142,0.632106,target,2,264.85,debit,0,short_dated|dte=5|long_delta=0.5|lookback=3|short_delta=0.3|sma=20|thresh=0.003
short_dated,is_default,IWM,2020-08-05,2020-08-06,74.8583,0.255229,time,3,293.30,debit,0,short_dated|dte=5|long_delta=0.5|lookback=3|short_delta=0.3|sma=20|thresh=0.003
short_dated,is_default,QQQ,2020-08-07,2020-08-07,-108.7881,-0.500368,stop,1,217.42,debit,0,short_dated|dte=5|long_delta=0.5|lookback=3|short_delta=0.3|sma=20|thresh=0.003
short_dated,is_default,IWM,2020-08-07,2020-08-10,170.7164,0.661467,target,3,258.09,debit,0,short_dated|dte=5|long_delta=0.5|lookback=3|short_delta=0.3|sma=20|thresh=0.003
short_dated,is_default,QQQ,2020-08-10,2020-08-10,-132.6332,-0.500604,stop,2,264.95,debit,0,short_dated|dte=5|long_delta=0.5|lookback=3|short_delta=0.3|sma=20|thresh=0.003
short_dated,is_default,IWM,2020-08-11,2020-08-11,-141.4834,-0.500850,stop,3,282.49,debit,0,short_dated|dte=5|long_delta=0.5|lookback=3|short_delta=0.3|sma=20|thresh=0.003
short_dated,is_default,IWM,2020-08-12,2020-08-12,-134.8656,-0.501487,stop,5,268.93,debit,0,short_dated|dte=5|long_delta=0.5|lookback=3|short_delta=0.3|sma=20|thresh=0.003
short_dated,is_default,SPY,2020-08-07,2020-08-13,140.1655,0.638541,target,1,219.51,debit,0,short_dated|dte=5|long_delta=0.5|lookback=3|short_delta=0.3|sma=20|thresh=0.003
short_dated,is_default,IWM,2020-08-13,2020-08-18,-133.0491,-0.500602,stop,2,265.78,debit,0,short_dated|dte=5|long_delta=0.5|lookback=3|short_delta=0.3|sma=20|thresh=0.003
short_dated,is_default,QQQ,2020-08-14,2020-08-19,140.3062,0.640002,target,1,219.23,debit,0,short_dated|dte=5|long_delta=0.5|lookback=3|short_delta=0.3|sma=20|thresh=0.003
short_dated,is_default,SPY,2020-08-14,2020-08-20,-126.6901,-0.573921,stop_gap,1,220.75,debit,0,short_dated|dte=5|long_delta=0.5|lookback=3|short_delta=0.3|sma=20|thresh=0.003
short_dated,is_default,QQQ,2020-08-20,2020-08-24,137.5486,0.612027,target,1,224.74,debit,0,short_dated|dte=5|long_delta=0.5|lookback=3|short_delta=0.3|sma=20|thresh=0.003
short_dated,is_default,QQQ,2020-08-25,2020-08-26,168.2389,0.639200,target,2,263.20,debit,0,short_dated|dte=5|long_delta=0.5|lookback=3|short_delta=0.3|sma=20|thresh=0.003
short_dated,is_default,IWM,2020-08-26,2020-08-26,-145.3928,-0.501656,stop,6,289.83,debit,0,short_dated|dte=5|long_delta=0.5|lookback=3|short_delta=0.3|sma=20|thresh=0.003
short_dated,is_default,SPY,2020-08-25,2020-08-27,165.7652,0.618551,target,3,267.99,debit,0,short_dated|dte=5|long_delta=0.5|lookback=3|short_delta=0.3|sma=20|thresh=0.003
short_dated,is_default,IWM,2020-08-27,2020-09-01,-133.5332,-0.500600,stop,2,266.75,debit,0,short_dated|dte=5|long_delta=0.5|lookback=3|short_delta=0.3|sma=20|thresh=0.003
short_dated,is_default,QQQ,2020-08-27,2020-09-02,169.6346,0.651012,target,1,260.57,debit,0,short_dated|dte=5|long_delta=0.5|lookback=3|short_delta=0.3|sma=20|thresh=0.003
short_dated,is_default,SPY,2020-08-28,2020-09-02,137.1519,0.608115,target,1,225.54,debit,0,short_dated|dte=5|long_delta=0.5|lookback=3|short_delta=0.3|sma=20|thresh=0.003
short_dated,is_default,IWM,2020-09-02,2020-09-02,-139.6766,-0.501436,stop,5,278.55,debit,0,short_dated|dte=5|long_delta=0.5|lookback=3|short_delta=0.3|sma=20|thresh=0.003
short_dated,is_default,IWM,2020-09-03,2020-09-03,-135.2042,-0.500592,stop,2,270.09,debit,0,short_dated|dte=5|long_delta=0.5|lookback=3|short_delta=0.3|sma=20|thresh=0.003
short_dated,is_default,QQQ,2020-09-03,2020-09-03,-149.5742,-0.500268,stop,1,298.99,debit,0,short_dated|dte=5|long_delta=0.5|lookback=3|short_delta=0.3|sma=20|thresh=0.003
short_dated,is_default,SPY,2020-09-03,2020-09-03,-110.1285,-0.500363,stop,1,220.10,debit,0,short_dated|dte=5|long_delta=0.5|lookback=3|short_delta=0.3|sma=20|thresh=0.003
short_dated,is_default,IWM,2020-09-04,2020-09-04,242.8667,0.773592,target,2,313.95,debit,0,short_dated|dte=5|long_delta=0.5|lookback=3|short_delta=0.3|sma=20|thresh=0.003
short_dated,is_default,SPY,2020-09-08,2020-09-08,-95.2784,-0.500420,stop,1,190.40,debit,0,short_dated|dte=5|long_delta=0.5|lookback=3|short_delta=0.3|sma=20|thresh=0.003
short_dated,is_default,IWM,2020-09-08,2020-09-09,-155.5108,-0.501031,stop,4,310.38,debit,0,short_dated|dte=5|long_delta=0.5|lookback=3|short_delta=0.3|sma=20|thresh=0.003
short_dated,is_default,SPY,2020-09-09,2020-09-09,-98.4054,-0.500407,stop,1,196.65,debit,0,short_dated|dte=5|long_delta=0.5|lookback=3|short_delta=0.3|sma=20|thresh=0.003
short_dated,is_default,QQQ,2020-09-09,2020-09-10,-153.4015,-0.775941,stop_gap,1,197.70,debit,0,short_dated|dte=5|long_delta=0.5|lookback=3|short_delta=0.3|sma=20|thresh=0.003
short_dated,is_default,IWM,2020-09-10,2020-09-15,-159.8207,-0.514303,stop_gap,2,310.75,debit,0,short_dated|dte=5|long_delta=0.5|lookback=3|short_delta=0.3|sma=20|thresh=0.003
short_dated,is_default,SPY,2020-09-10,2020-09-17,248.4635,0.820247,target,1,302.91,debit,0,short_dated|dte=5|long_delta=0.5|lookback=3|short_delta=0.3|sma=20|thresh=0.003
short_dated,is_default,QQQ,2020-09-15,2020-09-17,247.3413,0.810962,target,2,305.00,debit,0,short_dated|dte=5|long_delta=0.5|lookback=3|short_delta=0.3|sma=20|thresh=0.003
short_dated,is_default,IWM,2020-09-17,2020-09-21,-177.5474,-0.710745,stop_gap,2,249.80,debit,0,short_dated|dte=5|long_delta=0.5|lookback=3|short_delta=0.3|sma=20|thresh=0.003
short_dated,is_default,QQQ,2020-09-18,2020-09-21,216.6381,0.812707,target,1,266.56,debit,0,short_dated|dte=5|long_delta=0.5|lookback=3|short_delta=0.3|sma=20|thresh=0.003
short_dated,is_default,SPY,2020-09-18,2020-09-21,189.3762,0.856566,target,1,221.09,debit,0,short_dated|dte=5|long_delta=0.5|lookback=3|short_delta=0.3|sma=20|thresh=0.003
short_dated,is_default,IWM,2020-09-22,2020-09-23,182.8896,0.781910,target,2,233.90,debit,0,short_dated|dte=5|long_delta=0.5|lookback=3|short_delta=0.3|sma=20|thresh=0.003
short_dated,is_default,QQQ,2020-09-22,2020-09-23,156.5765,0.838711,target,1,186.69,debit,0,short_dated|dte=5|long_delta=0.5|lookback=3|short_delta=0.3|sma=20|thresh=0.003
short_dated,is_default,SPY,2020-09-22,2020-09-23,154.0171,0.802985,target,1,191.81,debit,0,short_dated|dte=5|long_delta=0.5|lookback=3|short_delta=0.3|sma=20|thresh=0.003
short_dated,is_default,QQQ,2020-09-24,2020-09-25,-154.5823,-0.500259,stop,1,309.00,debit,0,short_dated|dte=5|long_delta=0.5|lookback=3|short_delta=0.3|sma=20|thresh=0.003
short_dated,is_default,SPY,2020-09-24,2020-09-25,-130.2029,-0.500307,stop,1,260.25,debit,0,short_dated|dte=5|long_delta=0.5|lookback=3|short_delta=0.3|sma=20|thresh=0.003
short_dated,is_default,IWM,2020-09-24,2020-09-28,-227.5519,-0.750579,stop_gap,2,303.17,debit,0,short_dated|dte=5|long_delta=0.5|lookback=3|short_delta=0.3|sma=20|thresh=0.003
short_dated,is_default,QQQ,2020-09-28,2020-09-30,-97.6767,-0.500410,stop,1,195.19,debit,0,short_dated|dte=5|long_delta=0.5|lookback=3|short_delta=0.3|sma=20|thresh=0.003
short_dated,is_default,SPY,2020-09-28,2020-09-30,-151.1005,-0.500530,stop,2,301.88,debit,0,short_dated|dte=5|long_delta=0.5|lookback=3|short_delta=0.3|sma=20|thresh=0.003
short_dated,is_default,QQQ,2020-10-01,2020-10-02,-150.7244,-0.500266,stop,1,301.29,debit,0,short_dated|dte=5|long_delta=0.5|lookback=3|short_delta=0.3|sma=20|thresh=0.003
short_dated,is_default,IWM,2020-10-02,2020-10-05,174.2540,0.693763,target,2,251.17,debit,0,short_dated|dte=5|long_delta=0.5|lookback=3|short_delta=0.3|sma=20|thresh=0.003
short_dated,is_default,SPY,2020-10-02,2020-10-05,173.9139,0.690101,target,1,252.01,debit,0,short_dated|dte=5|long_delta=0.5|lookback=3|short_delta=0.3|sma=20|thresh=0.003
short_dated,is_default,IWM,2020-10-06,2020-10-06,-122.5698,-0.500981,stop,3,244.66,debit,0,short_dated|dte=5|long_delta=0.5|lookback=3|short_delta=0.3|sma=20|thresh=0.003
short_dated,is_default,QQQ,2020-10-06,2020-10-06,-130.3094,-0.500615,stop,2,260.30,debit,0,short_dated|dte=5|long_delta=0.5|lookback=3|short_delta=0.3|sma=20|thresh=0.003
short_dated,is_default,SPY,2020-10-06,2020-10-06,-85.5396,-0.500468,stop,1,170.92,debit,0,short_dated|dte=5|long_delta=0.5|lookback=3|short_delta=0.3|sma=20|thresh=0.003
short_dated,is_default,IWM,2020-10-07,2020-10-08,117.2393,0.442878,target,5,264.72,debit,0,short_dated|dte=5|long_delta=0.5|lookback=3|short_delta=0.3|sma=20|thresh=0.003
short_dated,is_default,QQQ,2020-10-08,2020-10-12,142.5596,0.663930,target,1,214.72,debit,0,short_dated|dte=5|long_delta=0.5|lookback=3|short_delta=0.3|sma=20|thresh=0.003
short_dated,is_default,SPY,2020-10-08,2020-10-12,139.8213,0.634982,target,1,220.20,debit,0,short_dated|dte=5|long_delta=0.5|lookback=3|short_delta=0.3|sma=20|thresh=0.003
short_dated,is_default,IWM,2020-10-09,2020-10-13,-137.2315,-0.500584,stop,2,274.14,debit,0,short_dated|dte=5|long_delta=0.5|lookback=3|short_delta=0.3|sma=20|thresh=0.003
short_dated,is_default,QQQ,2020-10-13,2020-10-14,-90.3838,-0.500443,stop,1,180.61,debit,0,short_dated|dte=5|long_delta=0.5|lookback=3|short_delta=0.3|sma=20|thresh=0.003
short_dated,is_default,SPY,2020-10-13,2020-10-14,-87.4715,-0.500458,stop,1,174.78,debit,0,short_dated|dte=5|long_delta=0.5|lookback=3|short_delta=0.3|sma=20|thresh=0.003
short_dated,is_default,IWM,2020-10-14,2020-10-14,-135.1755,-0.500889,stop,3,269.87,debit,0,short_dated|dte=5|long_delta=0.5|lookback=3|short_delta=0.3|sma=20|thresh=0.003
short_dated,is_default,QQQ,2020-10-15,2020-10-19,-132.0723,-0.500303,stop,1,263.98,debit,0,short_dated|dte=5|long_delta=0.5|lookback=3|short_delta=0.3|sma=20|thresh=0.003
short_dated,is_default,SPY,2020-10-15,2020-10-22,-115.3255,-0.532109,stop_gap,1,216.73,debit,0,short_dated|dte=5|long_delta=0.5|lookback=3|short_delta=0.3|sma=20|thresh=0.003
short_dated,is_default,IWM,2020-10-23,2020-10-26,-134.9051,-0.500594,stop,2,269.49,debit,0,short_dated|dte=5|long_delta=0.5|lookback=3|short_delta=0.3|sma=20|thresh=0.003
short_dated,is_default,SPY,2020-10-23,2020-10-26,-128.9477,-0.500310,stop,1,257.74,debit,0,short_dated|dte=5|long_delta=0.5|lookback=3|short_delta=0.3|sma=20|thresh=0.003
short_dated,is_default,QQQ,2020-10-27,2020-10-28,184.6310,0.800731,target,1,230.58,debit,0,short_dated|dte=5|long_delta=0.5|lookback=3|short_delta=0.3|sma=20|thresh=0.003
short_dated,is_default,SPY,2020-10-27,2020-10-28,186.1381,0.817960,target,1,227.56,debit,0,short_dated|dte=5|long_delta=0.5|lookback=3|short_delta=0.3|sma=20|thresh=0.003
short_dated,is_default,IWM,2020-10-28,2020-10-29,-70.8195,-0.285116,time,2,248.39,debit,0,short_dated|dte=5|long_delta=0.5|lookback=3|short_delta=0.3|sma=20|thresh=0.003
short_dated,is_default,IWM,2020-10-30,2020-11-03,-134.4918,-0.562813,stop_gap,1,238.96,debit,0,short_dated|dte=5|long_delta=0.5|lookback=3|short_delta=0.3|sma=20|thresh=0.003
short_dated,is_default,QQQ,2020-11-02,2020-11-04,-224.7667,-0.839106,stop_gap,1,267.86,debit,0,short_dated|dte=5|long_delta=0.5|lookback=3|short_delta=0.3|sma=20|thresh=0.003
short_dated,is_default,IWM,2020-11-04,2020-11-05,168.7984,0.644064,target,2,262.08,debit,0,short_dated|dte=5|long_delta=0.5|lookback=3|short_delta=0.3|sma=20|thresh=0.003
short_dated,is_default,IWM,2020-11-06,2020-11-09,169.5695,0.650836,target,2,260.54,debit,0,short_dated|dte=5|long_delta=0.5|lookback=3|short_delta=0.3|sma=20|thresh=0.003
short_dated,is_default,QQQ,2020-11-06,2020-11-09,-148.2045,-0.500270,stop,1,296.25,debit,0,short_dated|dte=5|long_delta=0.5|lookback=3|short_delta=0.3|sma=20|thresh=0.003
short_dated,is_default,SPY,2020-11-06,2020-11-09,199.5583,0.663594,target,1,300.72,debit,0,short_dated|dte=5|long_delta=0.5|lookback=3|short_delta=0.3|sma=20|thresh=0.003
short_dated,is_default,QQQ,2020-11-10,2020-11-10,-90.5177,-0.500442,stop,1,180.88,debit,0,short_dated|dte=5|long_delta=0.5|lookback=3|short_delta=0.3|sma=20|thresh=0.003
short_dated,is_default,IWM,2020-11-10,2020-11-12,-132.1657,-0.500606,stop,2,264.01,debit,0,short_dated|dte=5|long_delta=0.5|lookback=3|short_delta=0.3|sma=20|thresh=0.003
short_dated,is_default,SPY,2020-11-10,2020-11-12,-85.0880,-0.500471,stop,1,170.02,debit,0,short_dated|dte=5|long_delta=0.5|lookback=3|short_delta=0.3|sma=20|thresh=0.003
short_dated,is_default,IWM,2020-11-16,2020-11-17,-127.8430,-0.500940,stop,3,255.21,debit,0,short_dated|dte=5|long_delta=0.5|lookback=3|short_delta=0.3|sma=20|thresh=0.003
short_dated,is_default,SPY,2020-11-16,2020-11-18,-88.1749,-0.500454,stop,1,176.19,debit,0,short_dated|dte=5|long_delta=0.5|lookback=3|short_delta=0.3|sma=20|thresh=0.003
short_dated,is_default,IWM,2020-11-18,2020-11-18,-135.6865,-0.500886,stop,3,270.89,debit,0,short_dated|dte=5|long_delta=0.5|lookback=3|short_delta=0.3|sma=20|thresh=0.003
short_dated,is_default,QQQ,2020-11-16,2020-11-19,-108.3369,-0.638691,stop_gap,1,169.62,debit,0,short_dated|dte=5|long_delta=0.5|lookback=3|short_delta=0.3|sma=20|thresh=0.003
short_dated,is_default,IWM,2020-11-19,2020-11-23,171.3176,0.666489,target,2,257.04,debit,0,short_dated|dte=5|long_delta=0.5|lookback=3|short_delta=0.3|sma=20|thresh=0.003
short_dated,is_default,IWM,2020-11-24,2020-11-25,-146.7745,-0.500819,stop,3,293.07,debit,0,short_dated|dte=5|long_delta=0.5|lookback=3|short_delta=0.3|sma=20|thresh=0.003
short_dated,is_default,SPY,2020-11-24,2020-11-27,161.3415,0.582467,target,2,277.00,debit,0,short_dated|dte=5|long_delta=0.5|lookback=3|short_delta=0.3|sma=20|thresh=0.003
short_dated,is_default,QQQ,2020-11-25,2020-11-27,160.2700,0.574486,target,3,278.98,debit,0,short_dated|dte=5|long_delta=0.5|lookback=3|short_delta=0.3|sma=20|thresh=0.003
short_dated,is_default,IWM,2020-11-27,2020-11-30,-127.0867,-0.500630,stop,2,253.85,debit,0,short_dated|dte=5|long_delta=0.5|lookback=3|short_delta=0.3|sma=20|thresh=0.003
short_dated,is_default,QQQ,2020-11-30,2020-11-30,-90.2623,-0.500444,stop,1,180.36,debit,0,short_dated|dte=5|long_delta=0.5|lookback=3|short_delta=0.3|sma=20|thresh=0.003
short_dated,is_default,SPY,2020-11-30,2020-11-30,-133.6253,-0.500599,stop,2,266.93,debit,0,short_dated|dte=5|long_delta=0.5|lookback=3|short_delta=0.3|sma=20|thresh=0.003
short_dated,is_default,QQQ,2020-12-01,2020-12-03,42.2233,0.246405,time,1,171.36,debit,0,short_dated|dte=5|long_delta=0.5|lookback=3|short_delta=0.3|sma=20|thresh=0.003
short_dated,is_default,SPY,2020-12-02,2020-12-03,47.6179,0.180165,time,2,264.30,debit,0,short_dated|dte=5|long_delta=0.5|lookback=3|short_delta=0.3|sma=20|thresh=0.003
short_dated,is_default,IWM,2020-12-04,2020-12-08,164.6393,0.608870,target,2,270.40,debit,0,short_dated|dte=5|long_delta=0.5|lookback=3|short_delta=0.3|sma=20|thresh=0.003
short_dated,is_default,QQQ,2020-12-04,2020-12-09,-130.8409,-0.500306,stop,1,261.52,debit,0,short_dated|dte=5|long_delta=0.5|lookback=3|short_delta=0.3|sma=20|thresh=0.003
short_dated,is_default,IWM,2020-12-09,2020-12-09,-142.3172,-0.500845,stop,3,284.15,debit,0,short_dated|dte=5|long_delta=0.5|lookback=3|short_delta=0.3|sma=20|thresh=0.003
short_dated,is_default,SPY,2020-12-04,2020-12-10,-152.5169,-0.682819,stop_gap,1,223.36,debit,0,short_dated|dte=5|long_delta=0.5|lookback=3|short_delta=0.3|sma=20|thresh=0.003
short_dated,is_default,IWM,2020-12-10,2020-12-14,116.7077,0.701265,target,1,166.42,debit,0,short_dated|dte=5|long_delta=0.5|lookback=3|short_delta=0.3|sma=20|thresh=0.003
short_dated,is_default,IWM,2020-12-16,2020-12-16,-146.8499,-0.500818,stop,3,293.22,debit,0,short_dated|dte=5|long_delta=0.5|lookback=3|short_delta=0.3|sma=20|thresh=0.003
short_dated,is_default,QQQ,2020-12-15,2020-12-17,108.5785,0.594354,target,1,182.68,debit,0,short_dated|dte=5|long_delta=0.5|lookback=3|short_delta=0.3|sma=20|thresh=0.003
short_dated,is_default,SPY,2020-12-16,2020-12-17,79.2030,0.297188,time,2,266.51,debit,0,short_dated|dte=5|long_delta=0.5|lookback=3|short_delta=0.3|sma=20|thresh=0.003
short_dated,is_default,IWM,2020-12-17,2020-12-21,-188.7657,-0.712434,stop_gap,2,264.96,debit,0,short_dated|dte=5|long_delta=0.5|lookback=3|short_delta=0.3|sma=20|thresh=0.003
short_dated,is_default,QQQ,2020-12-18,2020-12-21,-162.2794,-0.764372,stop_gap,1,212.30,debit,0,short_dated|dte=5|long_delta=0.5|lookback=3|short_delta=0.3|sma=20|thresh=0.003
short_dated,is_default,SPY,2020-12-18,2020-12-21,-179.2906,-0.829545,stop_gap,1,216.13,debit,0,short_dated|dte=5|long_delta=0.5|lookback=3|short_delta=0.3|sma=20|thresh=0.003
short_dated,is_default,IWM,2020-12-22,2020-12-24,161.3959,0.583229,target,3,276.73,debit,0,short_dated|dte=5|long_delta=0.5|lookback=3|short_delta=0.3|sma=20|thresh=0.003
short_dated,is_default,IWM,2020-12-28,2020-12-28,-131.9827,-0.500607,stop,2,263.65,debit,0,short_dated|dte=5|long_delta=0.5|lookback=3|short_delta=0.3|sma=20|thresh=0.003
short_dated,is_default,IWM,2020-12-29,2020-12-29,-130.3808,-0.500922,stop,3,260.28,debit,0,short_dated|dte=5|long_delta=0.5|lookback=3|short_delta=0.3|sma=20|thresh=0.003
short_dated,is_default,SPY,2020-12-28,2020-12-31,60.2211,0.230530,time,2,261.23,debit,0,short_dated|dte=5|long_delta=0.5|lookback=3|short_delta=0.3|sma=20|thresh=0.003
short_dated,is_default,QQQ,2020-12-29,2020-12-31,-85.9471,-0.500466,stop,1,171.73,debit,0,short_dated|dte=5|long_delta=0.5|lookback=3|short_delta=0.3|sma=20|thresh=0.003
short_dated,is_default,QQQ,2021-01-04,2021-01-04,-89.7186,-0.500446,stop,1,179.28,debit,0,short_dated|dte=5|long_delta=0.5|lookback=3|short_delta=0.3|sma=20|thresh=0.003
short_dated,is_default,SPY,2021-01-04,2021-01-04,-108.7747,-0.500368,stop,1,217.39,debit,0,short_dated|dte=5|long_delta=0.5|lookback=3|short_delta=0.3|sma=20|thresh=0.003
short_dated,is_default,IWM,2021-01-05,2021-01-05,-114.1581,-0.500702,stop,2,228.00,debit,0,short_dated|dte=5|long_delta=0.5|lookback=3|short_delta=0.3|sma=20|thresh=0.003
short_dated,is_default,SPY,2021-01-05,2021-01-06,-92.5322,-0.500433,stop,1,184.90,debit,0,short_dated|dte=5|long_delta=0.5|lookback=3|short_delta=0.3|sma=20|thresh=0.003
short_dated,is_default,QQQ,2021-01-07,2021-01-08,-161.9122,-0.588666,stop_gap,1,275.05,debit,0,short_dated|dte=5|long_delta=0.5|lookback=3|short_delta=0.3|sma=20|thresh=0.003
short_dated,is_default,SPY,2021-01-08,2021-01-12,-106.1205,-0.500377,stop,1,212.08,debit,0,short_dated|dte=5|long_delta=0.5|lookback=3|short_delta=0.3|sma=20|thresh=0.003
short_dated,is_default,QQQ,2021-01-11,2021-01-12,-88.1623,-0.500454,stop,1,176.16,debit,0,short_dated|dte=5|long_delta=0.5|lookback=3|short_delta=0.3|sma=20|thresh=0.003
short_dated,is_default,IWM,2021-01-07,2021-01-13,146.3262,0.706250,target,1,207.19,debit,0,short_dated|dte=5|long_delta=0.5|lookback=3|short_delta=0.3|sma=20|thresh=0.003
short_dated,is_default,IWM,2021-01-14,2021-01-20,110.1310,0.613277,target,1,179.58,debit,0,short_dated|dte=5|long_delta=0.5|lookback=3|short_delta=0.3|sma=20|thresh=0.003
short_dated,is_default,QQQ,2021-01-19,2021-01-20,-227.6443,-0.781426,stop_gap,2,291.32,debit,0,short_dated|dte=5|long_delta=0.5|lookback=3|short_delta=0.3|sma=20|thresh=0.003
short_dated,is_default,QQQ,2021-01-21,2021-01-25,-130.6955,-0.500306,stop,1,261.23,debit,0,short_dated|dte=5|long_delta=0.5|lookback=3|short_delta=0.3|sma=20|thresh=0.003
short_dated,is_default,SPY,2021-01-21,2021-01-25,-106.1126,-0.500377,stop,1,212.07,debit,0,short_dated|dte=5|long_delta=0.5|lookback=3|short_delta=0.3|sma=20|thresh=0.003
short_dated,is_default,IWM,2021-01-22,2021-01-25,169.8512,0.653330,target,2,259.98,debit,0,short_dated|dte=5|long_delta=0.5|lookback=3|short_delta=0.3|sma=20|thresh=0.003
short_dated,is_default,QQQ,2021-01-26,2021-01-27,-87.3122,-0.506657,stop_gap,1,172.33,debit,0,short_dated|dte=5|long_delta=0.5|lookback=3|short_delta=0.3|sma=20|thresh=0.003
short_dated,is_default,IWM,2021-01-27,2021-01-27,-135.9924,-0.500884,stop,3,271.50,debit,0,short_dated|dte=5|long_delta=0.5|lookback=3|short_delta=0.3|sma=20|thresh=0.003
short_dated,is_default,IWM,2021-02-01,2021-02-02,-100.9435,-0.665780,stop_gap,1,151.62,debit,0,short_dated|dte=5|long_delta=0.5|lookback=3|short_delta=0.3|sma=20|thresh=0.003
short_dated,is_default,QQQ,2021-02-01,2021-02-02,-146.8242,-0.647061,stop_gap,1,226.91,debit,0,short_dated|dte=5|long_delta=0.5|lookback=3|short_delta=0.3|sma=20|thresh=0.003
short_dated,is_default,SPY,2021-02-01,2021-02-02,-145.5865,-0.549825,stop_gap,1,264.79,debit,0,short_dated|dte=5|long_delta=0.5|lookback=3|short_delta=0.3|sma=20|thresh=0.003
short_dated,is_default,IWM,2021-02-03,2021-02-03,-139.4383,-0.500862,stop,3,278.40,debit,0,short_dated|dte=5|long_delta=0.5|lookback=3|short_delta=0.3|sma=20|thresh=0.003
short_dated,is_default,QQQ,2021-02-03,2021-02-03,-138.2225,-0.500579,stop,2,276.13,debit,0,short_dated|dte=5|long_delta=0.5|lookback=3|short_delta=0.3|sma=20|thresh=0.003
short_dated,is_default,SPY,2021-02-03,2021-02-04,97.2396,0.528998,time,1,183.82,debit,0,short_dated|dte=5|long_delta=0.5|lookback=3|short_delta=0.3|sma=20|thresh=0.003
short_dated,is_default,IWM,2021-02-04,2021-02-05,111.8013,0.634379,target,1,176.24,debit,0,short_dated|dte=5|long_delta=0.5|lookback=3|short_delta=0.3|sma=20|thresh=0.003
short_dated,is_default,QQQ,2021-02-04,2021-02-09,171.7564,0.670067,target,1,256.33,debit,0,short_dated|dte=5|long_delta=0.5|lookback=3|short_delta=0.3|sma=20|thresh=0.003
short_dated,is_default,IWM,2021-02-08,2021-02-09,164.8202,0.610717,target,3,269.88,debit,0,short_dated|dte=5|long_delta=0.5|lookback=3|short_delta=0.3|sma=20|thresh=0.003
short_dated,is_default,IWM,2021-02-10,2021-02-10,-143.3645,-0.500838,stop,3,286.25,debit,0,short_dated|dte=5|long_delta=0.5|lookback=3|short_delta=0.3|sma=20|thresh=0.003
short_dated,is_default,QQQ,2021-02-10,2021-02-10,-135.4292,-0.500591,stop,2,270.54,debit,0,short_dated|dte=5|long_delta=0.5|lookback=3|short_delta=0.3|sma=20|thresh=0.003
short_dated,is_default,SPY,2021-02-05,2021-02-11,44.8276,0.203666,time,1,220.10,debit,0,short_dated|dte=5|long_delta=0.5|lookback=3|short_delta=0.3|sma=20|thresh=0.003
short_dated,is_default,IWM,2021-02-11,2021-02-11,-107.0331,-0.500374,stop,1,213.91,debit,0,short_dated|dte=5|long_delta=0.5|lookback=3|short_delta=0.3|sma=20|thresh=0.003
short_dated,is_default,QQQ,2021-02-11,2021-02-17,-131.7552,-0.500304,stop,1,263.35,debit,0,short_dated|dte=5|long_delta=0.5|lookback=3|short_delta=0.3|sma=20|thresh=0.003
short_dated,is_default,SPY,2021-02-16,2021-02-17,-168.5112,-0.650186,stop_gap,2,259.17,debit,0,short_dated|dte=5|long_delta=0.5|lookback=3|short_delta=0.3|sma=20|thresh=0.003
short_dated,is_default,SPY,2021-02-18,2021-02-23,-147.7940,-0.692787,stop_gap,1,213.33,debit,0,short_dated|dte=5|long_delta=0.5|lookback=3|short_delta=0.3|sma=20|thresh=0.003
short_dated,is_default,QQQ,2021-02-23,2021-02-23,-76.1421,-0.500526,stop,1,152.12,debit,0,short_dated|dte=5|long_delta=0.5|lookback=3|short_delta=0.3|sma=20|thresh=0.003
short_dated,is_default,QQQ,2021-02-24,2021-02-24,-78.6591,-0.500509,stop,1,157.16,debit,0,short_dated|dte=5|long_delta=0.5|lookback=3|short_delta=0.3|sma=20|thresh=0.003
short_dated,is_default,IWM,2021-02-24,2021-02-25,157.9100,0.556609,target,3,283.70,debit,0,short_dated|dte=5|long_delta=0.5|lookback=3|short_delta=0.3|sma=20|thresh=0.003
short_dated,is_default,QQQ,2021-02-25,2021-02-25,216.0749,0.807183,target,1,267.69,debit,0,short_dated|dte=5|long_delta=0.5|lookback=3|short_delta=0.3|sma=20|thresh=0.003
short_dated,is_default,SPY,2021-02-25,2021-02-25,-131.3262,-0.500305,stop,1,262.49,debit,0,short_dated|dte=5|long_delta=0.5|lookback=3|short_delta=0.3|sma=20|thresh=0.003
short_dated,is_default,IWM,2021-02-26,2021-03-01,-135.7937,-0.500295,stop,1,271.43,debit,0,short_dated|dte=5|long_delta=0.5|lookback=3|short_delta=0.3|sma=20|thresh=0.003
short_dated,is_default,QQQ,2021-03-01,2021-03-02,-132.8613,-0.596975,stop_gap,1,222.56,debit,0,short_dated|dte=5|long_delta=0.5|lookback=3|short_delta=0.3|sma=20|thresh=0.003
short_dated,is_default,SPY,2021-03-01,2021-03-02,-141.1715,-0.534283,stop_gap,1,264.23,debit,0,short_dated|dte=5|long_delta=0.5|lookback=3|short_delta=0.3|sma=20|thresh=0.003
short_dated,is_default,IWM,2021-03-05,2021-03-05,185.1523,0.806640,target,1,229.54,debit,0,short_dated|dte=5|long_delta=0.5|lookback=3|short_delta=0.3|sma=20|thresh=0.003
short_dated,is_default,QQQ,2021-03-08,2021-03-08,156.3060,0.834843,target,1,187.23,debit,0,short_dated|dte=5|long_delta=0.5|lookback=3|short_delta=0.3|sma=20|thresh=0.003
short_dated,is_default,IWM,2021-03-08,2021-03-09,-146.3705,-0.500547,stop,2,292.42,debit,0,short_dated|dte=5|long_delta=0.5|lookback=3|short_delta=0.3|sma=20|thresh=0.003
short_dated,is_default,SPY,2021-03-08,2021-03-09,-111.7218,-0.500358,stop,1,223.28,debit,0,short_dated|dte=5|long_delta=0.5|lookback=3|short_delta=0.3|sma=20|thresh=0.003
short_dated,is_default,QQQ,2021-03-09,2021-03-09,-113.5246,-0.500353,stop,1,226.89,debit,0,short_dated|dte=5|long_delta=0.5|lookback=3|short_delta=0.3|sma=20|thresh=0.003
short_dated,is_default,IWM,2021-03-10,2021-03-11,155.1474,0.536424,target,3,289.23,debit,0,short_dated|dte=5|long_delta=0.5|lookback=3|short_delta=0.3|sma=20|thresh=0.003
short_dated,is_default,IWM,2021-03-12,2021-03-16,-107.3145,-0.500373,stop,1,214.47,debit,0,short_dated|dte=5|long_delta=0.5|lookback=3|short_delta=0.3|sma=20|thresh=0.003
short_dated,is_default,QQQ,2021-03-16,2021-03-17,-109.0402,-0.618879,stop_gap,1,176.19,debit,0,short_dated|dte=5|long_delta=0.5|lookback=3|short_delta=0.3|sma=20|thresh=0.003
short_dated,is_default,SPY,2021-03-11,2021-03-18,-133.3345,-0.500300,stop,1,266.51,debit,0,short_dated|dte=5|long_delta=0.5|lookback=3|short_delta=0.3|sma=20|thresh=0.003
short_dated,is_default,QQQ,2021-03-18,2021-03-19,-127.9550,-0.500313,stop,1,255.75,debit,0,short_dated|dte=5|long_delta=0.5|lookback=3|short_delta=0.3|sma=20|thresh=0.003
short_dated,is_default,QQQ,2021-03-22,2021-03-22,-75.4125,-0.500531,stop,1,150.67,debit,0,short_dated|dte=5|long_delta=0.5|lookback=3|short_delta=0.3|sma=20|thresh=0.003
short_dated,is_default,IWM,2021-03-24,2021-03-24,181.8828,0.770970,target,2,235.91,debit,0,short_dated|dte=5|long_delta=0.5|lookback=3|short_delta=0.3|sma=20|thresh=0.003
short_dated,is_default,QQQ,2021-03-24,2021-03-24,-132.2195,-0.500606,stop,2,264.12,debit,0,short_dated|dte=5|long_delta=0.5|lookback=3|short_delta=0.3|sma=20|thresh=0.003
short_dated,is_default,IWM,2021-03-25,2021-03-25,-91.5507,-0.500437,stop,1,182.94,debit,0,short_dated|dte=5|long_delta=0.5|lookback=3|short_delta=0.3|sma=20|thresh=0.003
short_dated,is_default,QQQ,2021-03-25,2021-03-26,-114.7546,-0.500349,stop,1,229.35,debit,0,short_dated|dte=5|long_delta=0.5|lookback=3|short_delta=0.3|sma=20|thresh=0.003
short_dated,is_default,SPY,2021-03-25,2021-03-26,-112.4681,-0.500971,stop_gap,1,224.50,debit,0,short_dated|dte=5|long_delta=0.5|lookback=3|short_delta=0.3|sma=20|thresh=0.003
short_dated,is_default,IWM,2021-03-26,2021-03-30,156.9176,0.843621,target,1,186.00,debit,0,short_dated|dte=5|long_delta=0.5|lookback=3|short_delta=0.3|sma=20|thresh=0.003
short_dated,is_default,QQQ,2021-03-30,2021-03-31,164.7445,0.609734,target,2,270.19,debit,0,short_dated|dte=5|long_delta=0.5|lookback=3|short_delta=0.3|sma=20|thresh=0.003
short_dated,is_default,SPY,2021-03-29,2021-04-01,110.4469,0.617207,target,1,178.95,debit,0,short_dated|dte=5|long_delta=0.5|lookback=3|short_delta=0.3|sma=20|thresh=0.003
short_dated,is_default,QQQ,2021-04-01,2021-04-05,140.6696,0.643794,target,1,218.50,debit,0,short_dated|dte=5|long_delta=0.5|lookback=3|short_delta=0.3|sma=20|thresh=0.003
short_dated,is_default,IWM,2021-04-05,2021-04-05,-136.8420,-0.500585,stop,2,273.36,debit,0,short_dated|dte=5|long_delta=0.5|lookback=3|short_delta=0.3|sma=20|thresh=0.003
short_dated,is_default,IWM,2021-04-06,2021-04-07,-128.2530,-0.500625,stop,2,256.19,debit,0,short_dated|dte=5|long_delta=0.5|lookback=3|short_delta=0.3|sma=20|thresh=0.003
short_dated,is_default,SPY,2021-04-05,2021-04-08,160.2467,0.573977,target,2,279.19,debit,0,short_dated|dte=5|long_delta=0.5|lookback=3|short_delta=0.3|sma=20|thresh=0.003
short_dated,is_default,QQQ,2021-04-06,2021-04-08,169.4086,0.649417,target,2,260.86,debit,0,short_dated|dte=5|long_delta=0.5|lookback=3|short_delta=0.3|sma=20|thresh=0.003
short_dated,is_default,QQQ,2021-04-09,2021-04-13,113.0434,0.650598,target,1,173.75,debit,0,short_dated|dte=5|long_delta=0.5|lookback=3|short_delta=0.3|sma=20|thresh=0.003
short_dated,is_default,SPY,2021-04-09,2021-04-13,108.9261,0.598536,target,1,181.99,debit,0,short_dated|dte=5|long_delta=0.5|lookback=3|short_delta=0.3|sma=20|thresh=0.003
short_dated,is_default,IWM,2021-04-08,2021-04-14,-77.6353,-0.500516,stop,1,155.11,debit,0,short_dated|dte=5|long_delta=0.5|lookback=3|short_delta=0.3|sma=20|thresh=0.003
short_dated,is_default,QQQ,2021-04-14,2021-04-14,-145.5540,-0.500826,stop,3,290.63,debit,0,short_dated|dte=5|long_delta=0.5|lookback=3|short_delta=0.3|sma=20|thresh=0.003
short_dated,is_default,SPY,2021-04-14,2021-04-14,-141.6419,-0.500849,stop,3,282.80,debit,0,short_dated|dte=5|long_delta=0.5|lookback=3|short_delta=0.3|sma=20|thresh=0.003
short_dated,is_default,IWM,2021-04-15,2021-04-19,-86.9244,-0.500461,stop,1,173.69,debit,0,short_dated|dte=5|long_delta=0.5|lookback=3|short_delta=0.3|sma=20|thresh=0.003
short_dated,is_default,QQQ,2021-04-16,2021-04-19,-108.4155,-0.500369,stop,1,216.67,debit,0,short_dated|dte=5|long_delta=0.5|lookback=3|short_delta=0.3|sma=20|thresh=0.003
short_dated,is_default,SPY,2021-04-16,2021-04-19,-90.3748,-0.500443,stop,1,180.59,debit,0,short_dated|dte=5|long_delta=0.5|lookback=3|short_delta=0.3|sma=20|thresh=0.003
short_dated,is_default,QQQ,2021-04-20,2021-04-20,-138.1812,-0.500580,stop,2,276.04,debit,0,short_dated|dte=5|long_delta=0.5|lookback=3|short_delta=0.3|sma=20|thresh=0.003
short_dated,is_default,SPY,2021-04-20,2021-04-20,-131.1664,-0.500611,stop,2,262.01,debit,0,short_dated|dte=5|long_delta=0.5|lookback=3|short_delta=0.3|sma=20|thresh=0.003
short_dated,is_default,IWM,2021-04-21,2021-04-21,-127.4700,-0.500943,stop,3,254.46,debit,0,short_dated|dte=5|long_delta=0.5|lookback=3|short_delta=0.3|sma=20|thresh=0.003
short_dated,is_default,IWM,2021-04-26,2021-04-29,160.5004,0.576264,target,3,278.52,debit,0,short_dated|dte=5|long_delta=0.5|lookback=3|short_delta=0.3|sma=20|thresh=0.003
short_dated,is_default,QQQ,2021-04-26,2021-04-29,-130.2823,-0.500615,stop,2,260.24,debit,0,short_dated|dte=5|long_delta=0.5|lookback=3|short_delta=0.3|sma=20|thresh=0.003
short_dated,is_default,SPY,2021-04-26,2021-04-29,-88.2124,-0.500454,stop,1,176.26,debit,0,short_dated|dte=5|long_delta=0.5|lookback=3|short_delta=0.3|sma=20|thresh=0.003
short_dated,is_default,SPY,2021-04-30,2021-05-04,-84.5332,-0.500474,stop,1,168.91,debit,0,short_dated|dte=5|long_delta=0.5|lookback=3|short_delta=0.3|sma=20|thresh=0.003
short_dated,is_default,QQQ,2021-05-04,2021-05-04,123.2310,0.803447,target,1,153.38,debit,0,short_dated|dte=5|long_delta=0.5|lookback=3|short_delta=0.3|sma=20|thresh=0.003
short_dated,is_default,IWM,2021-05-05,2021-05-06,179.9088,0.750551,target,3,239.70,debit,0,short_dated|dte=5|long_delta=0.5|lookback=3|short_delta=0.3|sma=20|thresh=0.003
short_dated,is_default,QQQ,2021-05-05,2021-05-06,184.3345,0.797947,target,2,231.01,debit,0,short_dated|dte=5|long_delta=0.5|lookback=3|short_delta=0.3|sma=20|thresh=0.003
short_dated,is_default,IWM,2021-05-07,2021-05-10,-83.5431,-0.535475,stop_gap,1,156.02,debit,0,short_dated|dte=5|long_delta=0.5|lookback=3|short_delta=0.3|sma=20|thresh=0.003
short_dated,is_default,QQQ,2021-05-07,2021-05-10,157.5192,0.852369,target,1,184.80,debit,0,short_dated|dte=5|long_delta=0.5|lookback=3|short_delta=0.3|sma=20|thresh=0.003
short_dated,is_default,SPY,2021-05-10,2021-05-10,-89.2642,-0.500449,stop,1,178.37,debit,0,short_dated|dte=5|long_delta=0.5|lookback=3|short_delta=0.3|sma=20|thresh=0.003
short_dated,is_default,IWM,2021-05-11,2021-05-11,-114.0734,-0.500702,stop,2,227.83,debit,0,short_dated|dte=5|long_delta=0.5|lookback=3|short_delta=0.3|sma=20|thresh=0.003
short_dated,is_default,QQQ,2021-05-11,2021-05-11,-78.1400,-0.500512,stop,1,156.12,debit,0,short_dated|dte=5|long_delta=0.5|lookback=3|short_delta=0.3|sma=20|thresh=0.003
short_dated,is_default,SPY,2021-05-11,2021-05-12,-88.0559,-0.500455,stop,1,175.95,debit,0,short_dated|dte=5|long_delta=0.5|lookback=3|short_delta=0.3|sma=20|thresh=0.003
short_dated,is_default,IWM,2021-05-12,2021-05-12,186.2746,0.820121,target,2,227.13,debit,0,short_dated|dte=5|long_delta=0.5|lookback=3|short_delta=0.3|sma=20|thresh=0.003
short_dated,is_default,QQQ,2021-05-12,2021-05-13,-15.5031,-0.064491,time,2,240.39,debit,0,short_dated|dte=5|long_delta=0.5|lookback=3|short_delta=0.3|sma=20|thresh=0.003
short_dated,is_default,IWM,2021-05-13,2021-05-14,-136.3488,-0.500294,stop,1,272.54,debit,0,short_dated|dte=5|long_delta=0.5|lookback=3|short_delta=0.3|sma=20|thresh=0.003
short_dated,is_default,QQQ,2021-05-14,2021-05-17,-134.4468,-0.500298,stop,1,268.73,debit,0,short_dated|dte=5|long_delta=0.5|lookback=3|short_delta=0.3|sma=20|thresh=0.003
short_dated,is_default,SPY,2021-05-14,2021-05-17,-130.1026,-0.500308,stop,1,260.05,debit,0,short_dated|dte=5|long_delta=0.5|lookback=3|short_delta=0.3|sma=20|thresh=0.003
short_dated,is_default,IWM,2021-05-20,2021-05-21,-91.8430,-0.500436,stop,1,183.53,debit,0,short_dated|dte=5|long_delta=0.5|lookback=3|short_delta=0.3|sma=20|thresh=0.003
short_dated,is_default,QQQ,2021-05-20,2021-05-21,-131.0111,-0.575144,stop_gap,1,227.79,debit,0,short_dated|dte=5|long_delta=0.5|lookback=3|short_delta=0.3|sma=20|thresh=0.003
short_dated,is_default,SPY,2021-05-20,2021-05-21,-133.0549,-0.500301,stop,1,265.95,debit,0,short_dated|dte=5|long_delta=0.5|lookback=3|short_delta=0.3|sma=20|thresh=0.003
short_dated,is_default,SPY,2021-05-25,2021-05-26,-137.6837,-0.500582,stop,2,275.05,debit,0,short_dated|dte=5|long_delta=0.5|lookback=3|short_delta=0.3|sma=20|thresh=0.003
short_dated,is_default,QQQ,2021-05-25,2021-05-27,-133.3847,-0.500600,stop,2,266.45,debit,0,short_dated|dte=5|long_delta=0.5|lookback=3|short_delta=0.3|sma=20|thresh=0.003
short_dated,is_default,IWM,2021-05-27,2021-06-02,164.4429,0.607262,target,2,270.79,debit,0,short_dated|dte=5|long_delta=0.5|lookback=3|short_delta=0.3|sma=20|thresh=0.003
short_dated,is_default,SPY,2021-05-27,2021-06-03,-152.4219,-0.840215,stop_gap,1,181.41,debit,0,short_dated|dte=5|long_delta=0.5|lookback=3|short_delta=0.3|sma=20|thresh=0.003
short_dated,is_default,IWM,2021-06-03,2021-06-08,168.4748,0.641246,target,2,262.73,debit,0,short_dated|dte=5|long_delta=0.5|lookback=3|short_delta=0.3|sma=20|thresh=0.003
short_dated,is_default,IWM,2021-06-09,2021-06-09,-131.4110,-0.501527,stop,5,262.02,debit,0,short_dated|dte=5|long_delta=0.5|lookback=3|short_delta=0.3|sma=20|thresh=0.003
short_dated,is_default,QQQ,2021-06-07,2021-06-10,165.7315,0.617901,target,2,268.22,debit,0,short_dated|dte=5|long_delta=0.5|lookback=3|short_delta=0.3|sma=20|thresh=0.003
short_dated,is_default,SPY,2021-06-07,2021-06-10,-0.9836,-0.003681,time,3,267.20,debit,0,short_dated|dte=5|long_delta=0.5|lookback=3|short_delta=0.3|sma=20|thresh=0.003
short_dated,is_default,IWM,2021-06-10,2021-06-14,-84.0777,-0.500476,stop,1,168.00,debit,0,short_dated|dte=5|long_delta=0.5|lookback=3|short_delta=0.3|sma=20|thresh=0.003
short_dated,is_default,QQQ,2021-06-11,2021-06-16,-91.6952,-0.500437,stop,1,183.23,debit,0,short_dated|dte=5|long_delta=0.5|lookback=3|short_delta=0.3|sma=20|thresh=0.003
short_dated,is_default,SPY,2021-06-11,2021-06-16,-89.6732,-0.500446,stop,1,179.19,debit,0,short_dated|dte=5|long_delta=0.5|lookback=3|short_delta=0.3|sma=20|thresh=0.003
short_dated,is_default,IWM,2021-06-16,2021-06-16,-132.8286,-0.500905,stop,3,265.18,debit,0,short_dated|dte=5|long_delta=0.5|lookback=3|short_delta=0.3|sma=20|thresh=0.003
short_dated,is_default,IWM,2021-06-21,2021-06-21,-114.4999,-0.500700,stop,2,228.68,debit,0,short_dated|dte=5|long_delta=0.5|lookback=3|short_delta=0.3|sma=20|thresh=0.003
short_dated,is_default,SPY,2021-06-21,2021-06-22,-112.9109,-0.596875,stop_gap,1,189.17,debit,0,short_dated|dte=5|long_delta=0.5|lookback=3|short_delta=0.3|sma=20|thresh=0.003
short_dated,is_default,IWM,2021-06-22,2021-06-23,-147.2271,-0.648422,stop_gap,3,227.05,debit,0,short_dated|dte=5|long_delta=0.5|lookback=3|short_delta=0.3|sma=20|thresh=0.003
short_dated,is_default,QQQ,2021-06-22,2021-06-23,163.3738,0.598587,target,2,272.93,debit,0,short_dated|dte=5|long_delta=0.5|lookback=3|short_delta=0.3|sma=20|thresh=0.003
short_dated,is_default,IWM,2021-06-24,2021-06-29,-136.8952,-0.500585,stop,2,273.47,debit,0,short_dated|dte=5|long_delta=0.5|lookback=3|short_delta=0.3|sma=20|thresh=0.003
short_dated,is_default,QQQ,2021-06-24,2021-06-29,112.9267,0.649054,target,1,173.99,debit,0,short_dated|dte=5|long_delta=0.5|lookback=3|short_delta=0.3|sma=20|thresh=0.003
short_dated,is_default,SPY,2021-06-24,2021-07-01,111.9375,0.636135,target,1,175.97,debit,0,short_dated|dte=5|long_delta=0.5|lookback=3|short_delta=0.3|sma=20|thresh=0.003
short_dated,is_default,QQQ,2021-06-30,2021-07-01,-154.4615,-0.554868,stop_gap,3,278.38,debit,0,short_dated|dte=5|long_delta=0.5|lookback=3|short_delta=0.3|sma=20|thresh=0.003
short_dated,is_default,IWM,2021-07-02,2021-07-02,-128.7439,-0.500622,stop,2,257.17,debit,0,short_dated|dte=5|long_delta=0.5|lookback=3|short_delta=0.3|sma=20|thresh=0.003
short_dated,is_default,SPY,2021-07-02,2021-07-06,-129.5028,-0.500619,stop,2,258.69,debit,0,short_dated|dte=5|long_delta=0.5|lookback=3|short_delta=0.3|sma=20|thresh=0.003
short_dated,is_default,QQQ,2021-07-06,2021-07-06,-96.3895,-0.500831,stop,2,192.46,debit,0,short_dated|dte=5|long_delta=0.5|lookback=3|short_delta=0.3|sma=20|thresh=0.003
short_dated,is_default,IWM,2021-07-07,2021-07-07,163.2258,0.597747,target,3,273.07,debit,0,short_dated|dte=5|long_delta=0.5|lookback=3|short_delta=0.3|sma=20|thresh=0.003
short_dated,is_default,QQQ,2021-07-07,2021-07-07,-71.8551,-0.500557,stop,1,143.55,debit,0,short_dated|dte=5|long_delta=0.5|lookback=3|short_delta=0.3|sma=20|thresh=0.003
short_dated,is_default,SPY,2021-07-07,2021-07-07,-138.5091,-0.500868,stop,3,276.54,debit,0,short_dated|dte=5|long_delta=0.5|lookback=3|short_delta=0.3|sma=20|thresh=0.003
short_dated,is_default,IWM,2021-07-08,2021-07-08,-113.6232,-0.500705,stop,2,226.93,debit,0,short_dated|dte=5|long_delta=0.5|lookback=3|short_delta=0.3|sma=20|thresh=0.003
short_dated,is_default,QQQ,2021-07-08,2021-07-12,111.8876,0.635491,target,1,176.06,debit,0,short_dated|dte=5|long_delta=0.5|lookback=3|short_delta=0.3|sma=20|thresh=0.003
short_dated,is_default,SPY,2021-07-08,2021-07-12,113.7094,0.659486,target,1,172.42,debit,0,short_dated|dte=5|long_delta=0.5|lookback=3|short_delta=0.3|sma=20|thresh=0.003
short_dated,is_default,IWM,2021-07-09,2021-07-12,-74.9071,-0.500535,stop,1,149.65,debit,0,short_dated|dte=5|long_delta=0.5|lookback=3|short_delta=0.3|sma=20|thresh=0.003
short_dated,is_default,QQQ,2021-07-13,2021-07-15,-131.9789,-0.500607,stop,2,263.64,debit,0,short_dated|dte=5|long_delta=0.5|lookback=3|short_delta=0.3|sma=20|thresh=0.003
short_dated,is_default,SPY,2021-07-13,2021-07-15,-163.8370,-0.603275,stop_gap,2,271.58,debit,0,short_dated|dte=5|long_delta=0.5|lookback=3|short_delta=0.3|sma=20|thresh=0.003
short_dated,is_default,IWM,2021-07-15,2021-07-19,124.1282,0.818876,target,1,151.58,debit,0,short_dated|dte=5|long_delta=0.5|lookback=3|short_delta=0.3|sma=20|thresh=0.003
short_dated,is_default,IWM,2021-07-20,2021-07-20,-111.6515,-0.500718,stop,2,222.98,debit,0,short_dated|dte=5|long_delta=0.5|lookback=3|short_delta=0.3|sma=20|thresh=0.003
short_dated,is_default,QQQ,2021-07-20,2021-07-20,-78.1580,-0.500512,stop,1,156.16,debit,0,short_dated|dte=5|long_delta=0.5|lookback=3|short_delta=0.3|sma=20|thresh=0.003
short_dated,is_default,SPY,2021-07-20,2021-07-20,-95.1296,-0.500421,stop,1,190.10,debit,0,short_dated|dte=5|long_delta=0.5|lookback=3|short_delta=0.3|sma=20|thresh=0.003
short_dated,is_default,QQQ,2021-07-22,2021-07-23,111.6782,0.632797,target,1,176.48,debit,0,short_dated|dte=5|long_delta=0.5|lookback=3|short_delta=0.3|sma=20|thresh=0.003
short_dated,is_default,SPY,2021-07-22,2021-07-26,111.3905,0.629116,target,1,177.06,debit,0,short_dated|dte=5|long_delta=0.5|lookback=3|short_delta=0.3|sma=20|thresh=0.003
short_dated,is_default,QQQ,2021-07-26,2021-07-27,-131.5483,-0.500914,stop,3,262.62,debit,0,short_dated|dte=5|long_delta=0.5|lookback=3|short_delta=0.3|sma=20|thresh=0.003
short_dated,is_default,IWM,2021-07-27,2021-07-27,183.1312,0.785103,target,3,233.26,debit,0,short_dated|dte=5|long_delta=0.5|lookback=3|short_delta=0.3|sma=20|thresh=0.003
short_dated,is_default,SPY,2021-07-27,2021-07-27,-129.9670,-0.500616,stop,2,259.61,debit,0,short_dated|dte=5|long_delta=0.5|lookback=3|short_delta=0.3|sma=20|thresh=0.003
short_dated,is_default,IWM,2021-07-28,2021-07-28,-126.2853,-0.500952,stop,3,252.09,debit,0,short_dated|dte=5|long_delta=0.5|lookback=3|short_delta=0.3|sma=20|thresh=0.003
short_dated,is_default,SPY,2021-07-28,2021-07-28,-97.8685,-0.500819,stop,2,195.42,debit,0,short_dated|dte=5|long_delta=0.5|lookback=3|short_delta=0.3|sma=20|thresh=0.003
short_dated,is_default,IWM,2021-07-30,2021-08-02,-125.8264,-0.500637,stop,2,251.33,debit,0,short_dated|dte=5|long_delta=0.5|lookback=3|short_delta=0.3|sma=20|thresh=0.003
short_dated,is_default,IWM,2021-08-03,2021-08-05,-117.3587,-0.500683,stop,2,234.40,debit,0,short_dated|dte=5|long_delta=0.5|lookback=3|short_delta=0.3|sma=20|thresh=0.003
short_dated,is_default,IWM,2021-08-06,2021-08-09,-128.9361,-0.500621,stop,2,257.55,debit,0,short_dated|dte=5|long_delta=0.5|lookback=3|short_delta=0.3|sma=20|thresh=0.003
short_dated,is_default,QQQ,2021-08-05,2021-08-10,-107.6824,-0.500372,stop,1,215.20,debit,0,short_dated|dte=5|long_delta=0.5|lookback=3|short_delta=0.3|sma=20|thresh=0.003
short_dated,is_default,IWM,2021-08-10,2021-08-11,-124.8851,-0.500963,stop,3,249.29,debit,0,short_dated|dte=5|long_delta=0.5|lookback=3|short_delta=0.3|sma=20|thresh=0.003
short_dated,is_default,SPY,2021-08-06,2021-08-12,80.6690,0.455454,time,1,177.12,debit,0,short_dated|dte=5|long_delta=0.5|lookback=3|short_delta=0.3|sma=20|thresh=0.003
short_dated,is_default,IWM,2021-08-13,2021-08-16,-201.7785,-0.774409,stop_gap,2,260.56,debit,0,short_dated|dte=5|long_delta=0.5|lookback=3|short_delta=0.3|sma=20|thresh=0.003
short_dated,is_default,SPY,2021-08-13,2021-08-16,-129.4757,-0.500619,stop,2,258.63,debit,0,short_dated|dte=5|long_delta=0.5|lookback=3|short_delta=0.3|sma=20|thresh=0.003
short_dated,is_default,QQQ,2021-08-16,2021-08-16,-133.8032,-0.500898,stop,3,267.13,debit,0,short_dated|dte=5|long_delta=0.5|lookback=3|short_delta=0.3|sma=20|thresh=0.003
short_dated,is_default,QQQ,2021-08-17,2021-08-17,-133.0975,-0.500602,stop,2,265.88,debit,0,short_dated|dte=5|long_delta=0.5|lookback=3|short_delta=0.3|sma=20|thresh=0.003
short_dated,is_default,SPY,2021-08-17,2021-08-17,-135.4876,-0.500591,stop,2,270.66,debit,0,short_dated|dte=5|long_delta=0.5|lookback=3|short_delta=0.3|sma=20|thresh=0.003
short_dated,is_default,IWM,2021-08-17,2021-08-19,174.8204,0.699619,target,3,249.88,debit,0,short_dated|dte=5|long_delta=0.5|lookback=3|short_delta=0.3|sma=20|thresh=0.003
short_dated,is_default,QQQ,2021-08-18,2021-08-19,186.2983,0.820396,target,2,227.08,debit,0,short_dated|dte=5|long_delta=0.5|lookback=3|short_delta=0.3|sma=20|thresh=0.003
short_dated,is_default,IWM,2021-08-20,2021-08-23,-127.6544,-0.831250,stop_gap,1,153.57,debit,0,short_dated|dte=5|long_delta=0.5|lookback=3|short_delta=0.3|sma=20|thresh=0.003
short_dated,is_default,QQQ,2021-08-20,2021-08-23,-136.4426,-0.607481,stop_gap,1,224.60,debit,0,short_dated|dte=5|long_delta=0.5|lookback=3|short_delta=0.3|sma=20|thresh=0.003
short_dated,is_default,SPY,2021-08-20,2021-08-23,-177.3985,-0.688326,stop_gap,1,257.72,debit,0,short_dated|dte=5|long_delta=0.5|lookback=3|short_delta=0.3|sma=20|thresh=0.003
short_dated,is_default,IWM,2021-08-25,2021-08-25,-136.5161,-0.501469,stop,5,272.23,debit,0,short_dated|dte=5|long_delta=0.5|lookback=3|short_delta=0.3|sma=20|thresh=0.003
short_dated,is_default,QQQ,2021-08-24,2021-08-26,-128.2615,-0.500625,stop,2,256.20,debit,0,short_dated|dte=5|long_delta=0.5|lookback=3|short_delta=0.3|sma=20|thresh=0.003
short_dated,is_default,SPY,2021-08-24,2021-08-26,-131.9100,-0.500607,stop,2,263.50,debit,0,short_dated|dte=5|long_delta=0.5|lookback=3|short_delta=0.3|sma=20|thresh=0.003
short_dated,is_default,IWM,2021-08-26,2021-08-30,81.7761,0.600025,target,1,136.29,debit,0,short_dated|dte=5|long_delta=0.5|lookback=3|short_delta=0.3|sma=20|thresh=0.003
short_dated,is_default,QQQ,2021-08-30,2021-09-01,171.5569,0.668665,target,2,256.57,debit,0,short_dated|dte=5|long_delta=0.5|lookback=3|short_delta=0.3|sma=20|thresh=0.003
short_dated,is_default,SPY,2021-08-30,2021-09-02,89.0956,0.337155,time,2,264.26,debit,0,short_dated|dte=5|long_delta=0.5|lookback=3|short_delta=0.3|sma=20|thresh=0.003
short_dated,is_default,IWM,2021-08-31,2021-09-02,107.0483,0.576821,target,2,185.58,debit,0,short_dated|dte=5|long_delta=0.5|lookback=3|short_delta=0.3|sma=20|thresh=0.003
short_dated,is_default,IWM,2021-09-03,2021-09-07,-136.2151,-0.500588,stop,2,272.11,debit,0,short_dated|dte=5|long_delta=0.5|lookback=3|short_delta=0.3|sma=20|thresh=0.003
short_dated,is_default,QQQ,2021-09-02,2021-09-08,-88.4947,-0.500452,stop,1,176.83,debit,0,short_dated|dte=5|long_delta=0.5|lookback=3|short_delta=0.3|sma=20|thresh=0.003
short_dated,is_default,SPY,2021-09-07,2021-09-08,-131.7907,-0.500912,stop,3,263.10,debit,0,short_dated|dte=5|long_delta=0.5|lookback=3|short_delta=0.3|sma=20|thresh=0.003
short_dated,is_default,IWM,2021-09-13,2021-09-16,-27.5506,-0.189066,time,1,145.72,debit,0,short_dated|dte=5|long_delta=0.5|lookback=3|short_delta=0.3|sma=20|thresh=0.003
short_dated,is_default,SPY,2021-09-13,2021-09-16,-18.1090,-0.079613,time,1,227.46,debit,0,short_dated|dte=5|long_delta=0.5|lookback=3|short_delta=0.3|sma=20|thresh=0.003
short_dated,is_default,QQQ,2021-09-16,2021-09-20,-189.2518,-0.889033,stop_gap,1,212.87,debit,0,short_dated|dte=5|long_delta=0.5|lookback=3|short_delta=0.3|sma=20|thresh=0.003
short_dated,is_default,IWM,2021-09-17,2021-09-20,122.1643,0.785565,target,1,155.51,debit,0,short_dated|dte=5|long_delta=0.5|lookback=3|short_delta=0.3|sma=20|thresh=0.003
short_dated,is_default,SPY,2021-09-20,2021-09-22,-94.2666,-0.500425,stop,1,188.37,debit,0,short_dated|dte=5|long_delta=0.5|lookback=3|short_delta=0.3|sma=20|thresh=0.003
short_dated,is_default,IWM,2021-09-21,2021-09-22,-75.8716,-0.500528,stop,1,151.58,debit,0,short_dated|dte=5|long_delta=0.5|lookback=3|short_delta=0.3|sma=20|thresh=0.003
short_dated,is_default,QQQ,2021-09-21,2021-09-22,-112.7849,-0.500355,stop,1,225.41,debit,0,short_dated|dte=5|long_delta=0.5|lookback=3|short_delta=0.3|sma=20|thresh=0.003
short_dated,is_default,IWM,2021-09-23,2021-09-27,-76.4994,-0.500523,stop,1,152.84,debit,0,short_dated|dte=5|long_delta=0.5|lookback=3|short_delta=0.3|sma=20|thresh=0.003
short_dated,is_default,SPY,2021-09-23,2021-09-27,-135.6445,-0.514689,stop_gap,1,263.55,debit,0,short_dated|dte=5|long_delta=0.5|lookback=3|short_delta=0.3|sma=20|thresh=0.003
short_dated,is_default,QQQ,2021-09-23,2021-09-28,220.1938,0.848687,target,1,259.45,debit,0,short_dated|dte=5|long_delta=0.5|lookback=3|short_delta=0.3|sma=20|thresh=0.003
short_dated,is_default,IWM,2021-09-28,2021-09-28,-67.8044,-0.500591,stop,1,135.45,debit,0,short_dated|dte=5|long_delta=0.5|lookback=3|short_delta=0.3|sma=20|thresh=0.003
short_dated,is_default,IWM,2021-09-29,2021-09-30,174.3703,0.695313,target,3,250.78,debit,0,short_dated|dte=5|long_delta=0.5|lookback=3|short_delta=0.3|sma=20|thresh=0.003
short_dated,is_default,QQQ,2021-09-29,2021-09-30,56.4518,0.366296,time,1,154.12,debit,0,short_dated|dte=5|long_delta=0.5|lookback=3|short_delta=0.3|sma=20|thresh=0.003
short_dated,is_default,SPY,2021-09-29,2021-09-30,-77.4721,-0.500517,stop,1,154.78,debit,0,short_dated|dte=5|long_delta=0.5|lookback=3|short_delta=0.3|sma=20|thresh=0.003
short_dated,is_default,QQQ,2021-10-01,2021-10-04,215.4019,0.800642,target,1,269.04,debit,0,short_dated|dte=5|long_delta=0.5|lookback=3|short_delta=0.3|sma=20|thresh=0.003
short_dated,is_default,IWM,2021-10-01,2021-10-05,-93.7952,-0.500427,stop,1,187.43,debit,0,short_dated|dte=5|long_delta=0.5|lookback=3|short_delta=0.3|sma=20|thresh=0.003
short_dated,is_default,SPY,2021-10-01,2021-10-05,-132.5737,-0.500302,stop,1,264.99,debit,0,short_dated|dte=5|long_delta=0.5|lookback=3|short_delta=0.3|sma=20|thresh=0.003
short_dated,is_default,QQQ,2021-10-05,2021-10-05,-94.9088,-0.500422,stop,1,189.66,debit,0,short_dated|dte=5|long_delta=0.5|lookback=3|short_delta=0.3|sma=20|thresh=0.003
short_dated,is_default,IWM,2021-10-07,2021-10-13,-96.1128,-0.500417,stop,1,192.07,debit,0,short_dated|dte=5|long_delta=0.5|lookback=3|short_delta=0.3|sma=20|thresh=0.003
short_dated,is_default,QQQ,2021-10-12,2021-10-14,-125.0352,-0.823249,stop_gap,1,151.88,debit,0,short_dated|dte=5|long_delta=0.5|lookback=3|short_delta=0.3|sma=20|thresh=0.003
short_dated,is_default,SPY,2021-10-13,2021-10-14,-129.6343,-0.833395,stop_gap,1,155.55,debit,0,short_dated|dte=5|long_delta=0.5|lookback=3|short_delta=0.3|sma=20|thresh=0.003
short_dated,is_default,QQQ,2021-10-15,2021-10-19,112.0009,0.636955,target,1,175.84,debit,0,short_dated|dte=5|long_delta=0.5|lookback=3|short_delta=0.3|sma=20|thresh=0.003
short_dated,is_default,SPY,2021-10-15,2021-10-19,112.3581,0.641593,target,1,175.12,debit,0,short_dated|dte=5|long_delta=0.5|lookback=3|short_delta=0.3|sma=20|thresh=0.003
short_dated,is_default,QQQ,2021-10-20,2021-10-20,-97.4292,-0.500822,stop,2,194.54,debit,0,short_dated|dte=5|long_delta=0.5|lookback=3|short_delta=0.3|sma=20|thresh=0.003
short_dated,is_default,IWM,2021-10-14,2021-10-21,167.0933,0.629369,target,2,265.49,debit,0,short_dated|dte=5|long_delta=0.5|lookback=3|short_delta=0.3|sma=20|thresh=0.003
short_dated,is_default,SPY,2021-10-20,2021-10-21,65.9689,0.326425,time,2,202.10,debit,0,short_dated|dte=5|long_delta=0.5|lookback=3|short_delta=0.3|sma=20|thresh=0.003
short_dated,is_default,QQQ,2021-10-21,2021-10-26,108.9432,0.598742,target,1,181.95,debit,0,short_dated|dte=5|long_delta=0.5|lookback=3|short_delta=0.3|sma=20|thresh=0.003
short_dated,is_default,SPY,2021-10-22,2021-10-26,112.1389,0.638741,target,1,175.56,debit,0,short_dated|dte=5|long_delta=0.5|lookback=3|short_delta=0.3|sma=20|thresh=0.003
short_dated,is_default,IWM,2021-10-22,2021-10-27,-90.0592,-0.500890,stop,2,179.80,debit,0,short_dated|dte=5|long_delta=0.5|lookback=3|short_delta=0.3|sma=20|thresh=0.003
short_dated,is_default,SPY,2021-10-27,2021-10-27,-72.0292,-0.500556,stop,1,143.90,debit,0,short_dated|dte=5|long_delta=0.5|lookback=3|short_delta=0.3|sma=20|thresh=0.003
short_dated,is_default,QQQ,2021-10-27,2021-10-28,106.3696,0.569002,target,2,186.94,debit,0,short_dated|dte=5|long_delta=0.5|lookback=3|short_delta=0.3|sma=20|thresh=0.003
short_dated,is_default,IWM,2021-10-28,2021-10-29,-76.0757,-0.500526,stop,1,151.99,debit,0,short_dated|dte=5|long_delta=0.5|lookback=3|short_delta=0.3|sma=20|thresh=0.003
short_dated,is_default,QQQ,2021-10-29,2021-11-01,141.8968,0.656789,target,1,216.05,debit,0,short_dated|dte=5|long_delta=0.5|lookback=3|short_delta=0.3|sma=20|thresh=0.003
short_dated,is_default,SPY,2021-10-29,2021-11-02,111.4538,0.629923,target,1,176.93,debit,0,short_dated|dte=5|long_delta=0.5|lookback=3|short_delta=0.3|sma=20|thresh=0.003
short_dated,is_default,IWM,2021-11-02,2021-11-03,165.1936,0.613435,target,2,269.29,debit,0,short_dated|dte=5|long_delta=0.5|lookback=3|short_delta=0.3|sma=20|thresh=0.003
short_dated,is_default,QQQ,2021-11-02,2021-11-03,167.6112,0.633792,target,2,264.46,debit,0,short_dated|dte=5|long_delta=0.5|lookback=3|short_delta=0.3|sma=20|thresh=0.003
short_dated,is_default,SPY,2021-11-03,2021-11-04,79.2859,0.561244,target,1,141.27,debit,0,short_dated|dte=5|long_delta=0.5|lookback=3|short_delta=0.3|sma=20|thresh=0.003
short_dated,is_default,IWM,2021-11-04,2021-11-08,171.3428,0.666718,target,2,256.99,debit,0,short_dated|dte=5|long_delta=0.5|lookback=3|short_delta=0.3|sma=20|thresh=0.003
short_dated,is_default,SPY,2021-11-05,2021-11-09,-91.1800,-0.500439,stop,1,182.20,debit,0,short_dated|dte=5|long_delta=0.5|lookback=3|short_delta=0.3|sma=20|thresh=0.003
short_dated,is_default,IWM,2021-11-09,2021-11-09,-91.5959,-0.500875,stop,2,182.87,debit,0,short_dated|dte=5|long_delta=0.5|lookback=3|short_delta=0.3|sma=20|thresh=0.003
short_dated,is_default,QQQ,2021-11-04,2021-11-10,-96.6386,-0.550916,stop_gap,1,175.41,debit,0,short_dated|dte=5|long_delta=0.5|lookback=3|short_delta=0.3|sma=20|thresh=0.003
short_dated,is_default,IWM,2021-11-10,2021-11-10,-97.0695,-0.500826,stop,2,193.82,debit,0,short_dated|dte=5|long_delta=0.5|lookback=3|short_delta=0.3|sma=20|thresh=0.003
short_dated,is_default,IWM,2021-11-16,2021-11-17,-126.8661,-0.500948,stop,3,253.25,debit,0,short_dated|dte=5|long_delta=0.5|lookback=3|short_delta=0.3|sma=20|thresh=0.003
short_dated,is_default,QQQ,2021-11-16,2021-11-17,169.7028,0.652015,target,2,260.27,debit,0,short_dated|dte=5|long_delta=0.5|lookback=3|short_delta=0.3|sma=20|thresh=0.003
short_dated,is_default,SPY,2021-11-16,2021-11-18,-132.7632,-0.500603,stop,2,265.21,debit,0,short_dated|dte=5|long_delta=0.5|lookback=3|short_delta=0.3|sma=20|thresh=0.003
short_dated,is_default,QQQ,2021-11-18,2021-11-22,112.8468,0.647999,target,1,174.15,debit,0,short_dated|dte=5|long_delta=0.5|lookback=3|short_delta=0.3|sma=20|thresh=0.003
short_dated,is_default,IWM,2021-11-19,2021-11-22,-109.8118,-0.500730,stop,2,219.30,debit,0,short_dated|dte=5|long_delta=0.5|lookback=3|short_delta=0.3|sma=20|thresh=0.003
short_dated,is_default,SPY,2021-11-19,2021-11-23,-84.3401,-0.500475,stop,1,168.52,debit,0,short_dated|dte=5|long_delta=0.5|lookback=3|short_delta=0.3|sma=20|thresh=0.003
short_dated,is_default,QQQ,2021-11-23,2021-11-23,-87.6562,-0.500457,stop,1,175.15,debit,0,short_dated|dte=5|long_delta=0.5|lookback=3|short_delta=0.3|sma=20|thresh=0.003
short_dated,is_default,IWM,2021-11-23,2021-11-26,189.8182,0.863267,target,3,219.88,debit,0,short_dated|dte=5|long_delta=0.5|lookback=3|short_delta=0.3|sma=20|thresh=0.003
short_dated,is_default,IWM,2021-11-29,2021-11-30,156.0251,0.830849,target,1,187.79,debit,0,short_dated|dte=5|long_delta=0.5|lookback=3|short_delta=0.3|sma=20|thresh=0.003
short_dated,is_default,QQQ,2021-11-29,2021-11-30,-130.7294,-0.500306,stop,1,261.30,debit,0,short_dated|dte=5|long_delta=0.5|lookback=3|short_delta=0.3|sma=20|thresh=0.003
short_dated,is_default,SPY,2021-11-30,2021-12-01,157.0437,0.845446,target,1,185.75,debit,0,short_dated|dte=5|long_delta=0.5|lookback=3|short_delta=0.3|sma=20|thresh=0.003
short_dated,is_default,IWM,2021-12-01,2021-12-01,179.6979,0.747855,target,2,240.28,debit,0,short_dated|dte=5|long_delta=0.5|lookback=3|short_delta=0.3|sma=20|thresh=0.003
short_dated,is_default,QQQ,2021-12-01,2021-12-01,122.1935,0.786048,target,1,155.45,debit,0,short_dated|dte=5|long_delta=0.5|lookback=3|short_delta=0.3|sma=20|thresh=0.003
short_dated,is_default,IWM,2021-12-03,2021-12-07,-136.9283,-0.500292,stop,1,273.70,debit,0,short_dated|dte=5|long_delta=0.5|lookback=3|short_delta=0.3|sma=20|thresh=0.003
short_dated,is_default,QQQ,2021-12-08,2021-12-09,-91.5262,-0.500437,stop,1,182.89,debit,0,short_dated|dte=5|long_delta=0.5|lookback=3|short_delta=0.3|sma=20|thresh=0.003
short_dated,is_default,SPY,2021-12-08,2021-12-09,-70.0622,-0.500572,stop,1,139.96,debit,0,short_dated|dte=5|long_delta=0.5|lookback=3|short_delta=0.3|sma=20|thresh=0.003
short_dated,is_default,IWM,2021-12-13,2021-12-14,192.9896,0.903083,target,2,213.70,debit,0,short_dated|dte=5|long_delta=0.5|lookback=3|short_delta=0.3|sma=20|thresh=0.003
short_dated,is_default,SPY,2021-12-13,2021-12-14,-136.6124,-0.767408,stop_gap,1,178.02,debit,0,short_dated|dte=5|long_delta=0.5|lookback=3|short_delta=0.3|sma=20|thresh=0.003
short_dated,is_default,QQQ,2021-12-14,2021-12-15,-73.1594,-0.500547,stop,1,146.16,debit,0,short_dated|dte=5|long_delta=0.5|lookback=3|short_delta=0.3|sma=20|thresh=0.003
short_dated,is_default,IWM,2021-12-15,2021-12-15,-127.2525,-0.500945,stop,3,254.03,debit,0,short_dated|dte=5|long_delta=0.5|lookback=3|short_delta=0.3|sma=20|thresh=0.003
short_dated,is_default,SPY,2021-12-15,2021-12-15,-73.3936,-0.500546,stop,1,146.63,debit,0,short_dated|dte=5|long_delta=0.5|lookback=3|short_delta=0.3|sma=20|thresh=0.003
short_dated,is_default,IWM,2021-12-16,2021-12-16,152.3366,0.780546,target,1,195.17,debit,0,short_dated|dte=5|long_delta=0.5|lookback=3|short_delta=0.3|sma=20|thresh=0.003
short_dated,is_default,IWM,2021-12-17,2021-12-17,-76.0588,-0.500526,stop,1,151.96,debit,0,short_dated|dte=5|long_delta=0.5|lookback=3|short_delta=0.3|sma=20|thresh=0.003
short_dated,is_default,QQQ,2021-12-17,2021-12-21,-111.2633,-0.500360,stop,1,222.37,debit,0,short_dated|dte=5|long_delta=0.5|lookback=3|short_delta=0.3|sma=20|thresh=0.003
short_dated,is_default,SPY,2021-12-20,2021-12-21,-112.5202,-0.500356,stop,1,224.88,debit,0,short_dated|dte=5|long_delta=0.5|lookback=3|short_delta=0.3|sma=20|thresh=0.003
short_dated,is_default,IWM,2021-12-21,2021-12-21,-112.9025,-0.500710,stop,2,225.49,debit,0,short_dated|dte=5|long_delta=0.5|lookback=3|short_delta=0.3|sma=20|thresh=0.003
short_dated,is_default,QQQ,2021-12-23,2021-12-27,170.1502,0.655585,target,1,259.54,debit,0,short_dated|dte=5|long_delta=0.5|lookback=3|short_delta=0.3|sma=20|thresh=0.003
short_dated,is_default,SPY,2021-12-23,2021-12-27,142.6637,0.665059,target,1,214.51,debit,0,short_dated|dte=5|long_delta=0.5|lookback=3|short_delta=0.3|sma=20|thresh=0.003
short_dated,is_default,IWM,2021-12-23,2021-12-28,113.4793,0.656399,target,1,172.88,debit,0,short_dated|dte=5|long_delta=0.5|lookback=3|short_delta=0.3|sma=20|thresh=0.003
short_dated,is_default,QQQ,2021-12-28,2021-12-28,-89.3795,-0.500448,stop,1,178.60,debit,0,short_dated|dte=5|long_delta=0.5|lookback=3|short_delta=0.3|sma=20|thresh=0.003
short_dated,is_default,IWM,2021-12-29,2021-12-29,-135.2769,-0.501483,stop,5,269.75,debit,0,short_dated|dte=5|long_delta=0.5|lookback=3|short_delta=0.3|sma=20|thresh=0.003
short_dated,is_default,QQQ,2021-12-29,2021-12-29,-97.9954,-0.500818,stop,2,195.67,debit,0,short_dated|dte=5|long_delta=0.5|lookback=3|short_delta=0.3|sma=20|thresh=0.003
short_dated,is_default,SPY,2021-12-28,2021-12-30,-130.0641,-0.500616,stop,2,259.81,debit,0,short_dated|dte=5|long_delta=0.5|lookback=3|short_delta=0.3|sma=20|thresh=0.003
short_dated,is_default,QQQ,2021-12-30,2022-01-03,-112.2587,-0.500357,stop,1,224.36,debit,0,short_dated|dte=5|long_delta=0.5|lookback=3|short_delta=0.3|sma=20|thresh=0.003
short_dated,is_default,IWM,2021-12-30,2022-01-04,168.9278,0.645195,target,2,261.82,debit,0,short_dated|dte=5|long_delta=0.5|lookback=3|short_delta=0.3|sma=20|thresh=0.003
short_dated,is_default,IWM,2022-01-05,2022-01-05,-111.2244,-0.501443,stop,4,221.81,debit,0,short_dated|dte=5|long_delta=0.5|lookback=3|short_delta=0.3|sma=20|thresh=0.003
short_dated,is_default,IWM,2022-01-06,2022-01-10,121.4137,0.773274,target,1,157.01,debit,0,short_dated|dte=5|long_delta=0.5|lookback=3|short_delta=0.3|sma=20|thresh=0.003
short_dated,is_default,SPY,2022-01-06,2022-01-10,219.0362,0.836759,target,1,261.77,debit,0,short_dated|dte=5|long_delta=0.5|lookback=3|short_delta=0.3|sma=20|thresh=0.003
short_dated,is_default,QQQ,2022-01-07,2022-01-10,186.7548,0.825143,target,1,226.33,debit,0,short_dated|dte=5|long_delta=0.5|lookback=3|short_delta=0.3|sma=20|thresh=0.003
short_dated,is_default,QQQ,2022-01-11,2022-01-11,-73.1418,-0.500547,stop,1,146.12,debit,0,short_dated|dte=5|long_delta=0.5|lookback=3|short_delta=0.3|sma=20|thresh=0.003
short_dated,is_default,SPY,2022-01-11,2022-01-11,-73.5434,-0.500544,stop,1,146.93,debit,0,short_dated|dte=5|long_delta=0.5|lookback=3|short_delta=0.3|sma=20|thresh=0.003
short_dated,is_default,IWM,2022-01-11,2022-01-12,-172.4535,-0.714179,stop_gap,2,241.47,debit,0,short_dated|dte=5|long_delta=0.5|lookback=3|short_delta=0.3|sma=20|thresh=0.003
short_dated,is_default,SPY,2022-01-12,2022-01-12,-97.3041,-0.500824,stop,2,194.29,debit,0,short_dated|dte=5|long_delta=0.5|lookback=3|short_delta=0.3|sma=20|thresh=0.003
short_dated,is_default,SPY,2022-01-13,2022-01-13,-111.8001,-0.500358,stop,1,223.44,debit,0,short_dated|dte=5|long_delta=0.5|lookback=3|short_delta=0.3|sma=20|thresh=0.003
short_dated,is_default,IWM,2022-01-14,2022-01-19,123.9228,0.815312,target,1,151.99,debit,0,short_dated|dte=5|long_delta=0.5|lookback=3|short_delta=0.3|sma=20|thresh=0.003
short_dated,is_default,QQQ,2022-01-14,2022-01-19,219.7625,0.844218,target,1,260.31,debit,0,short_dated|dte=5|long_delta=0.5|lookback=3|short_delta=0.3|sma=20|thresh=0.003
short_dated,is_default,SPY,2022-01-18,2022-01-19,123.3151,0.804878,target,1,153.21,debit,0,short_dated|dte=5|long_delta=0.5|lookback=3|short_delta=0.3|sma=20|thresh=0.003
short_dated,is_default,IWM,2022-01-20,2022-01-21,184.1954,0.795835,target,1,231.45,debit,0,short_dated|dte=5|long_delta=0.5|lookback=3|short_delta=0.3|sma=20|thresh=0.003
short_dated,is_default,IWM,2022-01-24,2022-01-24,-75.6953,-0.500529,stop,1,151.23,debit,0,short_dated|dte=5|long_delta=0.5|lookback=3|short_delta=0.3|sma=20|thresh=0.003
short_dated,is_default,QQQ,2022-01-24,2022-01-24,-131.5320,-0.500304,stop,1,262.90,debit,0,short_dated|dte=5|long_delta=0.5|lookback=3|short_delta=0.3|sma=20|thresh=0.003
short_dated,is_default,SPY,2022-01-24,2022-01-24,-132.1294,-0.500303,stop,1,264.10,debit,0,short_dated|dte=5|long_delta=0.5|lookback=3|short_delta=0.3|sma=20|thresh=0.003
short_dated,is_default,IWM,2022-01-25,2022-01-26,-96.1718,-0.500416,stop,1,192.18,debit,0,short_dated|dte=5|long_delta=0.5|lookback=3|short_delta=0.3|sma=20|thresh=0.003
short_dated,is_default,QQQ,2022-01-25,2022-01-26,-134.2403,-0.500298,stop,1,268.32,debit,0,short_dated|dte=5|long_delta=0.5|lookback=3|short_delta=0.3|sma=20|thresh=0.003
short_dated,is_default,SPY,2022-01-25,2022-01-26,-151.0390,-0.572590,stop_gap,1,263.78,debit,0,short_dated|dte=5|long_delta=0.5|lookback=3|short_delta=0.3|sma=20|thresh=0.003
short_dated,is_default,IWM,2022-01-28,2022-01-31,-115.6768,-0.500346,stop,1,231.19,debit,0,short_dated|dte=5|long_delta=0.5|lookback=3|short_delta=0.3|sma=20|thresh=0.003
short_dated,is_default,IWM,2022-02-04,2022-02-07,-77.6927,-0.500515,stop,1,155.23,debit,0,short_dated|dte=5|long_delta=0.5|lookback=3|short_delta=0.3|sma=20|thresh=0.003
short_dated,is_default,IWM,2022-02-08,2022-02-08,-122.0226,-0.500656,stop,2,243.73,debit,0,short_dated|dte=5|long_delta=0.5|lookback=3|short_delta=0.3|sma=20|thresh=0.003
short_dated,is_default,QQQ,2022-02-07,2022-02-09,-151.1184,-0.662558,stop_gap,1,228.08,debit,0,short_dated|dte=5|long_delta=0.5|lookback=3|short_delta=0.3|sma=20|thresh=0.003
short_dated,is_default,SPY,2022-02-07,2022-02-09,-164.3272,-0.719514,stop_gap,1,228.39,debit,0,short_dated|dte=5|long_delta=0.5|lookback=3|short_delta=0.3|sma=20|thresh=0.003
short_dated,is_default,QQQ,2022-02-10,2022-02-11,-129.8311,-0.500308,stop,1,259.50,debit,0,short_dated|dte=5|long_delta=0.5|lookback=3|short_delta=0.3|sma=20|thresh=0.003
short_dated,is_default,IWM,2022-02-10,2022-02-14,-86.2964,-0.500464,stop,1,172.43,debit,0,short_dated|dte=5|long_delta=0.5|lookback=3|short_delta=0.3|sma=20|thresh=0.003
short_dated,is_default,SPY,2022-02-14,2022-02-15,-129.7864,-0.500308,stop,1,259.41,debit,0,short_dated|dte=5|long_delta=0.5|lookback=3|short_delta=0.3|sma=20|thresh=0.003
short_dated,is_default,QQQ,2022-02-15,2022-02-16,-111.6373,-0.500359,stop,1,223.11,debit,0,short_dated|dte=5|long_delta=0.5|lookback=3|short_delta=0.3|sma=20|thresh=0.003
short_dated,is_default,IWM,2022-02-16,2022-02-17,-69.4165,-0.500577,stop,1,138.67,debit,0,short_dated|dte=5|long_delta=0.5|lookback=3|short_delta=0.3|sma=20|thresh=0.003
short_dated,is_default,IWM,2022-02-22,2022-02-23,123.4720,0.807556,target,1,152.90,debit,0,short_dated|dte=5|long_delta=0.5|lookback=3|short_delta=0.3|sma=20|thresh=0.003
short_dated,is_default,QQQ,2022-02-22,2022-02-23,186.9703,0.827670,target,1,225.90,debit,0,short_dated|dte=5|long_delta=0.5|lookback=3|short_delta=0.3|sma=20|thresh=0.003
short_dated,is_default,SPY,2022-02-22,2022-02-23,189.3679,0.856464,target,1,221.10,debit,0,short_dated|dte=5|long_delta=0.5|lookback=3|short_delta=0.3|sma=20|thresh=0.003
short_dated,is_default,IWM,2022-02-24,2022-02-24,-117.7090,-0.500340,stop,1,235.26,debit,0,short_dated|dte=5|long_delta=0.5|lookback=3|short_delta=0.3|sma=20|thresh=0.003
short_dated,is_default,IWM,2022-02-25,2022-02-28,-97.8284,-0.500409,stop,1,195.50,debit,0,short_dated|dte=5|long_delta=0.5|lookback=3|short_delta=0.3|sma=20|thresh=0.003
short_dated,is_default,IWM,2022-03-01,2022-03-01,-129.1685,-0.500620,stop,2,258.02,debit,0,short_dated|dte=5|long_delta=0.5|lookback=3|short_delta=0.3|sma=20|thresh=0.003
short_dated,is_default,IWM,2022-03-03,2022-03-04,-140.8772,-0.554571,stop_gap,1,254.03,debit,0,short_dated|dte=5|long_delta=0.5|lookback=3|short_delta=0.3|sma=20|thresh=0.003
short_dated,is_default,QQQ,2022-03-07,2022-03-07,189.0169,0.852171,target,1,221.81,debit,0,short_dated|dte=5|long_delta=0.5|lookback=3|short_delta=0.3|sma=20|thresh=0.003
short_dated,is_default,QQQ,2022-03-08,2022-03-08,-113.3182,-0.500353,stop,1,226.48,debit,0,short_dated|dte=5|long_delta=0.5|lookback=3|short_delta=0.3|sma=20|thresh=0.003
short_dated,is_default,IWM,2022-03-07,2022-03-10,-67.0782,-0.453990,time,1,147.75,debit,0,short_dated|dte=5|long_delta=0.5|lookback=3|short_delta=0.3|sma=20|thresh=0.003
short_dated,is_default,QQQ,2022-03-09,2022-03-10,-28.5198,-0.142855,time,1,199.64,debit,0,short_dated|dte=5|long_delta=0.5|lookback=3|short_delta=0.3|sma=20|thresh=0.003
short_dated,is_default,SPY,2022-03-09,2022-03-10,-58.6816,-0.256523,time,1,228.76,debit,0,short_dated|dte=5|long_delta=0.5|lookback=3|short_delta=0.3|sma=20|thresh=0.003
short_dated,is_default,QQQ,2022-03-15,2022-03-15,-113.4881,-0.500353,stop,1,226.82,debit,0,short_dated|dte=5|long_delta=0.5|lookback=3|short_delta=0.3|sma=20|thresh=0.003
short_dated,is_default,IWM,2022-03-15,2022-03-16,-106.6376,-0.668129,stop_gap,1,159.61,debit,0,short_dated|dte=5|long_delta=0.5|lookback=3|short_delta=0.3|sma=20|thresh=0.003
short_dated,is_default,QQQ,2022-03-16,2022-03-16,-93.3035,-0.500429,stop,1,186.45,debit,0,short_dated|dte=5|long_delta=0.5|lookback=3|short_delta=0.3|sma=20|thresh=0.003
short_dated,is_default,IWM,2022-03-17,2022-03-21,144.1134,0.681023,target,1,211.61,debit,0,short_dated|dte=5|long_delta=0.5|lookback=3|short_delta=0.3|sma=20|thresh=0.003
short_dated,is_default,QQQ,2022-03-21,2022-03-22,139.6524,0.633243,target,1,220.54,debit,0,short_dated|dte=5|long_delta=0.5|lookback=3|short_delta=0.3|sma=20|thresh=0.003
short_dated,is_default,IWM,2022-03-22,2022-03-23,-68.2127,-0.500587,stop,1,136.27,debit,0,short_dated|dte=5|long_delta=0.5|lookback=3|short_delta=0.3|sma=20|thresh=0.003
short_dated,is_default,SPY,2022-03-21,2022-03-24,169.1420,0.646676,target,1,261.56,debit,0,short_dated|dte=5|long_delta=0.5|lookback=3|short_delta=0.3|sma=20|thresh=0.003
short_dated,is_default,QQQ,2022-03-23,2022-03-24,-89.4846,-0.500447,stop,1,178.81,debit,0,short_dated|dte=5|long_delta=0.5|lookback=3|short_delta=0.3|sma=20|thresh=0.003
short_dated,is_default,QQQ,2022-03-25,2022-03-29,170.4913,0.658630,target,1,258.86,debit,0,short_dated|dte=5|long_delta=0.5|lookback=3|short_delta=0.3|sma=20|thresh=0.003
short_dated,is_default,SPY,2022-03-28,2022-03-29,109.7072,0.608047,target,1,180.43,debit,0,short_dated|dte=5|long_delta=0.5|lookback=3|short_delta=0.3|sma=20|thresh=0.003
short_dated,is_default,IWM,2022-03-29,2022-03-29,108.1608,0.589887,target,2,183.36,debit,0,short_dated|dte=5|long_delta=0.5|lookback=3|short_delta=0.3|sma=20|thresh=0.003
short_dated,is_default,IWM,2022-03-30,2022-03-30,-103.4274,-0.500775,stop,2,206.53,debit,0,short_dated|dte=5|long_delta=0.5|lookback=3|short_delta=0.3|sma=20|thresh=0.003
short_dated,is_default,QQQ,2022-03-30,2022-03-30,-90.9157,-0.500440,stop,1,181.67,debit,0,short_dated|dte=5|long_delta=0.5|lookback=3|short_delta=0.3|sma=20|thresh=0.003
short_dated,is_default,SPY,2022-03-30,2022-03-30,-73.5718,-0.500544,stop,1,146.98,debit,0,short_dated|dte=5|long_delta=0.5|lookback=3|short_delta=0.3|sma=20|thresh=0.003
short_dated,is_default,SPY,2022-03-31,2022-03-31,-129.5216,-0.500309,stop,1,258.88,debit,0,short_dated|dte=5|long_delta=0.5|lookback=3|short_delta=0.3|sma=20|thresh=0.003
short_dated,is_default,IWM,2022-03-31,2022-04-05,-87.7382,-0.500456,stop,1,175.32,debit,0,short_dated|dte=5|long_delta=0.5|lookback=3|short_delta=0.3|sma=20|thresh=0.003
short_dated,is_default,QQQ,2022-04-05,2022-04-05,-67.3267,-0.500595,stop,1,134.49,debit,0,short_dated|dte=5|long_delta=0.5|lookback=3|short_delta=0.3|sma=20|thresh=0.003
short_dated,is_default,IWM,2022-04-06,2022-04-07,184.8009,0.803768,target,3,229.92,debit,0,short_dated|dte=5|long_delta=0.5|lookback=3|short_delta=0.3|sma=20|thresh=0.003
short_dated,is_default,IWM,2022-04-08,2022-04-12,-114.3429,-0.500701,stop,2,228.37,debit,0,short_dated|dte=5|long_delta=0.5|lookback=3|short_delta=0.3|sma=20|thresh=0.003
short_dated,is_default,IWM,2022-04-13,2022-04-13,-89.8537,-0.500892,stop,2,179.39,debit,0,short_dated|dte=5|long_delta=0.5|lookback=3|short_delta=0.3|sma=20|thresh=0.003
short_dated,is_default,QQQ,2022-04-11,2022-04-14,-103.4512,-0.558493,stop_gap,1,185.23,debit,0,short_dated|dte=5|long_delta=0.5|lookback=3|short_delta=0.3|sma=20|thresh=0.003
short_dated,is_default,SPY,2022-04-12,2022-04-14,-92.4696,-0.500433,stop,1,184.78,debit,0,short_dated|dte=5|long_delta=0.5|lookback=3|short_delta=0.3|sma=20|thresh=0.003
short_dated,is_default,QQQ,2022-04-18,2022-04-19,-74.2710,-0.500539,stop,1,148.38,debit,0,short_dated|dte=5|long_delta=0.5|lookback=3|short_delta=0.3|sma=20|thresh=0.003
short_dated,is_default,SPY,2022-04-18,2022-04-19,-94.3192,-0.500424,stop,1,188.48,debit,0,short_dated|dte=5|long_delta=0.5|lookback=3|short_delta=0.3|sma=20|thresh=0.003
short_dated,is_default,QQQ,2022-04-26,2022-04-26,184.3370,0.797423,target,1,231.17,debit,0,short_dated|dte=5|long_delta=0.5|lookback=3|short_delta=0.3|sma=20|thresh=0.003
short_dated,is_default,SPY,2022-04-26,2022-04-26,187.0911,0.829092,target,1,225.66,debit,0,short_dated|dte=5|long_delta=0.5|lookback=3|short_delta=0.3|sma=20|thresh=0.003
short_dated,is_default,QQQ,2022-04-27,2022-04-27,-96.7226,-0.500414,stop,1,193.29,debit,0,short_dated|dte=5|long_delta=0.5|lookback=3|short_delta=0.3|sma=20|thresh=0.003
short_dated,is_default,IWM,2022-04-25,2022-04-28,125.5145,0.843448,target,1,148.81,debit,0,short_dated|dte=5|long_delta=0.5|lookback=3|short_delta=0.3|sma=20|thresh=0.003
short_dated,is_default,SPY,2022-04-27,2022-04-28,-149.8377,-0.659035,stop_gap,1,227.36,debit,0,short_dated|dte=5|long_delta=0.5|lookback=3|short_delta=0.3|sma=20|thresh=0.003
short_dated,is_default,IWM,2022-04-29,2022-05-02,185.9189,0.815425,target,1,228.00,debit,0,short_dated|dte=5|long_delta=0.5|lookback=3|short_delta=0.3|sma=20|thresh=0.003
short_dated,is_default,SPY,2022-05-03,2022-05-04,-130.4728,-0.500307,stop,1,260.79,debit,0,short_dated|dte=5|long_delta=0.5|lookback=3|short_delta=0.3|sma=20|thresh=0.003
short_dated,is_default,IWM,2022-05-04,2022-05-04,-116.4540,-0.500688,stop,2,232.59,debit,0,short_dated|dte=5|long_delta=0.5|lookback=3|short_delta=0.3|sma=20|thresh=0.003
short_dated,is_default,QQQ,2022-05-04,2022-05-04,-93.1655,-0.500430,stop,1,186.17,debit,0,short_dated|dte=5|long_delta=0.5|lookback=3|short_delta=0.3|sma=20|thresh=0.003
short_dated,is_default,IWM,2022-05-06,2022-05-09,154.6366,0.811456,target,1,190.57,debit,0,short_dated|dte=5|long_delta=0.5|lookback=3|short_delta=0.3|sma=20|thresh=0.003
short_dated,is_default,IWM,2022-05-10,2022-05-10,121.5500,0.775489,target,1,156.74,debit,0,short_dated|dte=5|long_delta=0.5|lookback=3|short_delta=0.3|sma=20|thresh=0.003
short_dated,is_default,SPY,2022-05-09,2022-05-11,221.3623,0.860946,target,1,257.12,debit,0,short_dated|dte=5|long_delta=0.5|lookback=3|short_delta=0.3|sma=20|thresh=0.003
short_dated,is_default,IWM,2022-05-11,2022-05-11,-115.8122,-0.500692,stop,2,231.30,debit,0,short_dated|dte=5|long_delta=0.5|lookback=3|short_delta=0.3|sma=20|thresh=0.003
short_dated,is_default,QQQ,2022-05-11,2022-05-11,-115.8137,-0.500346,stop,1,231.47,debit,0,short_dated|dte=5|long_delta=0.5|lookback=3|short_delta=0.3|sma=20|thresh=0.003
short_dated,is_default,IWM,2022-05-12,2022-05-13,-98.4261,-0.500407,stop,1,196.69,debit,0,short_dated|dte=5|long_delta=0.5|lookback=3|short_delta=0.3|sma=20|thresh=0.003
short_dated,is_default,IWM,2022-05-19,2022-05-23,-98.9705,-0.509471,stop_gap,1,194.26,debit,0,short_dated|dte=5|long_delta=0.5|lookback=3|short_delta=0.3|sma=20|thresh=0.003
short_dated,is_default,QQQ,2022-05-23,2022-05-25,-114.0801,-0.500351,stop,1,228.00,debit,0,short_dated|dte=5|long_delta=0.5|lookback=3|short_delta=0.3|sma=20|thresh=0.003
short_dated,is_default,SPY,2022-05-23,2022-05-25,-129.5441,-0.500309,stop,1,258.93,debit,0,short_dated|dte=5|long_delta=0.5|lookback=3|short_delta=0.3|sma=20|thresh=0.003
short_dated,is_default,IWM,2022-05-25,2022-05-25,-115.9503,-0.500691,stop,2,231.58,debit,0,short_dated|dte=5|long_delta=0.5|lookback=3|short_delta=0.3|sma=20|thresh=0.003
short_dated,is_default,QQQ,2022-05-31,2022-05-31,-89.1094,-0.500449,stop,1,178.06,debit,0,short_dated|dte=5|long_delta=0.5|lookback=3|short_delta=0.3|sma=20|thresh=0.003
short_dated,is_default,IWM,2022-05-27,2022-06-01,-84.5788,-0.500473,stop,1,169.00,debit,0,short_dated|dte=5|long_delta=0.5|lookback=3|short_delta=0.3|sma=20|thresh=0.003
short_dated,is_default,SPY,2022-05-31,2022-06-01,-86.3183,-0.500464,stop,1,172.48,debit,0,short_dated|dte=5|long_delta=0.5|lookback=3|short_delta=0.3|sma=20|thresh=0.003
short_dated,is_default,QQQ,2022-06-01,2022-06-01,-68.8545,-0.500582,stop,1,137.55,debit,0,short_dated|dte=5|long_delta=0.5|lookback=3|short_delta=0.3|sma=20|thresh=0.003
short_dated,is_default,IWM,2022-06-02,2022-06-07,114.9787,0.676812,target,1,169.88,debit,0,short_dated|dte=5|long_delta=0.5|lookback=3|short_delta=0.3|sma=20|thresh=0.003
short_dated,is_default,SPY,2022-06-03,2022-06-07,-136.7586,-0.531209,stop_gap,1,257.45,debit,0,short_dated|dte=5|long_delta=0.5|lookback=3|short_delta=0.3|sma=20|thresh=0.003
short_dated,is_default,QQQ,2022-06-07,2022-06-08,111.2433,0.627240,target,1,177.35,debit,0,short_dated|dte=5|long_delta=0.5|lookback=3|short_delta=0.3|sma=20|thresh=0.003
short_dated,is_default,IWM,2022-06-08,2022-06-08,-96.9140,-0.500827,stop,2,193.51,debit,0,short_dated|dte=5|long_delta=0.5|lookback=3|short_delta=0.3|sma=20|thresh=0.003
short_dated,is_default,IWM,2022-06-09,2022-06-10,-112.4994,-0.673552,stop_gap,1,167.02,debit,0,short_dated|dte=5|long_delta=0.5|lookback=3|short_delta=0.3|sma=20|thresh=0.003
short_dated,is_default,IWM,2022-06-13,2022-06-14,123.7322,0.812022,target,1,152.38,debit,0,short_dated|dte=5|long_delta=0.5|lookback=3|short_delta=0.3|sma=20|thresh=0.003
short_dated,is_default,QQQ,2022-06-13,2022-06-15,-112.4956,-0.500356,stop,1,224.83,debit,0,short_dated|dte=5|long_delta=0.5|lookback=3|short_delta=0.3|sma=20|thresh=0.003
short_dated,is_default,IWM,2022-06-15,2022-06-15,-114.2101,-0.500701,stop,2,228.10,debit,0,short_dated|dte=5|long_delta=0.5|lookback=3|short_delta=0.3|sma=20|thresh=0.003
short_dated,is_default,SPY,2022-06-13,2022-06-16,186.6400,0.823800,target,1,226.56,debit,0,short_dated|dte=5|long_delta=0.5|lookback=3|short_delta=0.3|sma=20|thresh=0.003
short_dated,is_default,IWM,2022-06-16,2022-06-22,-95.9033,-0.500417,stop,1,191.65,debit,0,short_dated|dte=5|long_delta=0.5|lookback=3|short_delta=0.3|sma=20|thresh=0.003
short_dated,is_default,QQQ,2022-06-21,2022-06-22,-94.7111,-0.500423,stop,1,189.26,debit,0,short_dated|dte=5|long_delta=0.5|lookback=3|short_delta=0.3|sma=20|thresh=0.003
short_dated,is_default,SPY,2022-06-21,2022-06-22,-110.5208,-0.500362,stop,1,220.88,debit,0,short_dated|dte=5|long_delta=0.5|lookback=3|short_delta=0.3|sma=20|thresh=0.003
short_dated,is_default,QQQ,2022-06-27,2022-06-28,-109.7928,-0.500365,stop,1,219.43,debit,0,short_dated|dte=5|long_delta=0.5|lookback=3|short_delta=0.3|sma=20|thresh=0.003
short_dated,is_default,QQQ,2022-06-29,2022-06-30,116.8595,0.703460,target,1,166.12,debit,0,short_dated|dte=5|long_delta=0.5|lookback=3|short_delta=0.3|sma=20|thresh=0.003
short_dated,is_default,IWM,2022-06-30,2022-07-05,-74.6047,-0.500537,stop,1,149.05,debit,0,short_dated|dte=5|long_delta=0.5|lookback=3|short_delta=0.3|sma=20|thresh=0.003
short_dated,is_default,QQQ,2022-07-05,2022-07-05,-72.7101,-0.500551,stop,1,145.26,debit,0,short_dated|dte=5|long_delta=0.5|lookback=3|short_delta=0.3|sma=20|thresh=0.003
short_dated,is_default,IWM,2022-07-08,2022-07-11,-87.3288,-0.500458,stop,1,174.50,debit,0,short_dated|dte=5|long_delta=0.5|lookback=3|short_delta=0.3|sma=20|thresh=0.003
short_dated,is_default,SPY,2022-07-08,2022-07-11,-127.6250,-0.500314,stop,1,255.09,debit,0,short_dated|dte=5|long_delta=0.5|lookback=3|short_delta=0.3|sma=20|thresh=0.003
short_dated,is_default,QQQ,2022-07-11,2022-07-11,-88.4734,-0.500453,stop,1,176.79,debit,0,short_dated|dte=5|long_delta=0.5|lookback=3|short_delta=0.3|sma=20|thresh=0.003
short_dated,is_default,IWM,2022-07-15,2022-07-18,-102.9695,-0.657272,stop_gap,1,156.66,debit,0,short_dated|dte=5|long_delta=0.5|lookback=3|short_delta=0.3|sma=20|thresh=0.003
short_dated,is_default,QQQ,2022-07-18,2022-07-18,-87.2204,-0.500459,stop,1,174.28,debit,0,short_dated|dte=5|long_delta=0.5|lookback=3|short_delta=0.3|sma=20|thresh=0.003
short_dated,is_default,SPY,2022-07-18,2022-07-18,-85.2533,-0.500470,stop,1,170.35,debit,0,short_dated|dte=5|long_delta=0.5|lookback=3|short_delta=0.3|sma=20|thresh=0.003
short_dated,is_default,IWM,2022-07-19,2022-07-19,110.7087,0.621043,target,2,178.26,debit,0,short_dated|dte=5|long_delta=0.5|lookback=3|short_delta=0.3|sma=20|thresh=0.003
short_dated,is_default,QQQ,2022-07-19,2022-07-20,142.2811,0.660919,target,1,215.28,debit,0,short_dated|dte=5|long_delta=0.5|lookback=3|short_delta=0.3|sma=20|thresh=0.003
short_dated,is_default,SPY,2022-07-19,2022-07-20,141.0011,0.647276,target,1,217.84,debit,0,short_dated|dte=5|long_delta=0.5|lookback=3|short_delta=0.3|sma=20|thresh=0.003
short_dated,is_default,IWM,2022-07-20,2022-07-21,108.8833,0.598545,target,2,181.91,debit,0,short_dated|dte=5|long_delta=0.5|lookback=3|short_delta=0.3|sma=20|thresh=0.003
short_dated,is_default,IWM,2022-07-22,2022-07-22,-85.3392,-0.500469,stop,1,170.52,debit,0,short_dated|dte=5|long_delta=0.5|lookback=3|short_delta=0.3|sma=20|thresh=0.003
short_dated,is_default,QQQ,2022-07-22,2022-07-25,-145.4898,-0.570508,stop_gap,1,255.02,debit,0,short_dated|dte=5|long_delta=0.5|lookback=3|short_delta=0.3|sma=20|thresh=0.003
short_dated,is_default,SPY,2022-07-25,2022-07-26,-88.9992,-0.500450,stop,1,177.84,debit,0,short_dated|dte=5|long_delta=0.5|lookback=3|short_delta=0.3|sma=20|thresh=0.003
short_dated,is_default,IWM,2022-07-25,2022-07-27,84.7957,0.651030,target,1,130.25,debit,0,short_dated|dte=5|long_delta=0.5|lookback=3|short_delta=0.3|sma=20|thresh=0.003
short_dated,is_default,QQQ,2022-07-29,2022-08-01,142.0118,0.658022,target,1,215.82,debit,0,short_dated|dte=5|long_delta=0.5|lookback=3|short_delta=0.3|sma=20|thresh=0.003
short_dated,is_default,IWM,2022-07-28,2022-08-02,85.7841,0.668769,target,1,128.27,debit,0,short_dated|dte=5|long_delta=0.5|lookback=3|short_delta=0.3|sma=20|thresh=0.003
short_dated,is_default,SPY,2022-08-01,2022-08-03,109.7403,0.608454,target,1,180.36,debit,0,short_dated|dte=5|long_delta=0.5|lookback=3|short_delta=0.3|sma=20|thresh=0.003
short_dated,is_default,QQQ,2022-08-02,2022-08-03,111.8513,0.635023,target,1,176.14,debit,0,short_dated|dte=5|long_delta=0.5|lookback=3|short_delta=0.3|sma=20|thresh=0.003
short_dated,is_default,IWM,2022-08-03,2022-08-04,9.7354,0.047306,time,2,205.80,debit,0,short_dated|dte=5|long_delta=0.5|lookback=3|short_delta=0.3|sma=20|thresh=0.003
short_dated,is_default,IWM,2022-08-05,2022-08-08,174.4409,0.695543,target,2,250.80,debit,0,short_dated|dte=5|long_delta=0.5|lookback=3|short_delta=0.3|sma=20|thresh=0.003
short_dated,is_default,SPY,2022-08-04,2022-08-09,-128.0382,-0.500313,stop,1,255.92,debit,0,short_dated|dte=5|long_delta=0.5|lookback=3|short_delta=0.3|sma=20|thresh=0.003
short_dated,is_default,QQQ,2022-08-05,2022-08-09,-105.9428,-0.500378,stop,1,211.73,debit,0,short_dated|dte=5|long_delta=0.5|lookback=3|short_delta=0.3|sma=20|thresh=0.003
short_dated,is_default,IWM,2022-08-09,2022-08-09,-92.0852,-0.500870,stop,2,183.85,debit,0,short_dated|dte=5|long_delta=0.5|lookback=3|short_delta=0.3|sma=20|thresh=0.003
short_dated,is_default,IWM,2022-08-10,2022-08-11,112.8370,0.648466,target,2,174.01,debit,0,short_dated|dte=5|long_delta=0.5|lookback=3|short_delta=0.3|sma=20|thresh=0.003
short_dated,is_default,IWM,2022-08-12,2022-08-16,112.2134,0.639708,target,1,175.41,debit,0,short_dated|dte=5|long_delta=0.5|lookback=3|short_delta=0.3|sma=20|thresh=0.003
short_dated,is_default,SPY,2022-08-15,2022-08-16,114.1793,0.665841,target,1,171.48,debit,0,short_dated|dte=5|long_delta=0.5|lookback=3|short_delta=0.3|sma=20|thresh=0.003
short_dated,is_default,QQQ,2022-08-11,2022-08-17,-107.4831,-0.500372,stop,1,214.81,debit,0,short_dated|dte=5|long_delta=0.5|lookback=3|short_delta=0.3|sma=20|thresh=0.003
short_dated,is_default,IWM,2022-08-17,2022-08-17,-109.2219,-0.501469,stop,4,217.80,debit,0,short_dated|dte=5|long_delta=0.5|lookback=3|short_delta=0.3|sma=20|thresh=0.003
short_dated,is_default,SPY,2022-08-17,2022-08-18,23.3298,0.168427,time,1,138.52,debit,0,short_dated|dte=5|long_delta=0.5|lookback=3|short_delta=0.3|sma=20|thresh=0.003
short_dated,is_default,IWM,2022-08-23,2022-08-24,-110.7355,-0.500723,stop,2,221.15,debit,0,short_dated|dte=5|long_delta=0.5|lookback=3|short_delta=0.3|sma=20|thresh=0.003
short_dated,is_default,QQQ,2022-08-23,2022-08-25,-100.7514,-0.676870,stop_gap,1,148.85,debit,0,short_dated|dte=5|long_delta=0.5|lookback=3|short_delta=0.3|sma=20|thresh=0.003
short_dated,is_default,SPY,2022-08-23,2022-08-25,-114.1644,-0.622022,stop_gap,1,183.54,debit,0,short_dated|dte=5|long_delta=0.5|lookback=3|short_delta=0.3|sma=20|thresh=0.003
short_dated,is_default,SPY,2022-08-26,2022-08-26,-126.4751,-0.500316,stop,1,252.79,debit,0,short_dated|dte=5|long_delta=0.5|lookback=3|short_delta=0.3|sma=20|thresh=0.003
short_dated,is_default,IWM,2022-08-25,2022-08-29,155.0513,0.817189,target,1,189.74,debit,0,short_dated|dte=5|long_delta=0.5|lookback=3|short_delta=0.3|sma=20|thresh=0.003
short_dated,is_default,IWM,2022-08-30,2022-08-30,185.8120,0.814765,target,2,228.06,debit,0,short_dated|dte=5|long_delta=0.5|lookback=3|short_delta=0.3|sma=20|thresh=0.003
short_dated,is_default,SPY,2022-08-29,2022-08-31,157.8976,0.857931,target,1,184.04,debit,0,short_dated|dte=5|long_delta=0.5|lookback=3|short_delta=0.3|sma=20|thresh=0.003
short_dated,is_default,QQQ,2022-08-29,2022-09-01,153.6955,0.798629,target,1,192.45,debit,0,short_dated|dte=5|long_delta=0.5|lookback=3|short_delta=0.3|sma=20|thresh=0.003
short_dated,is_default,IWM,2022-08-31,2022-09-01,172.6330,0.678979,target,3,254.25,debit,0,short_dated|dte=5|long_delta=0.5|lookback=3|short_delta=0.3|sma=20|thresh=0.003
short_dated,is_default,IWM,2022-09-02,2022-09-06,122.4426,0.790182,target,1,154.95,debit,0,short_dated|dte=5|long_delta=0.5|lookback=3|short_delta=0.3|sma=20|thresh=0.003
short_dated,is_default,QQQ,2022-09-06,2022-09-07,-78.0847,-0.500513,stop,1,156.01,debit,0,short_dated|dte=5|long_delta=0.5|lookback=3|short_delta=0.3|sma=20|thresh=0.003
short_dated,is_default,SPY,2022-09-06,2022-09-07,-74.4592,-0.500538,stop,1,148.76,debit,0,short_dated|dte=5|long_delta=0.5|lookback=3|short_delta=0.3|sma=20|thresh=0.003
short_dated,is_default,IWM,2022-09-07,2022-09-07,-127.7800,-0.500941,stop,3,255.08,debit,0,short_dated|dte=5|long_delta=0.5|lookback=3|short_delta=0.3|sma=20|thresh=0.003
short_dated,is_default,IWM,2022-09-13,2022-09-13,-91.7518,-0.500873,stop,2,183.18,debit,0,short_dated|dte=5|long_delta=0.5|lookback=3|short_delta=0.3|sma=20|thresh=0.003
short_dated,is_default,SPY,2022-09-13,2022-09-13,-107.2068,-0.500373,stop,1,214.25,debit,0,short_dated|dte=5|long_delta=0.5|lookback=3|short_delta=0.3|sma=20|thresh=0.003
short_dated,is_default,IWM,2022-09-14,2022-09-15,-122.6937,-0.500653,stop,2,245.07,debit,0,short_dated|dte=5|long_delta=0.5|lookback=3|short_delta=0.3|sma=20|thresh=0.003
short_dated,is_default,QQQ,2022-09-14,2022-09-15,120.4051,0.757123,target,1,159.03,debit,0,short_dated|dte=5|long_delta=0.5|lookback=3|short_delta=0.3|sma=20|thresh=0.003
short_dated,is_default,SPY,2022-09-14,2022-09-15,150.8796,0.761707,target,1,198.08,debit,0,short_dated|dte=5|long_delta=0.5|lookback=3|short_delta=0.3|sma=20|thresh=0.003
short_dated,is_default,SPY,2022-09-19,2022-09-19,-93.3488,-0.500429,stop,1,186.54,debit,0,short_dated|dte=5|long_delta=0.5|lookback=3|short_delta=0.3|sma=20|thresh=0.003
short_dated,is_default,QQQ,2022-09-19,2022-09-20,-93.4637,-0.500428,stop,1,186.77,debit,0,short_dated|dte=5|long_delta=0.5|lookback=3|short_delta=0.3|sma=20|thresh=0.003
short_dated,is_default,IWM,2022-09-16,2022-09-21,-75.4318,-0.500531,stop,1,150.70,debit,0,short_dated|dte=5|long_delta=0.5|lookback=3|short_delta=0.3|sma=20|thresh=0.003
short_dated,is_default,QQQ,2022-09-21,2022-09-21,-96.7240,-0.500414,stop,1,193.29,debit,0,short_dated|dte=5|long_delta=0.5|lookback=3|short_delta=0.3|sma=20|thresh=0.003
short_dated,is_default,SPY,2022-09-20,2022-09-22,157.4458,0.851295,target,1,184.95,debit,0,short_dated|dte=5|long_delta=0.5|lookback=3|short_delta=0.3|sma=20|thresh=0.003
short_dated,is_default,IWM,2022-09-22,2022-09-23,156.6660,0.839997,target,1,186.51,debit,0,short_dated|dte=5|long_delta=0.5|lookback=3|short_delta=0.3|sma=20|thresh=0.003
short_dated,is_default,IWM,2022-09-26,2022-09-26,-77.4518,-0.500517,stop,1,154.74,debit,0,short_dated|dte=5|long_delta=0.5|lookback=3|short_delta=0.3|sma=20|thresh=0.003
short_dated,is_default,QQQ,2022-09-26,2022-09-28,-94.2532,-0.500425,stop,1,188.35,debit,0,short_dated|dte=5|long_delta=0.5|lookback=3|short_delta=0.3|sma=20|thresh=0.003
short_dated,is_default,IWM,2022-09-27,2022-09-28,-110.5442,-0.500725,stop,2,220.77,debit,0,short_dated|dte=5|long_delta=0.5|lookback=3|short_delta=0.3|sma=20|thresh=0.003
short_dated,is_default,SPY,2022-09-27,2022-09-29,188.1622,0.841831,target,1,223.52,debit,0,short_dated|dte=5|long_delta=0.5|lookback=3|short_delta=0.3|sma=20|thresh=0.003
short_dated,is_default,QQQ,2022-10-03,2022-10-03,-93.9699,-0.500426,stop,1,187.78,debit,0,short_dated|dte=5|long_delta=0.5|lookback=3|short_delta=0.3|sma=20|thresh=0.003
short_dated,is_default,SPY,2022-10-03,2022-10-03,-111.4064,-0.500359,stop,1,222.65,debit,0,short_dated|dte=5|long_delta=0.5|lookback=3|short_delta=0.3|sma=20|thresh=0.003
short_dated,is_default,IWM,2022-10-04,2022-10-04,-120.4700,-0.500665,stop,2,240.62,debit,0,short_dated|dte=5|long_delta=0.5|lookback=3|short_delta=0.3|sma=20|thresh=0.003
short_dated,is_default,QQQ,2022-10-04,2022-10-05,-92.9580,-0.500431,stop,1,185.76,debit,0,short_dated|dte=5|long_delta=0.5|lookback=3|short_delta=0.3|sma=20|thresh=0.003
short_dated,is_default,SPY,2022-10-04,2022-10-05,-114.5364,-0.500349,stop,1,228.91,debit,0,short_dated|dte=5|long_delta=0.5|lookback=3|short_delta=0.3|sma=20|thresh=0.003
short_dated,is_default,IWM,2022-10-05,2022-10-05,-70.9703,-0.500564,stop,1,141.78,debit,0,short_dated|dte=5|long_delta=0.5|lookback=3|short_delta=0.3|sma=20|thresh=0.003
short_dated,is_default,QQQ,2022-10-10,2022-10-11,183.8645,0.792140,target,1,232.11,debit,0,short_dated|dte=5|long_delta=0.5|lookback=3|short_delta=0.3|sma=20|thresh=0.003
short_dated,is_default,IWM,2022-10-10,2022-10-13,188.3525,0.844725,target,2,222.98,debit,0,short_dated|dte=5|long_delta=0.5|lookback=3|short_delta=0.3|sma=20|thresh=0.003
short_dated,is_default,SPY,2022-10-10,2022-10-13,187.9291,0.839038,target,1,223.98,debit,0,short_dated|dte=5|long_delta=0.5|lookback=3|short_delta=0.3|sma=20|thresh=0.003
short_dated,is_default,QQQ,2022-10-12,2022-10-13,151.2354,0.766257,target,1,197.37,debit,0,short_dated|dte=5|long_delta=0.5|lookback=3|short_delta=0.3|sma=20|thresh=0.003
short_dated,is_default,IWM,2022-10-14,2022-10-14,-87.0577,-0.500460,stop,1,173.96,debit,0,short_dated|dte=5|long_delta=0.5|lookback=3|short_delta=0.3|sma=20|thresh=0.003
short_dated,is_default,IWM,2022-10-17,2022-10-18,-174.0038,-0.781145,stop_gap,2,222.75,debit,0,short_dated|dte=5|long_delta=0.5|lookback=3|short_delta=0.3|sma=20|thresh=0.003
short_dated,is_default,QQQ,2022-10-17,2022-10-18,-145.5792,-0.766995,stop_gap,1,189.80,debit,0,short_dated|dte=5|long_delta=0.5|lookback=3|short_delta=0.3|sma=20|thresh=0.003
short_dated,is_default,IWM,2022-10-19,2022-10-19,-88.3659,-0.500907,stop,2,176.41,debit,0,short_dated|dte=5|long_delta=0.5|lookback=3|short_delta=0.3|sma=20|thresh=0.003
short_dated,is_default,SPY,2022-10-19,2022-10-20,-92.0157,-0.500435,stop,1,183.87,debit,0,short_dated|dte=5|long_delta=0.5|lookback=3|short_delta=0.3|sma=20|thresh=0.003
short_dated,is_default,IWM,2022-10-20,2022-10-25,116.3158,0.695634,target,1,167.21,debit,0,short_dated|dte=5|long_delta=0.5|lookback=3|short_delta=0.3|sma=20|thresh=0.003
short_dated,is_default,QQQ,2022-10-24,2022-10-25,142.7266,0.665743,target,1,214.39,debit,0,short_dated|dte=5|long_delta=0.5|lookback=3|short_delta=0.3|sma=20|thresh=0.003
short_dated,is_default,SPY,2022-10-25,2022-10-26,139.4897,0.631574,target,1,220.86,debit,0,short_dated|dte=5|long_delta=0.5|lookback=3|short_delta=0.3|sma=20|thresh=0.003
short_dated,is_default,IWM,2022-10-26,2022-10-27,-37.8254,-0.277302,time,1,136.40,debit,0,short_dated|dte=5|long_delta=0.5|lookback=3|short_delta=0.3|sma=20|thresh=0.003
short_dated,is_default,QQQ,2022-10-26,2022-10-27,-72.2602,-0.522656,stop_gap,1,138.26,debit,0,short_dated|dte=5|long_delta=0.5|lookback=3|short_delta=0.3|sma=20|thresh=0.003
short_dated,is_default,IWM,2022-10-28,2022-11-01,145.0680,0.691775,target,1,209.70,debit,0,short_dated|dte=5|long_delta=0.5|lookback=3|short_delta=0.3|sma=20|thresh=0.003
short_dated,is_default,SPY,2022-10-31,2022-11-02,-108.4254,-0.500369,stop,1,216.69,debit,0,short_dated|dte=5|long_delta=0.5|lookback=3|short_delta=0.3|sma=20|thresh=0.003
short_dated,is_default,IWM,2022-11-02,2022-11-02,-98.2120,-0.500816,stop,2,196.10,debit,0,short_dated|dte=5|long_delta=0.5|lookback=3|short_delta=0.3|sma=20|thresh=0.003
short_dated,is_default,QQQ,2022-11-02,2022-11-02,-92.1635,-0.500434,stop,1,184.17,debit,0,short_dated|dte=5|long_delta=0.5|lookback=3|short_delta=0.3|sma=20|thresh=0.003
short_dated,is_default,QQQ,2022-11-07,2022-11-08,-94.9629,-0.500422,stop,1,189.77,debit,0,short_dated|dte=5|long_delta=0.5|lookback=3|short_delta=0.3|sma=20|thresh=0.003
short_dated,is_default,IWM,2022-11-08,2022-11-08,-67.6946,-0.500592,stop,1,135.23,debit,0,short_dated|dte=5|long_delta=0.5|lookback=3|short_delta=0.3|sma=20|thresh=0.003
short_dated,is_default,SPY,2022-11-08,2022-11-09,-110.3111,-0.500363,stop,1,220.46,debit,0,short_dated|dte=5|long_delta=0.5|lookback=3|short_delta=0.3|sma=20|thresh=0.003
short_dated,is_default,IWM,2022-11-09,2022-11-09,-99.4322,-0.500806,stop,2,198.54,debit,0,short_dated|dte=5|long_delta=0.5|lookback=3|short_delta=0.3|sma=20|thresh=0.003
short_dated,is_default,IWM,2022-11-10,2022-11-11,-94.5978,-0.501635,stop_gap,1,188.58,debit,0,short_dated|dte=5|long_delta=0.5|lookback=3|short_delta=0.3|sma=20|thresh=0.003
short_dated,is_default,IWM,2022-11-14,2022-11-15,108.5084,0.594036,target,2,182.66,debit,0,short_dated|dte=5|long_delta=0.5|lookback=3|short_delta=0.3|sma=20|thresh=0.003
short_dated,is_default,QQQ,2022-11-14,2022-11-15,111.7630,0.633887,target,1,176.31,debit,0,short_dated|dte=5|long_delta=0.5|lookback=3|short_delta=0.3|sma=20|thresh=0.003
short_dated,is_default,IWM,2022-11-16,2022-11-16,-107.3252,-0.501495,stop,4,214.01,debit,0,short_dated|dte=5|long_delta=0.5|lookback=3|short_delta=0.3|sma=20|thresh=0.003
short_dated,is_default,QQQ,2022-11-16,2022-11-16,-95.1635,-0.500842,stop,2,190.01,debit,0,short_dated|dte=5|long_delta=0.5|lookback=3|short_delta=0.3|sma=20|thresh=0.003
short_dated,is_default,SPY,2022-11-14,2022-11-17,-174.1513,-0.988009,stop_gap,1,176.26,debit,0,short_dated|dte=5|long_delta=0.5|lookback=3|short_delta=0.3|sma=20|thresh=0.003
short_dated,is_default,IWM,2022-11-23,2022-11-25,99.8809,0.499609,target,2,199.92,debit,0,short_dated|dte=5|long_delta=0.5|lookback=3|short_delta=0.3|sma=20|thresh=0.003
short_dated,is_default,QQQ,2022-11-23,2022-11-25,-68.3478,-0.500586,stop,1,136.54,debit,0,short_dated|dte=5|long_delta=0.5|lookback=3|short_delta=0.3|sma=20|thresh=0.003
short_dated,is_default,SPY,2022-11-23,2022-11-25,102.5462,0.526993,target,2,194.59,debit,0,short_dated|dte=5|long_delta=0.5|lookback=3|short_delta=0.3|sma=20|thresh=0.003
short_dated,is_default,IWM,2022-11-28,2022-11-28,-93.8424,-0.500854,stop,2,187.36,debit,0,short_dated|dte=5|long_delta=0.5|lookback=3|short_delta=0.3|sma=20|thresh=0.003
short_dated,is_default,SPY,2022-11-28,2022-11-28,-89.1792,-0.500449,stop,1,178.20,debit,0,short_dated|dte=5|long_delta=0.5|lookback=3|short_delta=0.3|sma=20|thresh=0.003
short_dated,is_default,QQQ,2022-11-28,2022-11-29,-68.1846,-0.500587,stop,1,136.21,debit,0,short_dated|dte=5|long_delta=0.5|lookback=3|short_delta=0.3|sma=20|thresh=0.003
short_dated,is_default,IWM,2022-11-29,2022-11-30,-115.6621,-0.501040,stop,3,230.84,debit,0,short_dated|dte=5|long_delta=0.5|lookback=3|short_delta=0.3|sma=20|thresh=0.003
short_dated,is_default,IWM,2022-12-01,2022-12-02,-110.2301,-0.638129,stop_gap,1,172.74,debit,0,short_dated|dte=5|long_delta=0.5|lookback=3|short_delta=0.3|sma=20|thresh=0.003
short_dated,is_default,QQQ,2022-12-01,2022-12-02,-116.7141,-0.529108,stop_gap,1,220.59,debit,0,short_dated|dte=5|long_delta=0.5|lookback=3|short_delta=0.3|sma=20|thresh=0.003
short_dated,is_default,SPY,2022-12-02,2022-12-05,-105.8614,-0.500378,stop,1,211.56,debit,0,short_dated|dte=5|long_delta=0.5|lookback=3|short_delta=0.3|sma=20|thresh=0.003
short_dated,is_default,IWM,2022-12-05,2022-12-05,-89.5661,-0.500895,stop,2,178.81,debit,0,short_dated|dte=5|long_delta=0.5|lookback=3|short_delta=0.3|sma=20|thresh=0.003
short_dated,is_default,QQQ,2022-12-05,2022-12-05,-64.5148,-0.500621,stop,1,128.87,debit,0,short_dated|dte=5|long_delta=0.5|lookback=3|short_delta=0.3|sma=20|thresh=0.003
short_dated,is_default,IWM,2022-12-06,2022-12-08,189.0656,0.853382,target,2,221.55,debit,0,short_dated|dte=5|long_delta=0.5|lookback=3|short_delta=0.3|sma=20|thresh=0.003
short_dated,is_default,QQQ,2022-12-07,2022-12-08,-81.6849,-0.500490,stop,1,163.21,debit,0,short_dated|dte=5|long_delta=0.5|lookback=3|short_delta=0.3|sma=20|thresh=0.003
short_dated,is_default,SPY,2022-12-07,2022-12-08,-78.8143,-0.500508,stop,1,157.47,debit,0,short_dated|dte=5|long_delta=0.5|lookback=3|short_delta=0.3|sma=20|thresh=0.003
short_dated,is_default,IWM,2022-12-09,2022-12-13,-120.2479,-0.781350,stop_gap,1,153.90,debit,0,short_dated|dte=5|long_delta=0.5|lookback=3|short_delta=0.3|sma=20|thresh=0.003
short_dated,is_default,QQQ,2022-12-14,2022-12-14,-71.2852,-0.500562,stop,1,142.41,debit,0,short_dated|dte=5|long_delta=0.5|lookback=3|short_delta=0.3|sma=20|thresh=0.003
short_dated,is_default,SPY,2022-12-14,2022-12-14,-69.6502,-0.500575,stop,1,139.14,debit,0,short_dated|dte=5|long_delta=0.5|lookback=3|short_delta=0.3|sma=20|thresh=0.003
short_dated,is_default,QQQ,2022-12-15,2022-12-15,-106.0447,-0.500377,stop,1,211.93,debit,0,short_dated|dte=5|long_delta=0.5|lookback=3|short_delta=0.3|sma=20|thresh=0.003
short_dated,is_default,QQQ,2022-12-16,2022-12-19,184.5852,0.800214,target,1,230.67,debit,0,short_dated|dte=5|long_delta=0.5|lookback=3|short_delta=0.3|sma=20|thresh=0.003
short_dated,is_default,IWM,2022-12-16,2022-12-21,-116.3782,-0.500688,stop,2,232.44,debit,0,short_dated|dte=5|long_delta=0.5|lookback=3|short_delta=0.3|sma=20|thresh=0.003
short_dated,is_default,SPY,2022-12-19,2022-12-21,-94.7361,-0.500423,stop,1,189.31,debit,0,short_dated|dte=5|long_delta=0.5|lookback=3|short_delta=0.3|sma=20|thresh=0.003
short_dated,is_default,QQQ,2022-12-20,2022-12-21,-75.6501,-0.500529,stop,1,151.14,debit,0,short_dated|dte=5|long_delta=0.5|lookback=3|short_delta=0.3|sma=20|thresh=0.003
short_dated,is_default,QQQ,2022-12-23,2022-12-28,154.1045,0.804174,target,1,191.63,debit,0,short_dated|dte=5|long_delta=0.5|lookback=3|short_delta=0.3|sma=20|thresh=0.003
short_dated,is_default,IWM,2022-12-28,2022-12-28,-118.2380,-0.501697,stop,5,235.68,debit,0,short_dated|dte=5|long_delta=0.5|lookback=3|short_delta=0.3|sma=20|thresh=0.003
short_dated,is_default,SPY,2022-12-28,2022-12-29,-111.5877,-0.500718,stop,2,222.86,debit,0,short_dated|dte=5|long_delta=0.5|lookback=3|short_delta=0.3|sma=20|thresh=0.003
short_dated,is_default,IWM,2022-12-29,2022-12-29,-119.3912,-0.500671,stop,2,238.46,debit,0,short_dated|dte=5|long_delta=0.5|lookback=3|short_delta=0.3|sma=20|thresh=0.003
short_dated,is_default,QQQ,2022-12-29,2022-12-30,-67.7778,-0.358025,window_mtm,1,189.31,debit,0,short_dated|dte=5|long_delta=0.5|lookback=3|short_delta=0.3|sma=20|thresh=0.003
short_dated,oos,IWM,2023-01-04,2023-01-09,-357.1804,-0.753144,stop_gap,3,474.25,debit,0,short_dated|dte=7|long_delta=0.5|lookback=5|short_delta=0.3|sma=20|thresh=0.005
short_dated,oos,QQQ,2023-01-04,2023-01-09,-149.6336,-0.563255,stop_gap,1,265.66,debit,0,short_dated|dte=7|long_delta=0.5|lookback=5|short_delta=0.3|sma=20|thresh=0.005
short_dated,oos,SPY,2023-01-04,2023-01-09,-213.1954,-0.691286,stop_gap,1,308.40,debit,0,short_dated|dte=7|long_delta=0.5|lookback=5|short_delta=0.3|sma=20|thresh=0.005
short_dated,oos,IWM,2023-01-10,2023-01-11,282.1470,0.648754,target,5,434.91,debit,0,short_dated|dte=7|long_delta=0.5|lookback=5|short_delta=0.3|sma=20|thresh=0.005
short_dated,oos,SPY,2023-01-10,2023-01-11,215.8039,0.586309,target,2,368.07,debit,0,short_dated|dte=7|long_delta=0.5|lookback=5|short_delta=0.3|sma=20|thresh=0.005
short_dated,oos,QQQ,2023-01-11,2023-01-17,200.9621,0.674560,target,1,297.92,debit,0,short_dated|dte=7|long_delta=0.5|lookback=5|short_delta=0.3|sma=20|thresh=0.005
short_dated,oos,IWM,2023-01-12,2023-01-17,250.7343,0.629905,target,3,398.05,debit,0,short_dated|dte=7|long_delta=0.5|lookback=5|short_delta=0.3|sma=20|thresh=0.005
short_dated,oos,SPY,2023-01-12,2023-01-18,-150.2862,-0.500266,stop,1,300.41,debit,0,short_dated|dte=7|long_delta=0.5|lookback=5|short_delta=0.3|sma=20|thresh=0.005
short_dated,oos,IWM,2023-01-18,2023-01-18,-226.1273,-0.500886,stop,5,451.45,debit,0,short_dated|dte=7|long_delta=0.5|lookback=5|short_delta=0.3|sma=20|thresh=0.005
short_dated,oos,QQQ,2023-01-18,2023-01-18,-172.2664,-0.500465,stop,2,344.21,debit,0,short_dated|dte=7|long_delta=0.5|lookback=5|short_delta=0.3|sma=20|thresh=0.005
short_dated,oos,IWM,2023-01-19,2023-01-23,259.7798,0.683702,target,3,379.96,debit,0,short_dated|dte=7|long_delta=0.5|lookback=5|short_delta=0.3|sma=20|thresh=0.005
short_dated,oos,QQQ,2023-01-19,2023-01-23,229.3451,0.672586,target,2,340.99,debit,0,short_dated|dte=7|long_delta=0.5|lookback=5|short_delta=0.3|sma=20|thresh=0.005
short_dated,oos,QQQ,2023-01-24,2023-01-25,-223.8239,-0.619562,stop_gap,2,361.26,debit,0,short_dated|dte=7|long_delta=0.5|lookback=5|short_delta=0.3|sma=20|thresh=0.005
short_dated,oos,SPY,2023-01-24,2023-01-25,-187.9317,-0.533545,stop_gap,2,352.23,debit,0,short_dated|dte=7|long_delta=0.5|lookback=5|short_delta=0.3|sma=20|thresh=0.005
short_dated,oos,IWM,2023-01-26,2023-01-30,-173.8550,-0.500461,stop,2,347.39,debit,0,short_dated|dte=7|long_delta=0.5|lookback=5|short_delta=0.3|sma=20|thresh=0.005
short_dated,oos,QQQ,2023-01-26,2023-02-01,173.7289,0.688356,target,1,252.38,debit,0,short_dated|dte=7|long_delta=0.5|lookback=5|short_delta=0.3|sma=20|thresh=0.005
short_dated,oos,SPY,2023-01-26,2023-02-01,171.2582,0.665536,target,1,257.32,debit,0,short_dated|dte=7|long_delta=0.5|lookback=5|short_delta=0.3|sma=20|thresh=0.005
short_dated,oos,IWM,2023-02-01,2023-02-02,255.4088,0.657080,target,3,388.70,debit,0,short_dated|dte=7|long_delta=0.5|lookback=5|short_delta=0.3|sma=20|thresh=0.005
short_dated,oos,QQQ,2023-02-02,2023-02-06,-153.6667,-0.601552,stop_gap,1,255.45,debit,0,short_dated|dte=7|long_delta=0.5|lookback=5|short_delta=0.3|sma=20|thresh=0.005
short_dated,oos,SPY,2023-02-02,2023-02-06,-181.6012,-0.689309,stop_gap,1,263.45,debit,0,short_dated|dte=7|long_delta=0.5|lookback=5|short_delta=0.3|sma=20|thresh=0.005
short_dated,oos,IWM,2023-02-03,2023-02-06,-207.1438,-0.500580,stop,3,413.81,debit,0,short_dated|dte=7|long_delta=0.5|lookback=5|short_delta=0.3|sma=20|thresh=0.005
short_dated,oos,IWM,2023-02-07,2023-02-07,-249.3176,-0.500964,stop,6,497.68,debit,0,short_dated|dte=7|long_delta=0.5|lookback=5|short_delta=0.3|sma=20|thresh=0.005
short_dated,oos,QQQ,2023-02-07,2023-02-07,251.6122,0.634910,target,3,396.30,debit,0,short_dated|dte=7|long_delta=0.5|lookback=5|short_delta=0.3|sma=20|thresh=0.005
short_dated,oos,SPY,2023-02-07,2023-02-07,223.9823,0.636829,target,2,351.72,debit,0,short_dated|dte=7|long_delta=0.5|lookback=5|short_delta=0.3|sma=20|thresh=0.005
short_dated,oos,IWM,2023-02-08,2023-02-09,-196.0148,-0.500613,stop,3,391.55,debit,0,short_dated|dte=7|long_delta=0.5|lookback=5|short_delta=0.3|sma=20|thresh=0.005
short_dated,oos,QQQ,2023-02-08,2023-02-09,-147.9412,-0.500271,stop,1,295.72,debit,0,short_dated|dte=7|long_delta=0.5|lookback=5|short_delta=0.3|sma=20|thresh=0.005
short_dated,oos,SPY,2023-02-08,2023-02-09,-128.1784,-0.500312,stop,1,256.20,debit,0,short_dated|dte=7|long_delta=0.5|lookback=5|short_delta=0.3|sma=20|thresh=0.005
short_dated,oos,SPY,2023-02-14,2023-02-16,-285.6535,-0.777503,stop_gap,2,367.40,debit,0,short_dated|dte=7|long_delta=0.5|lookback=5|short_delta=0.3|sma=20|thresh=0.005
short_dated,oos,QQQ,2023-02-16,2023-02-17,-210.0502,-0.500381,stop,2,419.78,debit,0,short_dated|dte=7|long_delta=0.5|lookback=5|short_delta=0.3|sma=20|thresh=0.005
short_dated,oos,IWM,2023-02-16,2023-02-21,-196.8568,-0.506358,stop_gap,3,388.77,debit,0,short_dated|dte=7|long_delta=0.5|lookback=5|short_delta=0.3|sma=20|thresh=0.005
short_dated,oos,IWM,2023-02-22,2023-02-27,-224.5294,-0.500535,stop,3,448.58,debit,0,short_dated|dte=7|long_delta=0.5|lookback=5|short_delta=0.3|sma=20|thresh=0.005
short_dated,oos,IWM,2023-02-28,2023-02-28,-226.0805,-0.501064,stop,6,451.20,debit,0,short_dated|dte=7|long_delta=0.5|lookback=5|short_delta=0.3|sma=20|thresh=0.005
short_dated,oos,QQQ,2023-02-22,2023-03-02,369.4410,0.801742,target,2,460.80,debit,0,short_dated|dte=7|long_delta=0.5|lookback=5|short_delta=0.3|sma=20|thresh=0.005
short_dated,oos,SPY,2023-02-22,2023-03-02,218.1112,0.827377,target,1,263.62,debit,0,short_dated|dte=7|long_delta=0.5|lookback=5|short_delta=0.3|sma=20|thresh=0.005
short_dated,oos,QQQ,2023-03-03,2023-03-06,-292.7461,-0.648382,stop_gap,2,451.50,debit,0,short_dated|dte=7|long_delta=0.5|lookback=5|short_delta=0.3|sma=20|thresh=0.005
short_dated,oos,SPY,2023-03-03,2023-03-06,-278.7764,-0.635802,stop_gap,2,438.46,debit,0,short_dated|dte=7|long_delta=0.5|lookback=5|short_delta=0.3|sma=20|thresh=0.005
short_dated,oos,IWM,2023-03-06,2023-03-06,-214.8796,-0.500932,stop,5,428.96,debit,0,short_dated|dte=7|long_delta=0.5|lookback=5|short_delta=0.3|sma=20|thresh=0.005
short_dated,oos,QQQ,2023-03-07,2023-03-07,-175.8239,-0.500455,stop,2,351.33,debit,0,short_dated|dte=7|long_delta=0.5|lookback=5|short_delta=0.3|sma=20|thresh=0.005
short_dated,oos,IWM,2023-03-08,2023-03-10,374.3761,0.830530,target,3,450.77,debit,0,short_dated|dte=7|long_delta=0.5|lookback=5|short_delta=0.3|sma=20|thresh=0.005
short_dated,oos,SPY,2023-03-10,2023-03-13,246.5134,0.803464,target,1,306.81,debit,0,short_dated|dte=7|long_delta=0.5|lookback=5|short_delta=0.3|sma=20|thresh=0.005
short_dated,oos,IWM,2023-03-13,2023-03-13,-243.6485,-0.500658,stop,4,486.66,debit,0,short_dated|dte=7|long_delta=0.5|lookback=5|short_delta=0.3|sma=20|thresh=0.005
short_dated,oos,QQQ,2023-03-13,2023-03-13,-189.0228,-0.500424,stop,2,377.73,debit,0,short_dated|dte=7|long_delta=0.5|lookback=5|short_delta=0.3|sma=20|thresh=0.005
short_dated,oos,IWM,2023-03-14,2023-03-15,372.6338,0.820323,target,3,454.25,debit,0,short_dated|dte=7|long_delta=0.5|lookback=5|short_delta=0.3|sma=20|thresh=0.005
short_dated,oos,QQQ,2023-03-14,2023-03-15,-196.8639,-0.500407,stop,2,393.41,debit,0,short_dated|dte=7|long_delta=0.5|lookback=5|short_delta=0.3|sma=20|thresh=0.005
short_dated,oos,SPY,2023-03-14,2023-03-16,-228.8062,-0.500350,stop,2,457.29,debit,0,short_dated|dte=7|long_delta=0.5|lookback=5|short_delta=0.3|sma=20|thresh=0.005
short_dated,oos,IWM,2023-03-16,2023-03-16,-196.2490,-0.500408,stop,2,392.18,debit,0,short_dated|dte=7|long_delta=0.5|lookback=5|short_delta=0.3|sma=20|thresh=0.005
short_dated,oos,QQQ,2023-03-17,2023-03-20,-130.4488,-0.500307,stop,1,260.74,debit,0,short_dated|dte=7|long_delta=0.5|lookback=5|short_delta=0.3|sma=20|thresh=0.005
short_dated,oos,IWM,2023-03-17,2023-03-21,-231.7214,-0.518890,stop_gap,3,446.57,debit,0,short_dated|dte=7|long_delta=0.5|lookback=5|short_delta=0.3|sma=20|thresh=0.005
short_dated,oos,QQQ,2023-03-21,2023-03-22,221.7470,0.622560,target,2,356.19,debit,0,short_dated|dte=7|long_delta=0.5|lookback=5|short_delta=0.3|sma=20|thresh=0.005
short_dated,oos,SPY,2023-03-22,2023-03-23,-154.1822,-0.500260,stop,1,308.20,debit,0,short_dated|dte=7|long_delta=0.5|lookback=5|short_delta=0.3|sma=20|thresh=0.005
short_dated,oos,IWM,2023-03-23,2023-03-27,-193.6199,-0.500414,stop,2,386.92,debit,0,short_dated|dte=7|long_delta=0.5|lookback=5|short_delta=0.3|sma=20|thresh=0.005
short_dated,oos,SPY,2023-03-24,2023-03-27,-167.5984,-0.654556,stop_gap,1,256.05,debit,0,short_dated|dte=7|long_delta=0.5|lookback=5|short_delta=0.3|sma=20|thresh=0.005
short_dated,oos,QQQ,2023-03-23,2023-03-28,-151.9457,-0.500263,stop,1,303.73,debit,0,short_dated|dte=7|long_delta=0.5|lookback=5|short_delta=0.3|sma=20|thresh=0.005
short_dated,oos,SPY,2023-03-28,2023-03-29,246.8069,0.608039,target,3,405.91,debit,0,short_dated|dte=7|long_delta=0.5|lookback=5|short_delta=0.3|sma=20|thresh=0.005
short_dated,oos,IWM,2023-03-29,2023-03-31,-235.6947,-0.500510,stop,3,470.91,debit,0,short_dated|dte=7|long_delta=0.5|lookback=5|short_delta=0.3|sma=20|thresh=0.005
short_dated,oos,SPY,2023-03-30,2023-04-03,290.3206,0.692825,target,2,419.04,debit,0,short_dated|dte=7|long_delta=0.5|lookback=5|short_delta=0.3|sma=20|thresh=0.005
short_dated,oos,IWM,2023-04-03,2023-04-03,-225.2029,-0.500890,stop,5,449.61,debit,0,short_dated|dte=7|long_delta=0.5|lookback=5|short_delta=0.3|sma=20|thresh=0.005
short_dated,oos,IWM,2023-04-04,2023-04-04,-221.4982,-0.500905,stop,5,442.20,debit,0,short_dated|dte=7|long_delta=0.5|lookback=5|short_delta=0.3|sma=20|thresh=0.005
short_dated,oos,SPY,2023-04-04,2023-04-04,-197.4831,-0.500608,stop,3,394.49,debit,0,short_dated|dte=7|long_delta=0.5|lookback=5|short_delta=0.3|sma=20|thresh=0.005
short_dated,oos,QQQ,2023-03-30,2023-04-05,-210.4751,-0.500380,stop,2,420.63,debit,0,short_dated|dte=7|long_delta=0.5|lookback=5|short_delta=0.3|sma=20|thresh=0.005
short_dated,oos,IWM,2023-04-06,2023-04-10,-236.0541,-0.500679,stop,4,471.47,debit,0,short_dated|dte=7|long_delta=0.5|lookback=5|short_delta=0.3|sma=20|thresh=0.005
short_dated,oos,QQQ,2023-04-06,2023-04-12,-211.3400,-0.500379,stop,2,422.36,debit,0,short_dated|dte=7|long_delta=0.5|lookback=5|short_delta=0.3|sma=20|thresh=0.005
short_dated,oos,SPY,2023-04-05,2023-04-13,-132.2672,-0.500303,stop,1,264.37,debit,0,short_dated|dte=7|long_delta=0.5|lookback=5|short_delta=0.3|sma=20|thresh=0.005
short_dated,oos,IWM,2023-04-14,2023-04-14,-211.6651,-0.500947,stop,5,422.53,debit,0,short_dated|dte=7|long_delta=0.5|lookback=5|short_delta=0.3|sma=20|thresh=0.005
short_dated,oos,QQQ,2023-04-14,2023-04-19,-185.9145,-0.530462,stop_gap,2,350.48,debit,0,short_dated|dte=7|long_delta=0.5|lookback=5|short_delta=0.3|sma=20|thresh=0.005
short_dated,oos,SPY,2023-04-14,2023-04-20,-275.7210,-0.764948,stop_gap,2,360.44,debit,0,short_dated|dte=7|long_delta=0.5|lookback=5|short_delta=0.3|sma=20|thresh=0.005
short_dated,oos,IWM,2023-04-17,2023-04-20,-219.1645,-0.500914,stop,5,437.53,debit,0,short_dated|dte=7|long_delta=0.5|lookback=5|short_delta=0.3|sma=20|thresh=0.005
short_dated,oos,QQQ,2023-04-20,2023-04-25,-179.9368,-0.500445,stop,2,359.55,debit,0,short_dated|dte=7|long_delta=0.5|lookback=5|short_delta=0.3|sma=20|thresh=0.005
short_dated,oos,IWM,2023-04-24,2023-04-25,-195.9719,-0.501572,stop_gap,4,390.72,debit,0,short_dated|dte=7|long_delta=0.5|lookback=5|short_delta=0.3|sma=20|thresh=0.005
short_dated,oos,QQQ,2023-04-26,2023-04-27,-229.5216,-0.500349,stop,2,458.72,debit,0,short_dated|dte=7|long_delta=0.5|lookback=5|short_delta=0.3|sma=20|thresh=0.005
short_dated,oos,IWM,2023-04-26,2023-04-28,-160.1726,-0.500500,stop,2,320.03,debit,0,short_dated|dte=7|long_delta=0.5|lookback=5|short_delta=0.3|sma=20|thresh=0.005
short_dated,oos,SPY,2023-04-26,2023-04-28,-226.0420,-0.500354,stop,2,451.76,debit,0,short_dated|dte=7|long_delta=0.5|lookback=5|short_delta=0.3|sma=20|thresh=0.005
short_dated,oos,IWM,2023-05-01,2023-05-01,-228.5317,-0.501052,stop,6,456.10,debit,0,short_dated|dte=7|long_delta=0.5|lookback=5|short_delta=0.3|sma=20|thresh=0.005
short_dated,oos,QQQ,2023-04-28,2023-05-02,-171.4345,-0.500467,stop,2,342.55,debit,0,short_dated|dte=7|long_delta=0.5|lookback=5|short_delta=0.3|sma=20|thresh=0.005
short_dated,oos,SPY,2023-05-01,2023-05-02,-195.4322,-0.500615,stop,3,390.38,debit,0,short_dated|dte=7|long_delta=0.5|lookback=5|short_delta=0.3|sma=20|thresh=0.005
short_dated,oos,IWM,2023-05-02,2023-05-02,306.5524,0.795630,target,10,385.30,debit,0,short_dated|dte=7|long_delta=0.5|lookback=5|short_delta=0.3|sma=20|thresh=0.005
short_dated,oos,IWM,2023-05-03,2023-05-08,-218.6155,-0.683611,stop_gap,2,319.80,debit,0,short_dated|dte=7|long_delta=0.5|lookback=5|short_delta=0.3|sma=20|thresh=0.005
short_dated,oos,SPY,2023-05-05,2023-05-08,-275.2418,-0.626576,stop_gap,2,439.28,debit,0,short_dated|dte=7|long_delta=0.5|lookback=5|short_delta=0.3|sma=20|thresh=0.005
short_dated,oos,QQQ,2023-05-03,2023-05-10,169.2652,0.647758,target,1,261.31,debit,0,short_dated|dte=7|long_delta=0.5|lookback=5|short_delta=0.3|sma=20|thresh=0.005
short_dated,oos,IWM,2023-05-09,2023-05-10,-376.0050,-0.842391,stop_gap,6,446.35,debit,0,short_dated|dte=7|long_delta=0.5|lookback=5|short_delta=0.3|sma=20|thresh=0.005
short_dated,oos,IWM,2023-05-15,2023-05-15,-198.3979,-0.502024,stop,10,395.20,debit,0,short_dated|dte=7|long_delta=0.5|lookback=5|short_delta=0.3|sma=20|thresh=0.005
short_dated,oos,QQQ,2023-05-11,2023-05-17,221.3454,0.620034,target,2,356.99,debit,0,short_dated|dte=7|long_delta=0.5|lookback=5|short_delta=0.3|sma=20|thresh=0.005
short_dated,oos,SPY,2023-05-11,2023-05-17,-221.2132,-0.500362,stop,2,442.11,debit,0,short_dated|dte=7|long_delta=0.5|lookback=5|short_delta=0.3|sma=20|thresh=0.005
short_dated,oos,IWM,2023-05-17,2023-05-18,-183.2491,-0.500656,stop,3,366.02,debit,0,short_dated|dte=7|long_delta=0.5|lookback=5|short_delta=0.3|sma=20|thresh=0.005
short_dated,oos,QQQ,2023-05-18,2023-05-19,224.9042,0.642819,target,2,349.87,debit,0,short_dated|dte=7|long_delta=0.5|lookback=5|short_delta=0.3|sma=20|thresh=0.005
short_dated,oos,IWM,2023-05-19,2023-05-19,-215.7185,-0.500929,stop,5,430.64,debit,0,short_dated|dte=7|long_delta=0.5|lookback=5|short_delta=0.3|sma=20|thresh=0.005
short_dated,oos,IWM,2023-05-22,2023-05-23,295.3865,0.723230,target,5,408.43,debit,0,short_dated|dte=7|long_delta=0.5|lookback=5|short_delta=0.3|sma=20|thresh=0.005
short_dated,oos,QQQ,2023-05-22,2023-05-23,-212.1809,-0.500566,stop,3,423.88,debit,0,short_dated|dte=7|long_delta=0.5|lookback=5|short_delta=0.3|sma=20|thresh=0.005
short_dated,oos,SPY,2023-05-18,2023-05-24,-273.4753,-0.619734,stop_gap,2,441.28,debit,0,short_dated|dte=7|long_delta=0.5|lookback=5|short_delta=0.3|sma=20|thresh=0.005
short_dated,oos,IWM,2023-05-24,2023-05-25,-193.6178,-0.500621,stop,3,386.76,debit,0,short_dated|dte=7|long_delta=0.5|lookback=5|short_delta=0.3|sma=20|thresh=0.005
short_dated,oos,QQQ,2023-05-24,2023-05-25,283.9389,0.657567,target,2,431.80,debit,0,short_dated|dte=7|long_delta=0.5|lookback=5|short_delta=0.3|sma=20|thresh=0.005
short_dated,oos,SPY,2023-05-25,2023-05-26,-225.6644,-0.500355,stop,2,451.01,debit,0,short_dated|dte=7|long_delta=0.5|lookback=5|short_delta=0.3|sma=20|thresh=0.005
short_dated,oos,QQQ,2023-05-26,2023-05-26,280.2148,0.637939,target,2,439.25,debit,0,short_dated|dte=7|long_delta=0.5|lookback=5|short_delta=0.3|sma=20|thresh=0.005
short_dated,oos,IWM,2023-05-26,2023-05-30,-193.2710,-0.623409,stop_gap,2,310.02,debit,0,short_dated|dte=7|long_delta=0.5|lookback=5|short_delta=0.3|sma=20|thresh=0.005
short_dated,oos,QQQ,2023-05-30,2023-05-30,-201.2702,-0.500597,stop,3,402.06,debit,0,short_dated|dte=7|long_delta=0.5|lookback=5|short_delta=0.3|sma=20|thresh=0.005
short_dated,oos,IWM,2023-06-01,2023-06-02,-332.9314,-0.728490,stop_gap,4,457.02,debit,0,short_dated|dte=7|long_delta=0.5|lookback=5|short_delta=0.3|sma=20|thresh=0.005
short_dated,oos,SPY,2023-06-01,2023-06-02,287.9142,0.679280,target,2,423.85,debit,0,short_dated|dte=7|long_delta=0.5|lookback=5|short_delta=0.3|sma=20|thresh=0.005
short_dated,oos,QQQ,2023-05-31,2023-06-05,171.9282,0.671638,target,1,255.98,debit,0,short_dated|dte=7|long_delta=0.5|lookback=5|short_delta=0.3|sma=20|thresh=0.005
short_dated,oos,IWM,2023-06-05,2023-06-05,-189.6027,-0.500845,stop,4,378.57,debit,0,short_dated|dte=7|long_delta=0.5|lookback=5|short_delta=0.3|sma=20|thresh=0.005
short_dated,oos,IWM,2023-06-06,2023-06-06,281.6803,0.646294,target,5,435.84,debit,0,short_dated|dte=7|long_delta=0.5|lookback=5|short_delta=0.3|sma=20|thresh=0.005
short_dated,oos,SPY,2023-06-05,2023-06-07,-221.6809,-0.500904,stop,5,442.56,debit,0,short_dated|dte=7|long_delta=0.5|lookback=5|short_delta=0.3|sma=20|thresh=0.005
short_dated,oos,QQQ,2023-06-06,2023-06-07,-212.8835,-0.500564,stop,3,425.29,debit,0,short_dated|dte=7|long_delta=0.5|lookback=5|short_delta=0.3|sma=20|thresh=0.005
short_dated,oos,SPY,2023-06-08,2023-06-12,219.0664,0.605914,target,2,361.55,debit,0,short_dated|dte=7|long_delta=0.5|lookback=5|short_delta=0.3|sma=20|thresh=0.005
short_dated,oos,IWM,2023-06-07,2023-06-13,245.4015,0.600419,target,3,408.72,debit,0,short_dated|dte=7|long_delta=0.5|lookback=5|short_delta=0.3|sma=20|thresh=0.005
short_dated,oos,QQQ,2023-06-13,2023-06-14,-181.7977,-0.500440,stop,2,363.28,debit,0,short_dated|dte=7|long_delta=0.5|lookback=5|short_delta=0.3|sma=20|thresh=0.005
short_dated,oos,SPY,2023-06-13,2023-06-14,-186.6974,-0.500644,stop,3,372.91,debit,0,short_dated|dte=7|long_delta=0.5|lookback=5|short_delta=0.3|sma=20|thresh=0.005
short_dated,oos,IWM,2023-06-14,2023-06-14,-185.3194,-0.500648,stop,3,370.16,debit,0,short_dated|dte=7|long_delta=0.5|lookback=5|short_delta=0.3|sma=20|thresh=0.005
short_dated,oos,SPY,2023-06-15,2023-06-15,227.1697,0.657813,target,2,345.34,debit,0,short_dated|dte=7|long_delta=0.5|lookback=5|short_delta=0.3|sma=20|thresh=0.005
short_dated,oos,QQQ,2023-06-15,2023-06-16,281.4368,0.644305,target,2,436.81,debit,0,short_dated|dte=7|long_delta=0.5|lookback=5|short_delta=0.3|sma=20|thresh=0.005
short_dated,oos,SPY,2023-06-16,2023-06-20,-415.4100,-0.945082,stop_gap,2,439.55,debit,0,short_dated|dte=7|long_delta=0.5|lookback=5|short_delta=0.3|sma=20|thresh=0.005
short_dated,oos,QQQ,2023-06-20,2023-06-21,-200.6964,-0.500599,stop,3,400.91,debit,0,short_dated|dte=7|long_delta=0.5|lookback=5|short_delta=0.3|sma=20|thresh=0.005
short_dated,oos,SPY,2023-06-21,2023-06-23,-197.5119,-0.568773,stop_gap,2,347.26,debit,0,short_dated|dte=7|long_delta=0.5|lookback=5|short_delta=0.3|sma=20|thresh=0.005
short_dated,oos,IWM,2023-06-26,2023-06-26,-209.3547,-0.500957,stop,5,417.91,debit,0,short_dated|dte=7|long_delta=0.5|lookback=5|short_delta=0.3|sma=20|thresh=0.005
short_dated,oos,IWM,2023-06-27,2023-06-27,-198.5100,-0.502023,stop,10,395.42,debit,0,short_dated|dte=7|long_delta=0.5|lookback=5|short_delta=0.3|sma=20|thresh=0.005
short_dated,oos,QQQ,2023-06-27,2023-06-27,-215.9826,-0.500742,stop,4,431.33,debit,0,short_dated|dte=7|long_delta=0.5|lookback=5|short_delta=0.3|sma=20|thresh=0.005
short_dated,oos,QQQ,2023-06-29,2023-07-03,223.3029,0.632453,target,2,353.07,debit,0,short_dated|dte=7|long_delta=0.5|lookback=5|short_delta=0.3|sma=20|thresh=0.005
short_dated,oos,IWM,2023-06-30,2023-07-03,-211.1523,-0.522828,stop_gap,3,403.87,debit,0,short_dated|dte=7|long_delta=0.5|lookback=5|short_delta=0.3|sma=20|thresh=0.005
short_dated,oos,SPY,2023-07-03,2023-07-06,-382.1581,-0.951480,stop_gap,3,401.65,debit,0,short_dated|dte=7|long_delta=0.5|lookback=5|short_delta=0.3|sma=20|thresh=0.005
short_dated,oos,IWM,2023-07-05,2023-07-06,-277.7244,-0.684913,stop_gap,3,405.49,debit,0,short_dated|dte=7|long_delta=0.5|lookback=5|short_delta=0.3|sma=20|thresh=0.005
short_dated,oos,IWM,2023-07-07,2023-07-07,-215.3219,-0.500744,stop,4,430.00,debit,0,short_dated|dte=7|long_delta=0.5|lookback=5|short_delta=0.3|sma=20|thresh=0.005
short_dated,oos,QQQ,2023-07-05,2023-07-10,-231.2168,-0.517307,stop_gap,2,446.96,debit,0,short_dated|dte=7|long_delta=0.5|lookback=5|short_delta=0.3|sma=20|thresh=0.005
short_dated,oos,IWM,2023-07-10,2023-07-10,-202.1792,-0.500991,stop,5,403.56,debit,0,short_dated|dte=7|long_delta=0.5|lookback=5|short_delta=0.3|sma=20|thresh=0.005
short_dated,oos,SPY,2023-07-07,2023-07-12,221.6524,0.621963,target,2,356.38,debit,0,short_dated|dte=7|long_delta=0.5|lookback=5|short_delta=0.3|sma=20|thresh=0.005
short_dated,oos,IWM,2023-07-12,2023-07-14,-198.5651,-0.500605,stop,3,396.65,debit,0,short_dated|dte=7|long_delta=0.5|lookback=5|short_delta=0.3|sma=20|thresh=0.005
short_dated,oos,QQQ,2023-07-13,2023-07-17,227.8038,0.662081,target,2,344.07,debit,0,short_dated|dte=7|long_delta=0.5|lookback=5|short_delta=0.3|sma=20|thresh=0.005
short_dated,oos,IWM,2023-07-17,2023-07-17,206.2161,0.532957,target,4,386.93,debit,0,short_dated|dte=7|long_delta=0.5|lookback=5|short_delta=0.3|sma=20|thresh=0.005
short_dated,oos,SPY,2023-07-13,2023-07-18,218.2338,0.600844,target,2,363.21,debit,0,short_dated|dte=7|long_delta=0.5|lookback=5|short_delta=0.3|sma=20|thresh=0.005
short_dated,oos,IWM,2023-07-18,2023-07-19,294.1434,0.715829,target,5,410.91,debit,0,short_dated|dte=7|long_delta=0.5|lookback=5|short_delta=0.3|sma=20|thresh=0.005
short_dated,oos,QQQ,2023-07-18,2023-07-19,243.0215,0.587751,target,3,413.48,debit,0,short_dated|dte=7|long_delta=0.5|lookback=5|short_delta=0.3|sma=20|thresh=0.005
short_dated,oos,QQQ,2023-07-20,2023-07-20,-128.4677,-0.500312,stop,1,256.78,debit,0,short_dated|dte=7|long_delta=0.5|lookback=5|short_delta=0.3|sma=20|thresh=0.005
short_dated,oos,IWM,2023-07-20,2023-07-21,-201.4288,-0.500596,stop,3,402.38,debit,0,short_dated|dte=7|long_delta=0.5|lookback=5|short_delta=0.3|sma=20|thresh=0.005
short_dated,oos,SPY,2023-07-19,2023-07-24,-174.2567,-0.500460,stop,2,348.19,debit,0,short_dated|dte=7|long_delta=0.5|lookback=5|short_delta=0.3|sma=20|thresh=0.005
short_dated,oos,IWM,2023-07-24,2023-07-27,237.8139,0.562298,target,9,422.93,debit,0,short_dated|dte=7|long_delta=0.5|lookback=5|short_delta=0.3|sma=20|thresh=0.005
short_dated,oos,SPY,2023-07-25,2023-07-27,248.8422,0.619264,target,3,401.84,debit,0,short_dated|dte=7|long_delta=0.5|lookback=5|short_delta=0.3|sma=20|thresh=0.005
short_dated,oos,QQQ,2023-07-31,2023-08-01,-202.7963,-0.500592,stop,3,405.11,debit,0,short_dated|dte=7|long_delta=0.5|lookback=5|short_delta=0.3|sma=20|thresh=0.005
short_dated,oos,IWM,2023-07-31,2023-08-02,-275.9023,-0.630840,stop_gap,5,437.36,debit,0,short_dated|dte=7|long_delta=0.5|lookback=5|short_delta=0.3|sma=20|thresh=0.005
short_dated,oos,SPY,2023-07-31,2023-08-02,-394.2024,-0.881832,stop_gap,5,447.03,debit,0,short_dated|dte=7|long_delta=0.5|lookback=5|short_delta=0.3|sma=20|thresh=0.005
short_dated,oos,QQQ,2023-08-02,2023-08-02,-219.0527,-0.500365,stop,2,437.79,debit,0,short_dated|dte=7|long_delta=0.5|lookback=5|short_delta=0.3|sma=20|thresh=0.005
short_dated,oos,IWM,2023-08-07,2023-08-08,294.4820,0.717835,target,5,410.24,debit,0,short_dated|dte=7|long_delta=0.5|lookback=5|short_delta=0.3|sma=20|thresh=0.005
short_dated,oos,QQQ,2023-08-03,2023-08-10,-133.2823,-0.500300,stop,1,266.40,debit,0,short_dated|dte=7|long_delta=0.5|lookback=5|short_delta=0.3|sma=20|thresh=0.005
short_dated,oos,SPY,2023-08-03,2023-08-10,-114.3895,-0.500350,stop,1,228.62,debit,0,short_dated|dte=7|long_delta=0.5|lookback=5|short_delta=0.3|sma=20|thresh=0.005
short_dated,oos,IWM,2023-08-09,2023-08-14,279.3486,0.819630,target,3,340.82,debit,0,short_dated|dte=7|long_delta=0.5|lookback=5|short_delta=0.3|sma=20|thresh=0.005
short_dated,oos,QQQ,2023-08-11,2023-08-14,-184.3856,-0.500434,stop,2,368.45,debit,0,short_dated|dte=7|long_delta=0.5|lookback=5|short_delta=0.3|sma=20|thresh=0.005
short_dated,oos,SPY,2023-08-11,2023-08-14,-180.9794,-0.500442,stop,2,361.64,debit,0,short_dated|dte=7|long_delta=0.5|lookback=5|short_delta=0.3|sma=20|thresh=0.005
short_dated,oos,IWM,2023-08-15,2023-08-16,293.4125,0.711519,target,5,412.37,debit,0,short_dated|dte=7|long_delta=0.5|lookback=5|short_delta=0.3|sma=20|thresh=0.005
short_dated,oos,QQQ,2023-08-15,2023-08-16,245.3112,0.793740,target,2,309.06,debit,0,short_dated|dte=7|long_delta=0.5|lookback=5|short_delta=0.3|sma=20|thresh=0.005
short_dated,oos,SPY,2023-08-15,2023-08-16,385.5651,0.900370,target,4,428.23,debit,0,short_dated|dte=7|long_delta=0.5|lookback=5|short_delta=0.3|sma=20|thresh=0.005
short_dated,oos,QQQ,2023-08-17,2023-08-18,216.9948,0.816229,target,1,265.85,debit,0,short_dated|dte=7|long_delta=0.5|lookback=5|short_delta=0.3|sma=20|thresh=0.005
short_dated,oos,QQQ,2023-08-21,2023-08-21,-154.3603,-0.500519,stop,2,308.40,debit,0,short_dated|dte=7|long_delta=0.5|lookback=5|short_delta=0.3|sma=20|thresh=0.005
short_dated,oos,SPY,2023-08-17,2023-08-23,-114.3702,-0.500350,stop,1,228.58,debit,0,short_dated|dte=7|long_delta=0.5|lookback=5|short_delta=0.3|sma=20|thresh=0.005
short_dated,oos,QQQ,2023-08-22,2023-08-23,-153.0936,-0.500523,stop,2,305.87,debit,0,short_dated|dte=7|long_delta=0.5|lookback=5|short_delta=0.3|sma=20|thresh=0.005
short_dated,oos,IWM,2023-08-17,2023-08-24,248.6809,0.822580,target,2,302.32,debit,0,short_dated|dte=7|long_delta=0.5|lookback=5|short_delta=0.3|sma=20|thresh=0.005
short_dated,oos,IWM,2023-08-31,2023-09-05,-201.1349,-0.500597,stop,3,401.79,debit,0,short_dated|dte=7|long_delta=0.5|lookback=5|short_delta=0.3|sma=20|thresh=0.005
short_dated,oos,QQQ,2023-08-30,2023-09-06,-131.0399,-0.500305,stop,1,261.92,debit,0,short_dated|dte=7|long_delta=0.5|lookback=5|short_delta=0.3|sma=20|thresh=0.005
short_dated,oos,SPY,2023-08-30,2023-09-06,-256.0735,-0.591087,stop_gap,2,433.22,debit,0,short_dated|dte=7|long_delta=0.5|lookback=5|short_delta=0.3|sma=20|thresh=0.005
short_dated,oos,IWM,2023-09-07,2023-09-14,-190.4749,-0.501052,stop,5,380.15,debit,0,short_dated|dte=7|long_delta=0.5|lookback=5|short_delta=0.3|sma=20|thresh=0.005
short_dated,oos,IWM,2023-09-15,2023-09-15,-223.6782,-0.500896,stop,5,446.56,debit,0,short_dated|dte=7|long_delta=0.5|lookback=5|short_delta=0.3|sma=20|thresh=0.005
short_dated,oos,QQQ,2023-09-15,2023-09-15,-182.8295,-0.500438,stop,2,365.34,debit,0,short_dated|dte=7|long_delta=0.5|lookback=5|short_delta=0.3|sma=20|thresh=0.005
short_dated,oos,SPY,2023-09-15,2023-09-15,-195.5648,-0.500614,stop,3,390.65,debit,0,short_dated|dte=7|long_delta=0.5|lookback=5|short_delta=0.3|sma=20|thresh=0.005
short_dated,oos,IWM,2023-09-19,2023-09-20,-207.4313,-0.500966,stop,5,414.06,debit,0,short_dated|dte=7|long_delta=0.5|lookback=5|short_delta=0.3|sma=20|thresh=0.005
short_dated,oos,QQQ,2023-09-19,2023-09-20,245.3207,0.793819,target,2,309.04,debit,0,short_dated|dte=7|long_delta=0.5|lookback=5|short_delta=0.3|sma=20|thresh=0.005
short_dated,oos,SPY,2023-09-19,2023-09-21,278.2336,0.811052,target,3,343.05,debit,0,short_dated|dte=7|long_delta=0.5|lookback=5|short_delta=0.3|sma=20|thresh=0.005
short_dated,oos,IWM,2023-09-21,2023-09-26,273.4408,0.775414,target,3,352.64,debit,0,short_dated|dte=7|long_delta=0.5|lookback=5|short_delta=0.3|sma=20|thresh=0.005
short_dated,oos,QQQ,2023-09-21,2023-09-26,381.1603,0.871504,target,2,437.36,debit,0,short_dated|dte=7|long_delta=0.5|lookback=5|short_delta=0.3|sma=20|thresh=0.005
short_dated,oos,SPY,2023-09-22,2023-09-26,186.8585,0.826358,target,1,226.12,debit,0,short_dated|dte=7|long_delta=0.5|lookback=5|short_delta=0.3|sma=20|thresh=0.005
short_dated,oos,IWM,2023-09-27,2023-09-29,-185.0275,-0.608326,stop_gap,2,304.16,debit,0,short_dated|dte=7|long_delta=0.5|lookback=5|short_delta=0.3|sma=20|thresh=0.005
short_dated,oos,QQQ,2023-09-27,2023-09-29,-138.1478,-0.520036,stop_gap,1,265.65,debit,0,short_dated|dte=7|long_delta=0.5|lookback=5|short_delta=0.3|sma=20|thresh=0.005
short_dated,oos,IWM,2023-10-03,2023-10-04,311.0722,0.825004,target,5,377.06,debit,0,short_dated|dte=7|long_delta=0.5|lookback=3|short_delta=0.3|sma=20|thresh=0.003
short_dated,oos,SPY,2023-09-27,2023-10-05,251.2171,0.844694,target,1,297.41,debit,0,short_dated|dte=7|long_delta=0.5|lookback=5|short_delta=0.3|sma=20|thresh=0.005
short_dated,oos,QQQ,2023-10-04,2023-10-06,-129.1496,-0.500310,stop,1,258.14,debit,0,short_dated|dte=7|long_delta=0.5|lookback=3|short_delta=0.3|sma=20|thresh=0.003
short_dated,oos,IWM,2023-10-05,2023-10-06,-173.0058,-0.500695,stop,3,345.53,debit,0,short_dated|dte=7|long_delta=0.5|lookback=3|short_delta=0.3|sma=20|thresh=0.003
short_dated,oos,SPY,2023-10-06,2023-10-06,-186.1387,-0.500430,stop,2,371.96,debit,0,short_dated|dte=7|long_delta=0.5|lookback=3|short_delta=0.3|sma=20|thresh=0.003
short_dated,oos,QQQ,2023-10-09,2023-10-10,252.8983,0.642325,target,3,393.72,debit,0,short_dated|dte=7|long_delta=0.5|lookback=3|short_delta=0.3|sma=20|thresh=0.003
short_dated,oos,QQQ,2023-10-11,2023-10-13,-126.1296,-0.500317,stop,1,252.10,debit,0,short_dated|dte=7|long_delta=0.5|lookback=3|short_delta=0.3|sma=20|thresh=0.003
short_dated,oos,SPY,2023-10-11,2023-10-13,-131.9052,-0.500303,stop,1,263.65,debit,0,short_dated|dte=7|long_delta=0.5|lookback=3|short_delta=0.3|sma=20|thresh=0.003
short_dated,oos,IWM,2023-10-13,2023-10-17,-179.8845,-0.500668,stop,3,359.29,debit,0,short_dated|dte=7|long_delta=0.5|lookback=3|short_delta=0.3|sma=20|thresh=0.003
short_dated,oos,IWM,2023-10-18,2023-10-19,-194.1886,-0.500619,stop,3,387.90,debit,0,short_dated|dte=7|long_delta=0.5|lookback=3|short_delta=0.3|sma=20|thresh=0.003
short_dated,oos,SPY,2023-10-18,2023-10-19,-128.2221,-0.500312,stop,1,256.28,debit,0,short_dated|dte=7|long_delta=0.5|lookback=3|short_delta=0.3|sma=20|thresh=0.003
short_dated,oos,IWM,2023-10-20,2023-10-23,271.8150,0.763761,target,3,355.89,debit,0,short_dated|dte=7|long_delta=0.5|lookback=3|short_delta=0.3|sma=20|thresh=0.003
short_dated,oos,QQQ,2023-10-20,2023-10-23,219.3574,0.840047,target,1,261.13,debit,0,short_dated|dte=7|long_delta=0.5|lookback=3|short_delta=0.3|sma=20|thresh=0.003
short_dated,oos,SPY,2023-10-20,2023-10-23,214.8757,0.795574,target,1,270.09,debit,0,short_dated|dte=7|long_delta=0.5|lookback=3|short_delta=0.3|sma=20|thresh=0.003
short_dated,oos,IWM,2023-10-24,2023-10-25,276.5737,0.798486,target,3,346.37,debit,0,short_dated|dte=7|long_delta=0.5|lookback=3|short_delta=0.3|sma=20|thresh=0.003
short_dated,oos,QQQ,2023-10-24,2023-10-25,313.6860,0.842544,target,2,372.31,debit,0,short_dated|dte=7|long_delta=0.5|lookback=3|short_delta=0.3|sma=20|thresh=0.003
short_dated,oos,SPY,2023-10-24,2023-10-25,245.5145,0.795444,target,2,308.65,debit,0,short_dated|dte=7|long_delta=0.5|lookback=3|short_delta=0.3|sma=20|thresh=0.003
short_dated,oos,IWM,2023-10-26,2023-11-01,-222.5627,-0.500720,stop,4,444.49,debit,0,short_dated|dte=7|long_delta=0.5|lookback=3|short_delta=0.3|sma=20|thresh=0.003
short_dated,oos,QQQ,2023-10-26,2023-11-01,-142.0273,-0.528066,stop_gap,1,268.96,debit,0,short_dated|dte=7|long_delta=0.5|lookback=3|short_delta=0.3|sma=20|thresh=0.003
short_dated,oos,SPY,2023-10-26,2023-11-01,-151.2359,-0.579962,stop_gap,1,260.77,debit,0,short_dated|dte=7|long_delta=0.5|lookback=3|short_delta=0.3|sma=20|thresh=0.003
short_dated,oos,IWM,2023-11-03,2023-11-06,-184.5347,-0.500869,stop,4,368.43,debit,0,short_dated|dte=7|long_delta=0.5|lookback=3|short_delta=0.3|sma=20|thresh=0.003
short_dated,oos,QQQ,2023-11-03,2023-11-07,279.6694,0.635120,target,2,440.34,debit,0,short_dated|dte=7|long_delta=0.5|lookback=3|short_delta=0.3|sma=20|thresh=0.003
short_dated,oos,IWM,2023-11-07,2023-11-08,-227.6599,-0.501763,stop,10,453.72,debit,0,short_dated|dte=7|long_delta=0.5|lookback=3|short_delta=0.3|sma=20|thresh=0.003
short_dated,oos,SPY,2023-11-03,2023-11-09,227.9221,0.662881,target,2,343.84,debit,0,short_dated|dte=7|long_delta=0.5|lookback=3|short_delta=0.3|sma=20|thresh=0.003
short_dated,oos,IWM,2023-11-10,2023-11-13,-224.6686,-0.501071,stop,6,448.38,debit,0,short_dated|dte=7|long_delta=0.5|lookback=3|short_delta=0.3|sma=20|thresh=0.003
short_dated,oos,QQQ,2023-11-08,2023-11-14,286.5305,0.671631,target,2,426.62,debit,0,short_dated|dte=7|long_delta=0.5|lookback=3|short_delta=0.3|sma=20|thresh=0.003
short_dated,oos,SPY,2023-11-13,2023-11-14,237.1488,0.557705,target,3,425.22,debit,0,short_dated|dte=7|long_delta=0.5|lookback=3|short_delta=0.3|sma=20|thresh=0.003
short_dated,oos,IWM,2023-11-15,2023-11-16,-223.1177,-0.500898,stop,5,445.44,debit,0,short_dated|dte=7|long_delta=0.5|lookback=3|short_delta=0.3|sma=20|thresh=0.003
short_dated,oos,QQQ,2023-11-15,2023-11-22,286.2494,0.670089,target,2,427.18,debit,0,short_dated|dte=7|long_delta=0.5|lookback=3|short_delta=0.3|sma=20|thresh=0.003
short_dated,oos,SPY,2023-11-15,2023-11-22,225.3933,0.646023,target,2,348.89,debit,0,short_dated|dte=7|long_delta=0.5|lookback=3|short_delta=0.3|sma=20|thresh=0.003
short_dated,oos,IWM,2023-11-17,2023-11-24,-404.7062,-0.956623,stop_gap,5,423.06,debit,0,short_dated|dte=7|long_delta=0.5|lookback=3|short_delta=0.3|sma=20|thresh=0.003
short_dated,oos,IWM,2023-11-28,2023-11-28,-219.3380,-0.501830,stop,10,437.08,debit,0,short_dated|dte=7|long_delta=0.5|lookback=3|short_delta=0.3|sma=20|thresh=0.003
short_dated,oos,QQQ,2023-11-24,2023-11-30,-172.3657,-0.500465,stop,2,344.41,debit,0,short_dated|dte=7|long_delta=0.5|lookback=3|short_delta=0.3|sma=20|thresh=0.003
short_dated,oos,SPY,2023-11-24,2023-11-30,-178.4532,-0.500449,stop,2,356.59,debit,0,short_dated|dte=7|long_delta=0.5|lookback=3|short_delta=0.3|sma=20|thresh=0.003
short_dated,oos,IWM,2023-12-01,2023-12-01,247.1574,0.609956,target,3,405.21,debit,0,short_dated|dte=7|long_delta=0.5|lookback=3|short_delta=0.3|sma=20|thresh=0.003
short_dated,oos,SPY,2023-12-01,2023-12-06,-178.1047,-0.500450,stop,2,355.89,debit,0,short_dated|dte=7|long_delta=0.5|lookback=3|short_delta=0.3|sma=20|thresh=0.003
short_dated,oos,IWM,2023-12-04,2023-12-06,209.2139,0.549216,target,4,380.93,debit,0,short_dated|dte=7|long_delta=0.5|lookback=3|short_delta=0.3|sma=20|thresh=0.003
short_dated,oos,QQQ,2023-12-07,2023-12-11,-125.8421,-0.549705,stop_gap,1,228.93,debit,0,short_dated|dte=7|long_delta=0.5|lookback=3|short_delta=0.3|sma=20|thresh=0.003
short_dated,oos,SPY,2023-12-08,2023-12-12,223.6067,0.634405,target,2,352.47,debit,0,short_dated|dte=7|long_delta=0.5|lookback=3|short_delta=0.3|sma=20|thresh=0.003
short_dated,oos,IWM,2023-12-11,2023-12-13,-214.9649,-0.500932,stop,5,429.13,debit,0,short_dated|dte=7|long_delta=0.5|lookback=3|short_delta=0.3|sma=20|thresh=0.003
short_dated,oos,QQQ,2023-12-12,2023-12-13,257.5747,0.670121,target,3,384.37,debit,0,short_dated|dte=7|long_delta=0.5|lookback=3|short_delta=0.3|sma=20|thresh=0.003
short_dated,oos,SPY,2023-12-13,2023-12-14,220.8912,0.617191,target,2,357.90,debit,0,short_dated|dte=7|long_delta=0.5|lookback=3|short_delta=0.3|sma=20|thresh=0.003
short_dated,oos,QQQ,2023-12-14,2023-12-14,-172.8460,-0.500463,stop,2,345.37,debit,0,short_dated|dte=7|long_delta=0.5|lookback=3|short_delta=0.3|sma=20|thresh=0.003
short_dated,oos,IWM,2023-12-14,2023-12-19,248.8535,0.619327,target,3,401.81,debit,0,short_dated|dte=7|long_delta=0.5|lookback=3|short_delta=0.3|sma=20|thresh=0.003
short_dated,oos,SPY,2023-12-15,2023-12-19,224.8311,0.642342,target,2,350.02,debit,0,short_dated|dte=7|long_delta=0.5|lookback=3|short_delta=0.3|sma=20|thresh=0.003
short_dated,oos,QQQ,2023-12-15,2023-12-20,-171.6071,-0.500467,stop,2,342.89,debit,0,short_dated|dte=7|long_delta=0.5|lookback=3|short_delta=0.3|sma=20|thresh=0.003
short_dated,oos,IWM,2023-12-20,2023-12-20,-202.5254,-0.500593,stop,3,404.57,debit,0,short_dated|dte=7|long_delta=0.5|lookback=3|short_delta=0.3|sma=20|thresh=0.003
short_dated,oos,SPY,2023-12-20,2023-12-20,-168.3210,-0.500476,stop,2,336.32,debit,0,short_dated|dte=7|long_delta=0.5|lookback=3|short_delta=0.3|sma=20|thresh=0.003
short_dated,oos,IWM,2023-12-22,2023-12-26,249.2765,0.621688,target,3,400.97,debit,0,short_dated|dte=7|long_delta=0.5|lookback=3|short_delta=0.3|sma=20|thresh=0.003
short_dated,oos,IWM,2023-12-27,2023-12-29,-197.0457,-0.500610,stop,3,393.61,debit,0,short_dated|dte=7|long_delta=0.5|lookback=3|short_delta=0.3|sma=20|thresh=0.003
short_dated,oos,QQQ,2023-12-27,2024-01-02,-392.0030,-0.926294,stop_gap,2,423.20,debit,0,short_dated|dte=7|long_delta=0.5|lookback=3|short_delta=0.3|sma=20|thresh=0.003
short_dated,oos,SPY,2023-12-27,2024-01-02,-351.3749,-0.817358,stop_gap,2,429.89,debit,0,short_dated|dte=7|long_delta=0.5|lookback=3|short_delta=0.3|sma=20|thresh=0.003
short_dated,oos,IWM,2024-01-04,2024-01-08,-171.5936,-0.500700,stop,3,342.71,debit,0,short_dated|dte=7|long_delta=0.5|lookback=3|short_delta=0.3|sma=20|thresh=0.003
short_dated,oos,QQQ,2024-01-04,2024-01-08,-191.8201,-0.500417,stop,2,383.32,debit,0,short_dated|dte=7|long_delta=0.5|lookback=3|short_delta=0.3|sma=20|thresh=0.003
short_dated,oos,SPY,2024-01-05,2024-01-08,-184.4208,-0.500434,stop,2,368.52,debit,0,short_dated|dte=7|long_delta=0.5|lookback=3|short_delta=0.3|sma=20|thresh=0.003
short_dated,oos,QQQ,2024-01-09,2024-01-09,249.3479,0.622088,target,3,400.82,debit,0,short_dated|dte=7|long_delta=0.5|lookback=3|short_delta=0.3|sma=20|thresh=0.003
short_dated,oos,SPY,2024-01-09,2024-01-10,255.2494,0.656133,target,3,389.02,debit,0,short_dated|dte=7|long_delta=0.5|lookback=3|short_delta=0.3|sma=20|thresh=0.003
short_dated,oos,SPY,2024-01-11,2024-01-11,-177.2396,-0.500452,stop,2,354.16,debit,0,short_dated|dte=7|long_delta=0.5|lookback=3|short_delta=0.3|sma=20|thresh=0.003
short_dated,oos,IWM,2024-01-12,2024-01-16,382.0496,0.877749,target,4,435.26,debit,0,short_dated|dte=7|long_delta=0.5|lookback=3|short_delta=0.3|sma=20|thresh=0.003
short_dated,oos,SPY,2024-01-12,2024-01-16,-237.0833,-0.665968,stop_gap,2,356.00,debit,0,short_dated|dte=7|long_delta=0.5|lookback=3|short_delta=0.3|sma=20|thresh=0.003
short_dated,oos,QQQ,2024-01-10,2024-01-17,-175.4038,-0.500457,stop,2,350.49,debit,0,short_dated|dte=7|long_delta=0.5|lookback=3|short_delta=0.3|sma=20|thresh=0.003
short_dated,oos,IWM,2024-01-17,2024-01-18,-220.1401,-0.500728,stop,4,439.64,debit,0,short_dated|dte=7|long_delta=0.5|lookback=3|short_delta=0.3|sma=20|thresh=0.003
short_dated,oos,SPY,2024-01-18,2024-01-19,-224.1916,-0.500357,stop,2,448.06,debit,0,short_dated|dte=7|long_delta=0.5|lookback=3|short_delta=0.3|sma=20|thresh=0.003
short_dated,oos,IWM,2024-01-19,2024-01-22,-233.0766,-0.635885,stop_gap,3,366.54,debit,0,short_dated|dte=7|long_delta=0.5|lookback=3|short_delta=0.3|sma=20|thresh=0.003
short_dated,oos,QQQ,2024-01-19,2024-01-22,225.2368,0.644996,target,2,349.21,debit,0,short_dated|dte=7|long_delta=0.5|lookback=3|short_delta=0.3|sma=20|thresh=0.003
short_dated,oos,IWM,2024-01-23,2024-01-23,-190.6583,-0.500841,stop,4,380.68,debit,0,short_dated|dte=7|long_delta=0.5|lookback=3|short_delta=0.3|sma=20|thresh=0.003
short_dated,oos,SPY,2024-01-22,2024-01-24,242.7025,0.586075,target,3,414.12,debit,0,short_dated|dte=7|long_delta=0.5|lookback=3|short_delta=0.3|sma=20|thresh=0.003
short_dated,oos,QQQ,2024-01-23,2024-01-24,254.8184,0.653576,target,3,389.88,debit,0,short_dated|dte=7|long_delta=0.5|lookback=3|short_delta=0.3|sma=20|thresh=0.003
short_dated,oos,QQQ,2024-01-25,2024-01-26,-221.8582,-0.500361,stop,2,443.40,debit,0,short_dated|dte=7|long_delta=0.5|lookback=3|short_delta=0.3|sma=20|thresh=0.003
short_dated,oos,SPY,2024-01-25,2024-01-31,-220.0542,-0.500364,stop,2,439.79,debit,0,short_dated|dte=7|long_delta=0.5|lookback=3|short_delta=0.3|sma=20|thresh=0.003
short_dated,oos,IWM,2024-01-30,2024-01-31,-202.9167,-0.500592,stop,3,405.35,debit,0,short_dated|dte=7|long_delta=0.5|lookback=3|short_delta=0.3|sma=20|thresh=0.003
short_dated,oos,QQQ,2024-01-30,2024-01-31,-315.1631,-0.885172,stop_gap,2,356.05,debit,0,short_dated|dte=7|long_delta=0.5|lookback=3|short_delta=0.3|sma=20|thresh=0.003
short_dated,oos,IWM,2024-02-01,2024-02-05,242.3723,0.769594,target,2,314.94,debit,0,short_dated|dte=7|long_delta=0.5|lookback=3|short_delta=0.3|sma=20|thresh=0.003
short_dated,oos,QQQ,2024-02-05,2024-02-05,-180.8239,-0.500443,stop,2,361.33,debit,0,short_dated|dte=7|long_delta=0.5|lookback=3|short_delta=0.3|sma=20|thresh=0.003
short_dated,oos,SPY,2024-02-05,2024-02-05,-203.1807,-0.500591,stop,3,405.88,debit,0,short_dated|dte=7|long_delta=0.5|lookback=3|short_delta=0.3|sma=20|thresh=0.003
short_dated,oos,QQQ,2024-02-06,2024-02-06,-198.7588,-0.500604,stop,3,397.04,debit,0,short_dated|dte=7|long_delta=0.5|lookback=3|short_delta=0.3|sma=20|thresh=0.003
short_dated,oos,IWM,2024-02-06,2024-02-07,-298.0360,-0.732438,stop_gap,5,406.91,debit,0,short_dated|dte=7|long_delta=0.5|lookback=3|short_delta=0.3|sma=20|thresh=0.003
short_dated,oos,SPY,2024-02-06,2024-02-07,257.2675,0.668253,target,3,384.98,debit,0,short_dated|dte=7|long_delta=0.5|lookback=3|short_delta=0.3|sma=20|thresh=0.003
short_dated,oos,IWM,2024-02-08,2024-02-09,-176.3275,-0.578640,stop_gap,2,304.73,debit,0,short_dated|dte=7|long_delta=0.5|lookback=3|short_delta=0.3|sma=20|thresh=0.003
short_dated,oos,QQQ,2024-02-07,2024-02-12,171.4921,0.667659,target,1,256.86,debit,0,short_dated|dte=7|long_delta=0.5|lookback=3|short_delta=0.3|sma=20|thresh=0.003
short_dated,oos,IWM,2024-02-12,2024-02-12,220.7330,0.616755,target,4,357.89,debit,0,short_dated|dte=7|long_delta=0.5|lookback=3|short_delta=0.3|sma=20|thresh=0.003
short_dated,oos,SPY,2024-02-08,2024-02-13,-246.1703,-0.712474,stop_gap,2,345.51,debit,0,short_dated|dte=7|long_delta=0.5|lookback=3|short_delta=0.3|sma=20|thresh=0.003
short_dated,oos,IWM,2024-02-13,2024-02-13,-190.2951,-0.500842,stop,4,379.95,debit,0,short_dated|dte=7|long_delta=0.5|lookback=3|short_delta=0.3|sma=20|thresh=0.003
short_dated,oos,QQQ,2024-02-13,2024-02-14,219.4738,0.608412,target,2,360.73,debit,0,short_dated|dte=7|long_delta=0.5|lookback=3|short_delta=0.3|sma=20|thresh=0.003
short_dated,oos,IWM,2024-02-14,2024-02-15,-152.9293,-0.500524,stop,2,305.54,debit,0,short_dated|dte=7|long_delta=0.5|lookback=3|short_delta=0.3|sma=20|thresh=0.003
short_dated,oos,IWM,2024-02-16,2024-02-20,-304.3224,-0.730586,stop_gap,3,416.55,debit,0,short_dated|dte=7|long_delta=0.5|lookback=3|short_delta=0.3|sma=20|thresh=0.003
short_dated,oos,QQQ,2024-02-20,2024-02-20,-197.0583,-0.500610,stop,3,393.64,debit,0,short_dated|dte=7|long_delta=0.5|lookback=3|short_delta=0.3|sma=20|thresh=0.003
short_dated,oos,SPY,2024-02-20,2024-02-20,-196.3897,-0.500612,stop,3,392.30,debit,0,short_dated|dte=7|long_delta=0.5|lookback=3|short_delta=0.3|sma=20|thresh=0.003
short_dated,oos,QQQ,2024-02-21,2024-02-22,-166.8410,-0.649855,stop_gap,1,256.74,debit,0,short_dated|dte=7|long_delta=0.5|lookback=3|short_delta=0.3|sma=20|thresh=0.003
short_dated,oos,QQQ,2024-02-23,2024-02-26,-110.6603,-0.500362,stop,1,221.16,debit,0,short_dated|dte=7|long_delta=0.5|lookback=3|short_delta=0.3|sma=20|thresh=0.003
short_dated,oos,SPY,2024-02-23,2024-02-26,-176.4373,-0.500454,stop,2,352.55,debit,0,short_dated|dte=7|long_delta=0.5|lookback=3|short_delta=0.3|sma=20|thresh=0.003
short_dated,oos,IWM,2024-02-26,2024-02-27,223.3484,0.633319,target,4,352.66,debit,0,short_dated|dte=7|long_delta=0.5|lookback=3|short_delta=0.3|sma=20|thresh=0.003
short_dated,oos,QQQ,2024-02-27,2024-02-28,-210.1941,-0.523261,stop_gap,3,401.70,debit,0,short_dated|dte=7|long_delta=0.5|lookback=3|short_delta=0.3|sma=20|thresh=0.003
short_dated,oos,SPY,2024-02-27,2024-02-28,-198.9992,-0.500604,stop,3,397.52,debit,0,short_dated|dte=7|long_delta=0.5|lookback=3|short_delta=0.3|sma=20|thresh=0.003
short_dated,oos,IWM,2024-02-28,2024-03-04,251.8290,0.636153,target,3,395.86,debit,0,short_dated|dte=7|long_delta=0.5|lookback=3|short_delta=0.3|sma=20|thresh=0.003
short_dated,oos,QQQ,2024-03-01,2024-03-05,-112.3624,-0.500356,stop,1,224.56,debit,0,short_dated|dte=7|long_delta=0.5|lookback=3|short_delta=0.3|sma=20|thresh=0.003
short_dated,oos,SPY,2024-03-01,2024-03-05,-111.6672,-0.500358,stop,1,223.17,debit,0,short_dated|dte=7|long_delta=0.5|lookback=3|short_delta=0.3|sma=20|thresh=0.003
short_dated,oos,IWM,2024-03-05,2024-03-07,250.9365,0.631053,target,3,397.65,debit,0,short_dated|dte=7|long_delta=0.5|lookback=3|short_delta=0.3|sma=20|thresh=0.003
short_dated,oos,QQQ,2024-03-08,2024-03-08,-132.4720,-0.500302,stop,1,264.78,debit,0,short_dated|dte=7|long_delta=0.5|lookback=3|short_delta=0.3|sma=20|thresh=0.003
short_dated,oos,IWM,2024-03-08,2024-03-11,-251.4335,-0.623317,stop_gap,3,403.38,debit,0,short_dated|dte=7|long_delta=0.5|lookback=3|short_delta=0.3|sma=20|thresh=0.003
short_dated,oos,SPY,2024-03-08,2024-03-11,-144.5981,-0.660597,stop_gap,1,218.89,debit,0,short_dated|dte=7|long_delta=0.5|lookback=3|short_delta=0.3|sma=20|thresh=0.003
short_dated,oos,QQQ,2024-03-11,2024-03-14,-174.7420,-0.500458,stop,2,349.16,debit,0,short_dated|dte=7|long_delta=0.5|lookback=3|short_delta=0.3|sma=20|thresh=0.003
short_dated,oos,SPY,2024-03-12,2024-03-14,-168.5827,-0.500475,stop,2,336.85,debit,0,short_dated|dte=7|long_delta=0.5|lookback=3|short_delta=0.3|sma=20|thresh=0.003
short_dated,oos,IWM,2024-03-15,2024-03-20,-157.2715,-0.500509,stop,2,314.22,debit,0,short_dated|dte=7|long_delta=0.5|lookback=3|short_delta=0.3|sma=20|thresh=0.003
short_dated,oos,QQQ,2024-03-15,2024-03-20,141.4971,0.652524,target,1,216.85,debit,0,short_dated|dte=7|long_delta=0.5|lookback=3|short_delta=0.3|sma=20|thresh=0.003
short_dated,oos,SPY,2024-03-15,2024-03-20,141.9147,0.656980,target,1,216.01,debit,0,short_dated|dte=7|long_delta=0.5|lookback=3|short_delta=0.3|sma=20|thresh=0.003
short_dated,oos,IWM,2024-03-21,2024-03-25,-203.7314,-0.500590,stop,3,406.98,debit,0,short_dated|dte=7|long_delta=0.5|lookback=3|short_delta=0.3|sma=20|thresh=0.003
short_dated,oos,QQQ,2024-03-21,2024-03-25,-204.8668,-0.781260,stop_gap,1,262.23,debit,0,short_dated|dte=7|long_delta=0.5|lookback=3|short_delta=0.3|sma=20|thresh=0.003
short_dated,oos,SPY,2024-03-21,2024-03-25,-245.1738,-0.683370,stop_gap,2,358.77,debit,0,short_dated|dte=7|long_delta=0.5|lookback=3|short_delta=0.3|sma=20|thresh=0.003
short_dated,oos,IWM,2024-03-28,2024-04-01,-201.7961,-0.500595,stop,3,403.11,debit,0,short_dated|dte=7|long_delta=0.5|lookback=3|short_delta=0.3|sma=20|thresh=0.003
short_dated,oos,SPY,2024-03-28,2024-04-01,-172.0443,-0.500465,stop,2,343.77,debit,0,short_dated|dte=7|long_delta=0.5|lookback=3|short_delta=0.3|sma=20|thresh=0.003
short_dated,oos,IWM,2024-04-02,2024-04-02,-212.9550,-0.500941,stop,5,425.11,debit,0,short_dated|dte=7|long_delta=0.5|lookback=3|short_delta=0.3|sma=20|thresh=0.003
short_dated,oos,QQQ,2024-04-02,2024-04-04,224.7959,0.642112,target,2,350.09,debit,0,short_dated|dte=7|long_delta=0.5|lookback=3|short_delta=0.3|sma=20|thresh=0.003
short_dated,oos,SPY,2024-04-02,2024-04-04,237.1810,0.557865,target,3,425.16,debit,0,short_dated|dte=7|long_delta=0.5|lookback=3|short_delta=0.3|sma=20|thresh=0.003
short_dated,oos,IWM,2024-04-03,2024-04-04,-194.8285,-0.626540,stop_gap,2,310.96,debit,0,short_dated|dte=7|long_delta=0.5|lookback=3|short_delta=0.3|sma=20|thresh=0.003
short_dated,oos,IWM,2024-04-05,2024-04-08,-208.6424,-0.617105,stop_gap,3,338.10,debit,0,short_dated|dte=7|long_delta=0.5|lookback=3|short_delta=0.3|sma=20|thresh=0.003
short_dated,oos,QQQ,2024-04-05,2024-04-08,-140.5596,-0.552285,stop_gap,1,254.51,debit,0,short_dated|dte=7|long_delta=0.5|lookback=3|short_delta=0.3|sma=20|thresh=0.003
short_dated,oos,SPY,2024-04-05,2024-04-08,-140.5616,-0.545175,stop_gap,1,257.83,debit,0,short_dated|dte=7|long_delta=0.5|lookback=3|short_delta=0.3|sma=20|thresh=0.003
short_dated,oos,QQQ,2024-04-09,2024-04-10,253.8821,0.869710,target,2,291.92,debit,0,short_dated|dte=7|long_delta=0.5|lookback=3|short_delta=0.3|sma=20|thresh=0.003
short_dated,oos,IWM,2024-04-10,2024-04-12,-190.4162,-0.500631,stop,3,380.35,debit,0,short_dated|dte=7|long_delta=0.5|lookback=3|short_delta=0.3|sma=20|thresh=0.003
short_dated,oos,SPY,2024-04-10,2024-04-15,-131.4362,-0.500305,stop,1,262.71,debit,0,short_dated|dte=7|long_delta=0.5|lookback=3|short_delta=0.3|sma=20|thresh=0.003
short_dated,oos,QQQ,2024-04-11,2024-04-15,219.1672,0.838097,target,1,261.51,debit,0,short_dated|dte=7|long_delta=0.5|lookback=3|short_delta=0.3|sma=20|thresh=0.003
short_dated,oos,IWM,2024-04-15,2024-04-15,268.6263,0.741514,target,3,362.27,debit,0,short_dated|dte=7|long_delta=0.5|lookback=3|short_delta=0.3|sma=20|thresh=0.003
short_dated,oos,IWM,2024-04-16,2024-04-17,-201.5610,-0.560531,stop_gap,3,359.59,debit,0,short_dated|dte=7|long_delta=0.5|lookback=3|short_delta=0.3|sma=20|thresh=0.003
short_dated,oos,QQQ,2024-04-16,2024-04-18,314.5333,0.848683,target,2,370.61,debit,0,short_dated|dte=7|long_delta=0.5|lookback=3|short_delta=0.3|sma=20|thresh=0.003
short_dated,oos,SPY,2024-04-16,2024-04-18,316.2231,0.861095,target,2,367.23,debit,0,short_dated|dte=7|long_delta=0.5|lookback=3|short_delta=0.3|sma=20|thresh=0.003
short_dated,oos,IWM,2024-04-18,2024-04-22,-151.3370,-0.500529,stop,2,302.35,debit,0,short_dated|dte=7|long_delta=0.5|lookback=3|short_delta=0.3|sma=20|thresh=0.003
short_dated,oos,SPY,2024-04-19,2024-04-23,-129.7417,-0.500308,stop,1,259.32,debit,0,short_dated|dte=7|long_delta=0.5|lookback=3|short_delta=0.3|sma=20|thresh=0.003
short_dated,oos,QQQ,2024-04-19,2024-04-24,-200.4778,-0.759420,stop_gap,1,263.99,debit,0,short_dated|dte=7|long_delta=0.5|lookback=3|short_delta=0.3|sma=20|thresh=0.003
short_dated,oos,IWM,2024-04-30,2024-04-30,-185.4611,-0.500864,stop,4,370.28,debit,0,short_dated|dte=7|long_delta=0.5|lookback=3|short_delta=0.3|sma=20|thresh=0.003
short_dated,oos,QQQ,2024-04-30,2024-04-30,-182.0910,-0.500440,stop,2,363.86,debit,0,short_dated|dte=7|long_delta=0.5|lookback=3|short_delta=0.3|sma=20|thresh=0.003
short_dated,oos,SPY,2024-04-30,2024-04-30,-199.6016,-0.500602,stop,3,398.72,debit,0,short_dated|dte=7|long_delta=0.5|lookback=3|short_delta=0.3|sma=20|thresh=0.003
short_dated,oos,IWM,2024-05-02,2024-05-03,-235.1399,-0.665159,stop_gap,3,353.51,debit,0,short_dated|dte=7|long_delta=0.5|lookback=3|short_delta=0.3|sma=20|thresh=0.003
short_dated,oos,QQQ,2024-05-02,2024-05-03,-168.8576,-0.643244,stop_gap,1,262.51,debit,0,short_dated|dte=7|long_delta=0.5|lookback=3|short_delta=0.3|sma=20|thresh=0.003
short_dated,oos,SPY,2024-05-02,2024-05-03,-149.3452,-0.572722,stop_gap,1,260.76,debit,0,short_dated|dte=7|long_delta=0.5|lookback=3|short_delta=0.3|sma=20|thresh=0.003
short_dated,oos,IWM,2024-05-06,2024-05-08,-211.8104,-0.524716,stop_gap,5,403.67,debit,0,short_dated|dte=7|long_delta=0.5|lookback=3|short_delta=0.3|sma=20|thresh=0.003
short_dated,oos,QQQ,2024-05-06,2024-05-09,199.4678,0.512385,time,3,389.29,debit,0,short_dated|dte=7|long_delta=0.5|lookback=3|short_delta=0.3|sma=20|thresh=0.003
short_dated,oos,SPY,2024-05-06,2024-05-09,246.9407,0.608770,target,3,405.64,debit,0,short_dated|dte=7|long_delta=0.5|lookback=3|short_delta=0.3|sma=20|thresh=0.003
short_dated,oos,IWM,2024-05-09,2024-05-15,246.9651,0.608904,target,3,405.59,debit,0,short_dated|dte=7|long_delta=0.5|lookback=3|short_delta=0.3|sma=20|thresh=0.003
short_dated,oos,SPY,2024-05-10,2024-05-15,140.7112,0.644230,target,1,218.42,debit,0,short_dated|dte=7|long_delta=0.5|lookback=3|short_delta=0.3|sma=20|thresh=0.003
short_dated,oos,QQQ,2024-05-13,2024-05-15,221.1336,0.618706,target,2,357.41,debit,0,short_dated|dte=7|long_delta=0.5|lookback=3|short_delta=0.3|sma=20|thresh=0.003
short_dated,oos,IWM,2024-05-16,2024-05-20,-198.5121,-0.500605,stop,3,396.54,debit,0,short_dated|dte=7|long_delta=0.5|lookback=3|short_delta=0.3|sma=20|thresh=0.003
short_dated,oos,SPY,2024-05-16,2024-05-22,-111.5834,-0.500359,stop,1,223.01,debit,0,short_dated|dte=7|long_delta=0.5|lookback=3|short_delta=0.3|sma=20|thresh=0.003
short_dated,oos,QQQ,2024-05-16,2024-05-23,137.7207,0.613732,target,1,224.40,debit,0,short_dated|dte=7|long_delta=0.5|lookback=3|short_delta=0.3|sma=20|thresh=0.003
short_dated,oos,IWM,2024-05-24,2024-05-28,-302.7875,-0.759019,stop_gap,5,398.92,debit,0,short_dated|dte=7|long_delta=0.5|lookback=3|short_delta=0.3|sma=20|thresh=0.003
short_dated,oos,QQQ,2024-05-28,2024-05-29,-291.8364,-0.705687,stop_gap,3,413.55,debit,0,short_dated|dte=7|long_delta=0.5|lookback=3|short_delta=0.3|sma=20|thresh=0.003
short_dated,oos,QQQ,2024-05-30,2024-05-31,-129.0290,-0.500310,stop,1,257.90,debit,0,short_dated|dte=7|long_delta=0.5|lookback=3|short_delta=0.3|sma=20|thresh=0.003
short_dated,oos,IWM,2024-05-30,2024-06-03,-289.9926,-0.808218,stop_gap,3,358.80,debit,0,short_dated|dte=7|long_delta=0.5|lookback=3|short_delta=0.3|sma=20|thresh=0.003
short_dated,oos,SPY,2024-05-31,2024-06-03,-263.3434,-0.703189,stop_gap,2,374.50,debit,0,short_dated|dte=7|long_delta=0.5|lookback=3|short_delta=0.3|sma=20|thresh=0.003
short_dated,oos,SPY,2024-06-04,2024-06-05,252.9267,0.642490,target,3,393.67,debit,0,short_dated|dte=7|long_delta=0.5|lookback=3|short_delta=0.3|sma=20|thresh=0.003
short_dated,oos,IWM,2024-06-05,2024-06-10,241.7132,0.764302,target,2,316.25,debit,0,short_dated|dte=7|long_delta=0.5|lookback=3|short_delta=0.3|sma=20|thresh=0.003
short_dated,oos,SPY,2024-06-06,2024-06-10,-107.9106,-0.500371,stop,1,215.66,debit,0,short_dated|dte=7|long_delta=0.5|lookback=3|short_delta=0.3|sma=20|thresh=0.003
short_dated,oos,QQQ,2024-06-05,2024-06-11,170.1299,0.655404,target,1,259.58,debit,0,short_dated|dte=7|long_delta=0.5|lookback=3|short_delta=0.3|sma=20|thresh=0.003
short_dated,oos,IWM,2024-06-11,2024-06-12,-391.4848,-0.968237,stop_gap,5,404.33,debit,0,short_dated|dte=7|long_delta=0.5|lookback=3|short_delta=0.3|sma=20|thresh=0.003
short_dated,oos,QQQ,2024-06-12,2024-06-17,173.5262,0.686451,target,1,252.79,debit,0,short_dated|dte=7|long_delta=0.5|lookback=3|short_delta=0.3|sma=20|thresh=0.003
short_dated,oos,SPY,2024-06-12,2024-06-17,168.8712,0.644307,target,1,262.10,debit,0,short_dated|dte=7|long_delta=0.5|lookback=3|short_delta=0.3|sma=20|thresh=0.003
short_dated,oos,IWM,2024-06-17,2024-06-17,-183.4552,-0.501093,stop,5,366.11,debit,0,short_dated|dte=7|long_delta=0.5|lookback=3|short_delta=0.3|sma=20|thresh=0.003
short_dated,oos,IWM,2024-06-18,2024-06-20,-168.7362,-0.500950,stop,4,336.83,debit,0,short_dated|dte=7|long_delta=0.5|lookback=3|short_delta=0.3|sma=20|thresh=0.003
short_dated,oos,QQQ,2024-06-18,2024-06-20,-176.9464,-0.500453,stop,2,353.57,debit,0,short_dated|dte=7|long_delta=0.5|lookback=3|short_delta=0.3|sma=20|thresh=0.003
short_dated,oos,SPY,2024-06-18,2024-06-20,-140.5011,-0.500570,stop,2,280.68,debit,0,short_dated|dte=7|long_delta=0.5|lookback=3|short_delta=0.3|sma=20|thresh=0.003
short_dated,oos,QQQ,2024-06-21,2024-06-24,-120.3252,-0.557468,stop_gap,1,215.84,debit,0,short_dated|dte=7|long_delta=0.5|lookback=3|short_delta=0.3|sma=20|thresh=0.003
short_dated,oos,SPY,2024-06-21,2024-06-25,-107.0480,-0.500374,stop,1,213.94,debit,0,short_dated|dte=7|long_delta=0.5|lookback=3|short_delta=0.3|sma=20|thresh=0.003
short_dated,oos,IWM,2024-06-28,2024-06-28,-185.6290,-0.500863,stop,4,370.62,debit,0,short_dated|dte=7|long_delta=0.5|lookback=3|short_delta=0.3|sma=20|thresh=0.003
short_dated,oos,SPY,2024-06-28,2024-06-28,-169.6485,-0.500472,stop,2,338.98,debit,0,short_dated|dte=7|long_delta=0.5|lookback=3|short_delta=0.3|sma=20|thresh=0.003
short_dated,oos,QQQ,2024-06-28,2024-07-01,-107.2446,-0.500373,stop,1,214.33,debit,0,short_dated|dte=7|long_delta=0.5|lookback=3|short_delta=0.3|sma=20|thresh=0.003
short_dated,oos,IWM,2024-07-01,2024-07-01,-205.9959,-0.501754,stop,9,410.55,debit,0,short_dated|dte=7|long_delta=0.5|lookback=3|short_delta=0.3|sma=20|thresh=0.003
short_dated,oos,QQQ,2024-07-02,2024-07-02,257.2530,0.668165,target,3,385.01,debit,0,short_dated|dte=7|long_delta=0.5|lookback=3|short_delta=0.3|sma=20|thresh=0.003
short_dated,oos,QQQ,2024-07-03,2024-07-05,139.7510,0.634257,target,1,220.34,debit,0,short_dated|dte=7|long_delta=0.5|lookback=3|short_delta=0.3|sma=20|thresh=0.003
short_dated,oos,SPY,2024-07-03,2024-07-08,139.1792,0.628401,target,1,221.48,debit,0,short_dated|dte=7|long_delta=0.5|lookback=3|short_delta=0.3|sma=20|thresh=0.003
short_dated,oos,QQQ,2024-07-08,2024-07-10,228.6398,0.667756,target,2,342.40,debit,0,short_dated|dte=7|long_delta=0.5|lookback=3|short_delta=0.3|sma=20|thresh=0.003
short_dated,oos,SPY,2024-07-09,2024-07-10,158.7589,0.562651,target,2,282.16,debit,0,short_dated|dte=7|long_delta=0.5|lookback=3|short_delta=0.3|sma=20|thresh=0.003
short_dated,oos,QQQ,2024-07-11,2024-07-11,-127.7897,-0.500313,stop,1,255.42,debit,0,short_dated|dte=7|long_delta=0.5|lookback=3|short_delta=0.3|sma=20|thresh=0.003
short_dated,oos,SPY,2024-07-11,2024-07-11,-109.8333,-0.500364,stop,1,219.51,debit,0,short_dated|dte=7|long_delta=0.5|lookback=3|short_delta=0.3|sma=20|thresh=0.003
short_dated,oos,IWM,2024-07-11,2024-07-12,251.0095,0.631469,target,3,397.50,debit,0,short_dated|dte=7|long_delta=0.5|lookback=3|short_delta=0.3|sma=20|thresh=0.003
short_dated,oos,IWM,2024-07-15,2024-07-15,222.4104,0.627322,target,4,354.54,debit,0,short_dated|dte=7|long_delta=0.5|lookback=3|short_delta=0.3|sma=20|thresh=0.003
short_dated,oos,IWM,2024-07-16,2024-07-16,211.2048,0.560299,target,4,376.95,debit,0,short_dated|dte=7|long_delta=0.5|lookback=3|short_delta=0.3|sma=20|thresh=0.003
short_dated,oos,SPY,2024-07-15,2024-07-17,-191.1986,-0.682365,stop_gap,2,280.20,debit,0,short_dated|dte=7|long_delta=0.5|lookback=3|short_delta=0.3|sma=20|thresh=0.003
short_dated,oos,QQQ,2024-07-17,2024-07-17,-131.7276,-0.500304,stop,1,263.30,debit,0,short_dated|dte=7|long_delta=0.5|lookback=3|short_delta=0.3|sma=20|thresh=0.003
short_dated,oos,IWM,2024-07-17,2024-07-18,-199.1559,-0.500603,stop,3,397.83,debit,0,short_dated|dte=7|long_delta=0.5|lookback=3|short_delta=0.3|sma=20|thresh=0.003
short_dated,oos,QQQ,2024-07-18,2024-07-19,219.8888,0.845524,target,1,260.06,debit,0,short_dated|dte=7|long_delta=0.5|lookback=3|short_delta=0.3|sma=20|thresh=0.003
short_dated,oos,IWM,2024-07-19,2024-07-22,-199.3352,-0.500603,stop,3,398.19,debit,0,short_dated|dte=7|long_delta=0.5|lookback=3|short_delta=0.3|sma=20|thresh=0.003
short_dated,oos,QQQ,2024-07-22,2024-07-24,185.8081,0.814149,target,1,228.22,debit,0,short_dated|dte=7|long_delta=0.5|lookback=3|short_delta=0.3|sma=20|thresh=0.003
short_dated,oos,SPY,2024-07-22,2024-07-24,250.4755,0.838471,target,2,298.73,debit,0,short_dated|dte=7|long_delta=0.5|lookback=3|short_delta=0.3|sma=20|thresh=0.003
short_dated,oos,SPY,2024-07-25,2024-07-29,-172.3924,-0.520478,stop_gap,1,331.22,debit,0,short_dated|dte=7|long_delta=0.5|lookback=3|short_delta=0.3|sma=20|thresh=0.003
short_dated,oos,IWM,2024-07-24,2024-07-31,142.1735,0.659759,target,1,215.49,debit,0,short_dated|dte=7|long_delta=0.5|lookback=3|short_delta=0.3|sma=20|thresh=0.003
short_dated,oos,QQQ,2024-07-25,2024-07-31,-202.8784,-0.533462,stop_gap,1,380.31,debit,0,short_dated|dte=7|long_delta=0.5|lookback=3|short_delta=0.3|sma=20|thresh=0.003
short_dated,oos,QQQ,2024-08-02,2024-08-05,277.9634,0.808237,target,1,343.91,debit,0,short_dated|dte=7|long_delta=0.5|lookback=3|short_delta=0.3|sma=20|thresh=0.003
short_dated,oos,SPY,2024-08-02,2024-08-05,254.4251,0.874344,target,1,290.99,debit,0,short_dated|dte=7|long_delta=0.5|lookback=3|short_delta=0.3|sma=20|thresh=0.003
short_dated,oos,IWM,2024-08-05,2024-08-05,-174.6154,-0.500688,stop,3,348.75,debit,0,short_dated|dte=7|long_delta=0.5|lookback=3|short_delta=0.3|sma=20|thresh=0.003
short_dated,oos,QQQ,2024-08-06,2024-08-06,-170.0003,-0.500235,stop,1,339.84,debit,0,short_dated|dte=7|long_delta=0.5|lookback=3|short_delta=0.3|sma=20|thresh=0.003
short_dated,oos,IWM,2024-08-06,2024-08-07,-238.9882,-0.777107,stop_gap,2,307.54,debit,0,short_dated|dte=7|long_delta=0.5|lookback=3|short_delta=0.3|sma=20|thresh=0.003
short_dated,oos,SPY,2024-08-06,2024-08-07,-296.2185,-0.710121,stop_gap,1,417.14,debit,0,short_dated|dte=7|long_delta=0.5|lookback=3|short_delta=0.3|sma=20|thresh=0.003
short_dated,oos,QQQ,2024-08-08,2024-08-09,-207.7794,-0.500193,stop,1,415.40,debit,0,short_dated|dte=7|long_delta=0.5|lookback=3|short_delta=0.3|sma=20|thresh=0.003
short_dated,oos,IWM,2024-08-08,2024-08-12,-115.7509,-0.500346,stop,1,231.34,debit,0,short_dated|dte=7|long_delta=0.5|lookback=3|short_delta=0.3|sma=20|thresh=0.003
short_dated,oos,QQQ,2024-08-14,2024-08-16,255.5927,0.657635,target,1,388.65,debit,0,short_dated|dte=7|long_delta=0.5|lookback=3|short_delta=0.3|sma=20|thresh=0.003
short_dated,oos,SPY,2024-08-14,2024-08-16,232.0909,0.691450,target,1,335.66,debit,0,short_dated|dte=7|long_delta=0.5|lookback=3|short_delta=0.3|sma=20|thresh=0.003
short_dated,oos,QQQ,2024-08-19,2024-08-20,138.2201,0.618712,target,1,223.40,debit,0,short_dated|dte=7|long_delta=0.5|lookback=3|short_delta=0.3|sma=20|thresh=0.003
short_dated,oos,SPY,2024-08-19,2024-08-20,224.6840,0.641383,target,2,350.31,debit,0,short_dated|dte=7|long_delta=0.5|lookback=3|short_delta=0.3|sma=20|thresh=0.003
short_dated,oos,IWM,2024-08-20,2024-08-20,-179.7743,-0.500892,stop,4,358.91,debit,0,short_dated|dte=7|long_delta=0.5|lookback=3|short_delta=0.3|sma=20|thresh=0.003
short_dated,oos,QQQ,2024-08-21,2024-08-22,-170.1395,-0.500235,stop,1,340.12,debit,0,short_dated|dte=7|long_delta=0.5|lookback=3|short_delta=0.3|sma=20|thresh=0.003
short_dated,oos,IWM,2024-08-21,2024-08-23,234.2731,0.707488,target,2,331.13,debit,0,short_dated|dte=7|long_delta=0.5|lookback=3|short_delta=0.3|sma=20|thresh=0.003
short_dated,oos,IWM,2024-08-26,2024-08-27,-245.5512,-0.656492,stop_gap,4,374.04,debit,0,short_dated|dte=7|long_delta=0.5|lookback=3|short_delta=0.3|sma=20|thresh=0.003
short_dated,oos,SPY,2024-08-21,2024-08-28,-156.4326,-0.500256,stop,1,312.71,debit,0,short_dated|dte=7|long_delta=0.5|lookback=3|short_delta=0.3|sma=20|thresh=0.003
short_dated,oos,QQQ,2024-08-28,2024-08-28,-152.2571,-0.500263,stop,1,304.35,debit,0,short_dated|dte=7|long_delta=0.5|lookback=3|short_delta=0.3|sma=20|thresh=0.003
short_dated,oos,IWM,2024-08-28,2024-09-03,-175.9576,-0.500455,stop,2,351.60,debit,0,short_dated|dte=7|long_delta=0.5|lookback=3|short_delta=0.3|sma=20|thresh=0.003
short_dated,oos,SPY,2024-09-03,2024-09-03,-196.6919,-0.500611,stop,3,392.90,debit,0,short_dated|dte=7|long_delta=0.5|lookback=3|short_delta=0.3|sma=20|thresh=0.003
short_dated,oos,IWM,2024-09-06,2024-09-10,249.7526,0.832024,target,2,300.17,debit,0,short_dated|dte=7|long_delta=0.5|lookback=3|short_delta=0.3|sma=20|thresh=0.003
short_dated,oos,QQQ,2024-09-04,2024-09-11,-150.4229,-0.500266,stop,1,300.69,debit,0,short_dated|dte=7|long_delta=0.5|lookback=3|short_delta=0.3|sma=20|thresh=0.003
short_dated,oos,SPY,2024-09-06,2024-09-11,-168.3566,-0.500238,stop,1,336.55,debit,0,short_dated|dte=7|long_delta=0.5|lookback=3|short_delta=0.3|sma=20|thresh=0.003
short_dated,oos,IWM,2024-09-11,2024-09-12,-193.3108,-0.500414,stop,2,386.30,debit,0,short_dated|dte=7|long_delta=0.5|lookback=3|short_delta=0.3|sma=20|thresh=0.003
short_dated,oos,SPY,2024-09-13,2024-09-18,197.8086,0.650210,target,1,304.22,debit,0,short_dated|dte=7|long_delta=0.5|lookback=3|short_delta=0.3|sma=20|thresh=0.003
short_dated,oos,IWM,2024-09-16,2024-09-18,261.5644,0.694927,target,3,376.39,debit,0,short_dated|dte=7|long_delta=0.5|lookback=3|short_delta=0.3|sma=20|thresh=0.003
short_dated,oos,QQQ,2024-09-13,2024-09-19,198.6917,0.656926,target,1,302.46,debit,0,short_dated|dte=7|long_delta=0.5|lookback=3|short_delta=0.3|sma=20|thresh=0.003
short_dated,oos,IWM,2024-09-19,2024-09-20,-175.3044,-0.500457,stop,2,350.29,debit,0,short_dated|dte=7|long_delta=0.5|lookback=3|short_delta=0.3|sma=20|thresh=0.003
short_dated,oos,IWM,2024-09-23,2024-09-23,-175.3753,-0.500914,stop,4,350.11,debit,0,short_dated|dte=7|long_delta=0.5|lookback=3|short_delta=0.3|sma=20|thresh=0.003
short_dated,oos,IWM,2024-09-24,2024-09-24,-167.8956,-0.500955,stop,4,335.15,debit,0,short_dated|dte=7|long_delta=0.5|lookback=3|short_delta=0.3|sma=20|thresh=0.003
short_dated,oos,QQQ,2024-09-20,2024-09-26,168.3893,0.640114,target,1,263.06,debit,0,short_dated|dte=7|long_delta=0.5|lookback=3|short_delta=0.3|sma=20|thresh=0.003
short_dated,oos,SPY,2024-09-20,2024-09-26,167.3954,0.631564,target,1,265.05,debit,0,short_dated|dte=7|long_delta=0.5|lookback=3|short_delta=0.3|sma=20|thresh=0.003
short_dated,oos,QQQ,2024-09-27,2024-09-30,-143.8809,-0.548951,stop_gap,1,262.10,debit,0,short_dated|dte=7|long_delta=0.5|lookback=3|short_delta=0.3|sma=20|thresh=0.003
short_dated,oos,SPY,2024-09-27,2024-09-30,-128.5775,-0.500311,stop,1,257.00,debit,0,short_dated|dte=7|long_delta=0.5|lookback=3|short_delta=0.3|sma=20|thresh=0.003
short_dated,oos,IWM,2024-10-01,2024-10-01,-192.1625,-0.500834,stop,4,383.69,debit,0,short_dated|dte=7|long_delta=0.5|lookback=3|short_delta=0.3|sma=20|thresh=0.003
short_dated,oos,QQQ,2024-10-01,2024-10-01,-178.2767,-0.500449,stop,2,356.23,debit,0,short_dated|dte=7|long_delta=0.5|lookback=3|short_delta=0.3|sma=20|thresh=0.003
short_dated,oos,SPY,2024-10-01,2024-10-01,-173.1837,-0.500462,stop,2,346.05,debit,0,short_dated|dte=7|long_delta=0.5|lookback=3|short_delta=0.3|sma=20|thresh=0.003
short_dated,oos,QQQ,2024-10-07,2024-10-09,224.0000,0.636943,target,2,351.68,debit,0,short_dated|dte=7|long_delta=0.5|lookback=3|short_delta=0.3|sma=20|thresh=0.003
short_dated,oos,IWM,2024-10-04,2024-10-10,240.0642,0.751253,target,2,319.55,debit,0,short_dated|dte=7|long_delta=0.5|lookback=3|short_delta=0.3|sma=20|thresh=0.003
short_dated,oos,SPY,2024-10-07,2024-10-10,144.6136,0.686632,target,1,210.61,debit,0,short_dated|dte=7|long_delta=0.5|lookback=3|short_delta=0.3|sma=20|thresh=0.003
short_dated,oos,SPY,2024-10-11,2024-10-14,172.5594,0.677444,target,1,254.72,debit,0,short_dated|dte=7|long_delta=0.5|lookback=3|short_delta=0.3|sma=20|thresh=0.003
short_dated,oos,IWM,2024-10-14,2024-10-15,232.9516,0.698596,target,4,333.46,debit,0,short_dated|dte=7|long_delta=0.5|lookback=3|short_delta=0.3|sma=20|thresh=0.003
short_dated,oos,SPY,2024-10-15,2024-10-15,-172.0491,-0.500465,stop,2,343.78,debit,0,short_dated|dte=7|long_delta=0.5|lookback=3|short_delta=0.3|sma=20|thresh=0.003
short_dated,oos,QQQ,2024-10-10,2024-10-16,-154.7599,-0.500259,stop,1,309.36,debit,0,short_dated|dte=7|long_delta=0.5|lookback=3|short_delta=0.3|sma=20|thresh=0.003
short_dated,oos,IWM,2024-10-16,2024-10-21,-172.9763,-0.500463,stop,2,345.63,debit,0,short_dated|dte=7|long_delta=0.5|lookback=3|short_delta=0.3|sma=20|thresh=0.003
short_dated,oos,SPY,2024-10-16,2024-10-23,-155.0925,-0.500258,stop,1,310.02,debit,0,short_dated|dte=7|long_delta=0.5|lookback=3|short_delta=0.3|sma=20|thresh=0.003
short_dated,oos,QQQ,2024-10-21,2024-10-23,-197.7321,-0.500608,stop,3,394.98,debit,0,short_dated|dte=7|long_delta=0.5|lookback=3|short_delta=0.3|sma=20|thresh=0.003
short_dated,oos,QQQ,2024-10-24,2024-10-25,-151.0728,-0.500265,stop,1,301.99,debit,0,short_dated|dte=7|long_delta=0.5|lookback=3|short_delta=0.3|sma=20|thresh=0.003
short_dated,oos,IWM,2024-10-24,2024-10-30,-157.6489,-0.500508,stop,2,314.98,debit,0,short_dated|dte=7|long_delta=0.5|lookback=3|short_delta=0.3|sma=20|thresh=0.003
short_dated,oos,QQQ,2024-10-29,2024-10-31,-157.9965,-0.616163,stop_gap,1,256.42,debit,0,short_dated|dte=7|long_delta=0.5|lookback=3|short_delta=0.3|sma=20|thresh=0.003
short_dated,oos,SPY,2024-10-29,2024-10-31,-176.4513,-0.678242,stop_gap,1,260.16,debit,0,short_dated|dte=7|long_delta=0.5|lookback=3|short_delta=0.3|sma=20|thresh=0.003
short_dated,oos,IWM,2024-10-31,2024-11-04,-110.7667,-0.530322,stop_gap,1,208.87,debit,0,short_dated|dte=7|long_delta=0.5|lookback=3|short_delta=0.3|sma=20|thresh=0.003
short_dated,oos,QQQ,2024-11-01,2024-11-05,-187.4201,-0.500214,stop,1,374.68,debit,0,short_dated|dte=7|long_delta=0.5|lookback=3|short_delta=0.3|sma=20|thresh=0.003
short_dated,oos,IWM,2024-11-05,2024-11-05,-164.7397,-0.500729,stop,3,329.00,debit,0,short_dated|dte=7|long_delta=0.5|lookback=3|short_delta=0.3|sma=20|thresh=0.003
short_dated,oos,SPY,2024-11-04,2024-11-06,-279.2217,-0.922434,stop_gap,1,302.70,debit,0,short_dated|dte=7|long_delta=0.5|lookback=3|short_delta=0.3|sma=20|thresh=0.003
short_dated,oos,IWM,2024-11-06,2024-11-13,-128.8443,-0.500311,stop,1,257.53,debit,0,short_dated|dte=7|long_delta=0.5|lookback=3|short_delta=0.3|sma=20|thresh=0.003
short_dated,oos,QQQ,2024-11-07,2024-11-14,-151.2509,-0.500265,stop,1,302.34,debit,0,short_dated|dte=7|long_delta=0.5|lookback=3|short_delta=0.3|sma=20|thresh=0.003
short_dated,oos,SPY,2024-11-07,2024-11-14,-148.2600,-0.500270,stop,1,296.36,debit,0,short_dated|dte=7|long_delta=0.5|lookback=3|short_delta=0.3|sma=20|thresh=0.003
short_dated,oos,QQQ,2024-11-18,2024-11-19,-180.7992,-0.500443,stop,2,361.28,debit,0,short_dated|dte=7|long_delta=0.5|lookback=3|short_delta=0.3|sma=20|thresh=0.003
short_dated,oos,QQQ,2024-11-21,2024-11-21,-149.2863,-0.500268,stop,1,298.41,debit,0,short_dated|dte=7|long_delta=0.5|lookback=3|short_delta=0.3|sma=20|thresh=0.003
short_dated,oos,IWM,2024-11-21,2024-11-22,218.8501,0.604592,target,2,361.98,debit,0,short_dated|dte=7|long_delta=0.5|lookback=3|short_delta=0.3|sma=20|thresh=0.003
short_dated,oos,SPY,2024-11-21,2024-11-26,200.3133,0.669466,target,1,299.21,debit,0,short_dated|dte=7|long_delta=0.5|lookback=3|short_delta=0.3|sma=20|thresh=0.003
short_dated,oos,IWM,2024-11-25,2024-11-26,-171.4752,-0.500935,stop,4,342.31,debit,0,short_dated|dte=7|long_delta=0.5|lookback=3|short_delta=0.3|sma=20|thresh=0.003
short_dated,oos,QQQ,2024-11-22,2024-11-27,-129.7216,-0.500309,stop,1,259.28,debit,0,short_dated|dte=7|long_delta=0.5|lookback=3|short_delta=0.3|sma=20|thresh=0.003
short_dated,oos,IWM,2024-11-27,2024-12-02,-176.8794,-0.500453,stop,2,353.44,debit,0,short_dated|dte=7|long_delta=0.5|lookback=3|short_delta=0.3|sma=20|thresh=0.003
short_dated,oos,QQQ,2024-12-02,2024-12-03,222.3995,0.626688,target,2,354.88,debit,0,short_dated|dte=7|long_delta=0.5|lookback=3|short_delta=0.3|sma=20|thresh=0.003
short_dated,oos,IWM,2024-12-03,2024-12-03,-170.8598,-0.500938,stop,4,341.08,debit,0,short_dated|dte=7|long_delta=0.5|lookback=3|short_delta=0.3|sma=20|thresh=0.003
short_dated,oos,SPY,2024-11-27,2024-12-04,171.1138,0.664229,target,1,257.61,debit,0,short_dated|dte=7|long_delta=0.5|lookback=3|short_delta=0.3|sma=20|thresh=0.003
short_dated,oos,SPY,2024-12-05,2024-12-09,-112.3423,-0.500356,stop,1,224.52,debit,0,short_dated|dte=7|long_delta=0.5|lookback=3|short_delta=0.3|sma=20|thresh=0.003
short_dated,oos,QQQ,2024-12-04,2024-12-11,171.4157,0.666965,target,1,257.01,debit,0,short_dated|dte=7|long_delta=0.5|lookback=3|short_delta=0.3|sma=20|thresh=0.003
short_dated,oos,IWM,2024-12-11,2024-12-13,247.0561,0.808515,target,2,305.57,debit,0,short_dated|dte=7|long_delta=0.5|lookback=3|short_delta=0.3|sma=20|thresh=0.003
short_dated,oos,QQQ,2024-12-12,2024-12-16,169.5246,0.650041,target,1,260.79,debit,0,short_dated|dte=7|long_delta=0.5|lookback=3|short_delta=0.3|sma=20|thresh=0.003
short_dated,oos,IWM,2024-12-16,2024-12-16,-194.2648,-0.501032,stop,5,387.73,debit,0,short_dated|dte=7|long_delta=0.5|lookback=3|short_delta=0.3|sma=20|thresh=0.003
short_dated,oos,IWM,2024-12-17,2024-12-18,236.0470,0.721269,target,4,327.27,debit,0,short_dated|dte=7|long_delta=0.5|lookback=3|short_delta=0.3|sma=20|thresh=0.003
short_dated,oos,QQQ,2024-12-17,2024-12-18,-196.9291,-0.500610,stop,3,393.38,debit,0,short_dated|dte=7|long_delta=0.5|lookback=3|short_delta=0.3|sma=20|thresh=0.003
short_dated,oos,QQQ,2024-12-20,2024-12-20,-186.7037,-0.500214,stop,1,373.25,debit,0,short_dated|dte=7|long_delta=0.5|lookback=3|short_delta=0.3|sma=20|thresh=0.003
short_dated,oos,SPY,2024-12-20,2024-12-20,-185.4375,-0.500216,stop,1,370.72,debit,0,short_dated|dte=7|long_delta=0.5|lookback=3|short_delta=0.3|sma=20|thresh=0.003
short_dated,oos,QQQ,2024-12-23,2024-12-24,-132.6111,-0.596767,stop_gap,1,222.22,debit,0,short_dated|dte=7|long_delta=0.5|lookback=3|short_delta=0.3|sma=20|thresh=0.003
short_dated,oos,SPY,2024-12-23,2024-12-24,-217.8354,-0.586839,stop_gap,2,371.20,debit,0,short_dated|dte=7|long_delta=0.5|lookback=3|short_delta=0.3|sma=20|thresh=0.003
short_dated,oos,IWM,2024-12-19,2024-12-26,-154.0281,-0.500260,stop,1,307.90,debit,0,short_dated|dte=7|long_delta=0.5|lookback=3|short_delta=0.3|sma=20|thresh=0.003
short_dated,oos,QQQ,2024-12-26,2024-12-27,-108.3701,-0.500369,stop,1,216.58,debit,0,short_dated|dte=7|long_delta=0.5|lookback=3|short_delta=0.3|sma=20|thresh=0.003
short_dated,oos,SPY,2024-12-26,2024-12-27,-108.6355,-0.500368,stop,1,217.11,debit,0,short_dated|dte=7|long_delta=0.5|lookback=3|short_delta=0.3|sma=20|thresh=0.003
short_dated,oos,IWM,2024-12-31,2025-01-02,-221.7849,-0.588843,stop_gap,5,376.65,debit,0,short_dated|dte=7|long_delta=0.5|lookback=3|short_delta=0.3|sma=20|thresh=0.003
short_dated,oos,QQQ,2024-12-31,2025-01-02,319.7394,0.887669,target,2,360.20,debit,0,short_dated|dte=7|long_delta=0.5|lookback=3|short_delta=0.3|sma=20|thresh=0.003
short_dated,oos,SPY,2024-12-31,2025-01-02,319.7022,0.887382,target,2,360.28,debit,0,short_dated|dte=7|long_delta=0.5|lookback=3|short_delta=0.3|sma=20|thresh=0.003
short_dated,oos,IWM,2025-01-03,2025-01-06,-254.0124,-0.745373,stop_gap,3,340.79,debit,0,short_dated|dte=7|long_delta=0.5|lookback=3|short_delta=0.3|sma=20|thresh=0.003
short_dated,oos,QQQ,2025-01-03,2025-01-06,-218.8857,-0.827755,stop_gap,1,264.43,debit,0,short_dated|dte=7|long_delta=0.5|lookback=3|short_delta=0.3|sma=20|thresh=0.003
short_dated,oos,SPY,2025-01-03,2025-01-06,-203.4141,-0.778929,stop_gap,1,261.15,debit,0,short_dated|dte=7|long_delta=0.5|lookback=3|short_delta=0.3|sma=20|thresh=0.003
short_dated,oos,QQQ,2025-01-07,2025-01-07,-173.3817,-0.500462,stop,2,346.44,debit,0,short_dated|dte=7|long_delta=0.5|lookback=3|short_delta=0.3|sma=20|thresh=0.003
short_dated,oos,QQQ,2025-01-10,2025-01-13,218.5426,0.831736,target,1,262.75,debit,0,short_dated|dte=7|long_delta=0.5|lookback=3|short_delta=0.3|sma=20|thresh=0.003
short_dated,oos,SPY,2025-01-10,2025-01-13,222.2147,0.870030,target,1,255.41,debit,0,short_dated|dte=7|long_delta=0.5|lookback=3|short_delta=0.3|sma=20|thresh=0.003
short_dated,oos,IWM,2025-01-10,2025-01-15,-298.3356,-0.948667,stop_gap,2,314.48,debit,0,short_dated|dte=7|long_delta=0.5|lookback=3|short_delta=0.3|sma=20|thresh=0.003
short_dated,oos,QQQ,2025-01-14,2025-01-15,-204.1283,-0.539963,stop_gap,2,378.04,debit,0,short_dated|dte=7|long_delta=0.5|lookback=3|short_delta=0.3|sma=20|thresh=0.003
short_dated,oos,SPY,2025-01-14,2025-01-15,-147.4560,-0.652048,stop_gap,1,226.14,debit,0,short_dated|dte=7|long_delta=0.5|lookback=3|short_delta=0.3|sma=20|thresh=0.003
short_dated,oos,IWM,2025-01-16,2025-01-21,159.4136,0.567606,target,2,280.85,debit,0,short_dated|dte=7|long_delta=0.5|lookback=3|short_delta=0.3|sma=20|thresh=0.003
short_dated,oos,SPY,2025-01-16,2025-01-21,171.6904,0.669464,target,1,256.46,debit,0,short_dated|dte=7|long_delta=0.5|lookback=3|short_delta=0.3|sma=20|thresh=0.003
short_dated,oos,QQQ,2025-01-21,2025-01-21,-170.8878,-0.500469,stop,2,341.46,debit,0,short_dated|dte=7|long_delta=0.5|lookback=3|short_delta=0.3|sma=20|thresh=0.003
short_dated,oos,IWM,2025-01-22,2025-01-23,-195.5085,-0.500615,stop,3,390.54,debit,0,short_dated|dte=7|long_delta=0.5|lookback=3|short_delta=0.3|sma=20|thresh=0.003
short_dated,oos,QQQ,2025-01-22,2025-01-27,-344.3071,-1.001695,stop_gap,1,343.72,debit,0,short_dated|dte=7|long_delta=0.5|lookback=3|short_delta=0.3|sma=20|thresh=0.003
short_dated,oos,SPY,2025-01-22,2025-01-27,-252.1130,-0.971026,stop_gap,1,259.64,debit,0,short_dated|dte=7|long_delta=0.5|lookback=3|short_delta=0.3|sma=20|thresh=0.003
short_dated,oos,IWM,2025-01-24,2025-01-27,-160.4576,-0.608782,stop_gap,2,263.57,debit,0,short_dated|dte=7|long_delta=0.5|lookback=3|short_delta=0.3|sma=20|thresh=0.003
short_dated,oos,QQQ,2025-01-28,2025-01-28,-183.4497,-0.500436,stop,2,366.58,debit,0,short_dated|dte=7|long_delta=0.5|lookback=3|short_delta=0.3|sma=20|thresh=0.003
short_dated,oos,IWM,2025-01-31,2025-01-31,-132.0963,-0.500606,stop,2,263.87,debit,0,short_dated|dte=7|long_delta=0.5|lookback=3|short_delta=0.3|sma=20|thresh=0.003
short_dated,oos,QQQ,2025-01-31,2025-02-03,-285.7322,-0.921904,stop_gap,1,309.94,debit,0,short_dated|dte=7|long_delta=0.5|lookback=3|short_delta=0.3|sma=20|thresh=0.003
short_dated,oos,SPY,2025-01-31,2025-02-03,-255.1624,-0.970711,stop_gap,1,262.86,debit,0,short_dated|dte=7|long_delta=0.5|lookback=3|short_delta=0.3|sma=20|thresh=0.003
short_dated,oos,IWM,2025-02-04,2025-02-04,-176.3749,-0.500681,stop,3,352.27,debit,0,short_dated|dte=7|long_delta=0.5|lookback=3|short_delta=0.3|sma=20|thresh=0.003
short_dated,oos,QQQ,2025-02-04,2025-02-04,-111.6573,-0.500358,stop,1,223.15,debit,0,short_dated|dte=7|long_delta=0.5|lookback=3|short_delta=0.3|sma=20|thresh=0.003
short_dated,oos,IWM,2025-02-06,2025-02-06,-129.8227,-0.500617,stop,2,259.33,debit,0,short_dated|dte=7|long_delta=0.5|lookback=3|short_delta=0.3|sma=20|thresh=0.003
short_dated,oos,SPY,2025-02-06,2025-02-07,-129.4343,-0.500309,stop,1,258.71,debit,0,short_dated|dte=7|long_delta=0.5|lookback=3|short_delta=0.3|sma=20|thresh=0.003
short_dated,oos,IWM,2025-02-07,2025-02-07,-133.3270,-0.500601,stop,2,266.33,debit,0,short_dated|dte=7|long_delta=0.5|lookback=3|short_delta=0.3|sma=20|thresh=0.003
short_dated,oos,QQQ,2025-02-06,2025-02-12,-259.5419,-0.857063,stop_gap,1,302.83,debit,0,short_dated|dte=7|long_delta=0.5|lookback=3|short_delta=0.3|sma=20|thresh=0.003
short_dated,oos,IWM,2025-02-12,2025-02-13,-154.9382,-0.500517,stop,2,309.56,debit,0,short_dated|dte=7|long_delta=0.5|lookback=3|short_delta=0.3|sma=20|thresh=0.003
short_dated,oos,QQQ,2025-02-13,2025-02-18,172.7649,0.679347,target,1,254.31,debit,0,short_dated|dte=7|long_delta=0.5|lookback=3|short_delta=0.3|sma=20|thresh=0.003
short_dated,oos,SPY,2025-02-13,2025-02-18,168.9315,0.644833,target,1,261.98,debit,0,short_dated|dte=7|long_delta=0.5|lookback=3|short_delta=0.3|sma=20|thresh=0.003
short_dated,oos,IWM,2025-02-14,2025-02-20,313.5362,0.842550,target,5,372.13,debit,0,short_dated|dte=7|long_delta=0.5|lookback=3|short_delta=0.3|sma=20|thresh=0.003
short_dated,oos,QQQ,2025-02-19,2025-02-21,-153.9400,-0.500260,stop,1,307.72,debit,0,short_dated|dte=7|long_delta=0.5|lookback=3|short_delta=0.3|sma=20|thresh=0.003
short_dated,oos,SPY,2025-02-19,2025-02-21,-129.0308,-0.500310,stop,1,257.90,debit,0,short_dated|dte=7|long_delta=0.5|lookback=3|short_delta=0.3|sma=20|thresh=0.003
short_dated,oos,IWM,2025-02-21,2025-02-21,284.4014,0.859954,target,3,330.72,debit,0,short_dated|dte=7|long_delta=0.5|lookback=3|short_delta=0.3|sma=20|thresh=0.003
short_dated,oos,IWM,2025-02-24,2025-02-25,280.1833,0.826126,target,3,339.15,debit,0,short_dated|dte=7|long_delta=0.5|lookback=3|short_delta=0.3|sma=20|thresh=0.003
short_dated,oos,QQQ,2025-02-24,2025-02-25,190.3575,0.868717,target,1,219.12,debit,0,short_dated|dte=7|long_delta=0.5|lookback=3|short_delta=0.3|sma=20|thresh=0.003
short_dated,oos,SPY,2025-02-24,2025-02-25,191.9828,0.889326,target,1,215.87,debit,0,short_dated|dte=7|long_delta=0.5|lookback=3|short_delta=0.3|sma=20|thresh=0.003
short_dated,oos,QQQ,2025-02-26,2025-02-27,281.0735,0.832334,target,1,337.69,debit,0,short_dated|dte=7|long_delta=0.5|lookback=3|short_delta=0.3|sma=20|thresh=0.003
short_dated,oos,IWM,2025-02-26,2025-03-03,251.7807,0.850269,target,2,296.12,debit,0,short_dated|dte=7|long_delta=0.5|lookback=3|short_delta=0.3|sma=20|thresh=0.003
short_dated,oos,SPY,2025-02-26,2025-03-03,310.4345,0.819151,target,1,378.97,debit,0,short_dated|dte=7|long_delta=0.5|lookback=3|short_delta=0.3|sma=20|thresh=0.003
short_dated,oos,QQQ,2025-02-28,2025-03-03,-250.9597,-0.735259,stop_gap,1,341.32,debit,0,short_dated|dte=7|long_delta=0.5|lookback=3|short_delta=0.3|sma=20|thresh=0.003
short_dated,oos,IWM,2025-03-04,2025-03-04,-168.0581,-0.500715,stop,3,335.64,debit,0,short_dated|dte=7|long_delta=0.5|lookback=3|short_delta=0.3|sma=20|thresh=0.003
short_dated,oos,QQQ,2025-03-04,2025-03-04,-110.0478,-0.500364,stop,1,219.94,debit,0,short_dated|dte=7|long_delta=0.5|lookback=3|short_delta=0.3|sma=20|thresh=0.003
short_dated,oos,SPY,2025-03-04,2025-03-06,219.8959,0.845596,target,1,260.05,debit,0,short_dated|dte=7|long_delta=0.5|lookback=3|short_delta=0.3|sma=20|thresh=0.003
short_dated,oos,IWM,2025-03-05,2025-03-10,152.1539,0.778153,target,1,195.53,debit,0,short_dated|dte=7|long_delta=0.5|lookback=3|short_delta=0.3|sma=20|thresh=0.003
short_dated,oos,QQQ,2025-03-06,2025-03-10,315.7676,0.857354,target,1,368.30,debit,0,short_dated|dte=7|long_delta=0.5|lookback=3|short_delta=0.3|sma=20|thresh=0.003
short_dated,oos,IWM,2025-03-11,2025-03-12,-171.6980,-0.508734,stop_gap,3,337.50,debit,0,short_dated|dte=7|long_delta=0.5|lookback=3|short_delta=0.3|sma=20|thresh=0.003
short_dated,oos,QQQ,2025-03-11,2025-03-12,-172.9565,-0.573261,stop_gap,1,301.71,debit,0,short_dated|dte=7|long_delta=0.5|lookback=3|short_delta=0.3|sma=20|thresh=0.003
short_dated,oos,SPY,2025-03-11,2025-03-13,281.0222,0.831929,target,1,337.80,debit,0,short_dated|dte=7|long_delta=0.5|lookback=3|short_delta=0.3|sma=20|thresh=0.003
short_dated,oos,IWM,2025-03-13,2025-03-17,-98.2385,-0.500408,stop,1,196.32,debit,0,short_dated|dte=7|long_delta=0.5|lookback=3|short_delta=0.3|sma=20|thresh=0.003
short_dated,oos,QQQ,2025-03-14,2025-03-17,-185.1550,-0.500216,stop,1,370.15,debit,0,short_dated|dte=7|long_delta=0.5|lookback=3|short_delta=0.3|sma=20|thresh=0.003
short_dated,oos,QQQ,2025-03-21,2025-03-24,-274.3086,-0.814216,stop_gap,1,336.90,debit,0,short_dated|dte=7|long_delta=0.5|lookback=3|short_delta=0.3|sma=20|thresh=0.003
short_dated,oos,IWM,2025-03-25,2025-03-26,-174.7915,-0.500917,stop,4,348.94,debit,0,short_dated|dte=7|long_delta=0.5|lookback=3|short_delta=0.3|sma=20|thresh=0.003
short_dated,oos,QQQ,2025-03-25,2025-03-26,-106.1798,-0.500377,stop,1,212.20,debit,0,short_dated|dte=7|long_delta=0.5|lookback=3|short_delta=0.3|sma=20|thresh=0.003
short_dated,oos,SPY,2025-03-25,2025-03-26,-174.4721,-0.500459,stop,2,348.62,debit,0,short_dated|dte=7|long_delta=0.5|lookback=3|short_delta=0.3|sma=20|thresh=0.003
short_dated,oos,IWM,2025-03-27,2025-03-28,-130.7774,-0.500612,stop,2,261.23,debit,0,short_dated|dte=7|long_delta=0.5|lookback=3|short_delta=0.3|sma=20|thresh=0.003
short_dated,oos,QQQ,2025-03-28,2025-03-31,250.9521,0.842303,target,1,297.94,debit,0,short_dated|dte=7|long_delta=0.5|lookback=3|short_delta=0.3|sma=20|thresh=0.003
short_dated,oos,SPY,2025-03-28,2025-03-31,249.2615,0.827240,target,1,301.32,debit,0,short_dated|dte=7|long_delta=0.5|lookback=3|short_delta=0.3|sma=20|thresh=0.003
short_dated,oos,IWM,2025-03-31,2025-03-31,-180.7848,-0.500665,stop,3,361.09,debit,0,short_dated|dte=7|long_delta=0.5|lookback=3|short_delta=0.3|sma=20|thresh=0.003
short_dated,oos,IWM,2025-04-01,2025-04-02,-167.2365,-0.500719,stop,3,333.99,debit,0,short_dated|dte=7|long_delta=0.5|lookback=3|short_delta=0.3|sma=20|thresh=0.003
short_dated,oos,QQQ,2025-04-01,2025-04-02,-132.6694,-0.500302,stop,1,265.18,debit,0,short_dated|dte=7|long_delta=0.5|lookback=3|short_delta=0.3|sma=20|thresh=0.003
short_dated,oos,SPY,2025-04-01,2025-04-02,-132.3458,-0.500302,stop,1,264.53,debit,0,short_dated|dte=7|long_delta=0.5|lookback=3|short_delta=0.3|sma=20|thresh=0.003
short_dated,oos,IWM,2025-04-04,2025-04-07,153.0528,0.790014,target,1,193.73,debit,0,short_dated|dte=7|long_delta=0.5|lookback=3|short_delta=0.3|sma=20|thresh=0.003
short_dated,oos,IWM,2025-04-08,2025-04-08,152.1940,0.778677,target,1,195.45,debit,0,short_dated|dte=7|long_delta=0.5|lookback=3|short_delta=0.3|sma=20|thresh=0.003
short_dated,oos,IWM,2025-04-09,2025-04-09,-180.9788,-0.500221,stop,1,361.80,debit,0,short_dated|dte=7|long_delta=0.5|lookback=3|short_delta=0.3|sma=20|thresh=0.003
short_dated,oos,QQQ,2025-04-15,2025-04-16,282.0177,0.839827,target,1,335.80,debit,0,short_dated|dte=7|long_delta=0.5|lookback=3|short_delta=0.3|sma=20|thresh=0.003
short_dated,oos,SPY,2025-04-15,2025-04-16,281.9678,0.839429,target,1,335.90,debit,0,short_dated|dte=7|long_delta=0.5|lookback=3|short_delta=0.3|sma=20|thresh=0.003
short_dated,oos,IWM,2025-04-15,2025-04-17,-165.4344,-0.500726,stop,3,330.39,debit,0,short_dated|dte=7|long_delta=0.5|lookback=3|short_delta=0.3|sma=20|thresh=0.003
short_dated,oos,SPY,2025-04-21,2025-04-21,280.6932,0.829341,target,1,338.45,debit,0,short_dated|dte=7|long_delta=0.5|lookback=3|short_delta=0.3|sma=20|thresh=0.003
short_dated,oos,QQQ,2025-04-21,2025-04-23,-276.1200,-0.910135,stop_gap,1,303.38,debit,0,short_dated|dte=7|long_delta=0.5|lookback=3|short_delta=0.3|sma=20|thresh=0.003
short_dated,oos,IWM,2025-04-22,2025-04-23,-319.9993,-0.942844,stop_gap,3,339.40,debit,0,short_dated|dte=7|long_delta=0.5|lookback=3|short_delta=0.3|sma=20|thresh=0.003
short_dated,oos,SPY,2025-04-22,2025-04-23,-340.2247,-0.898732,stop_gap,1,378.56,debit,0,short_dated|dte=7|long_delta=0.5|lookback=3|short_delta=0.3|sma=20|thresh=0.003
short_dated,oos,IWM,2025-04-24,2025-04-29,143.2171,0.671102,target,1,213.41,debit,0,short_dated|dte=7|long_delta=0.5|lookback=3|short_delta=0.3|sma=20|thresh=0.003
short_dated,oos,QQQ,2025-04-28,2025-04-30,-194.5549,-0.628553,stop_gap,1,309.53,debit,0,short_dated|dte=7|long_delta=0.5|lookback=3|short_delta=0.3|sma=20|thresh=0.003
short_dated,oos,SPY,2025-04-28,2025-04-30,-149.9693,-0.500267,stop,1,299.78,debit,0,short_dated|dte=7|long_delta=0.5|lookback=3|short_delta=0.3|sma=20|thresh=0.003
short_dated,oos,IWM,2025-04-30,2025-05-02,140.8151,0.645320,target,1,218.21,debit,0,short_dated|dte=7|long_delta=0.5|lookback=3|short_delta=0.3|sma=20|thresh=0.003
short_dated,oos,IWM,2025-05-05,2025-05-06,-176.9219,-0.500906,stop,4,353.20,debit,0,short_dated|dte=7|long_delta=0.5|lookback=3|short_delta=0.3|sma=20|thresh=0.003
short_dated,oos,QQQ,2025-05-05,2025-05-06,-129.8591,-0.500308,stop,1,259.56,debit,0,short_dated|dte=7|long_delta=0.5|lookback=3|short_delta=0.3|sma=20|thresh=0.003
short_dated,oos,SPY,2025-05-05,2025-05-07,-130.3402,-0.500307,stop,1,260.52,debit,0,short_dated|dte=7|long_delta=0.5|lookback=3|short_delta=0.3|sma=20|thresh=0.003
short_dated,oos,IWM,2025-05-07,2025-05-12,142.1339,0.659333,target,1,215.57,debit,0,short_dated|dte=7|long_delta=0.5|lookback=3|short_delta=0.3|sma=20|thresh=0.003
short_dated,oos,QQQ,2025-05-09,2025-05-12,228.0082,0.663154,target,1,343.82,debit,0,short_dated|dte=7|long_delta=0.5|lookback=3|short_delta=0.3|sma=20|thresh=0.003
short_dated,oos,QQQ,2025-05-13,2025-05-13,136.6502,0.603207,target,1,226.54,debit,0,short_dated|dte=7|long_delta=0.5|lookback=3|short_delta=0.3|sma=20|thresh=0.003
short_dated,oos,IWM,2025-05-13,2025-05-14,-179.0555,-0.500895,stop,4,357.47,debit,0,short_dated|dte=7|long_delta=0.5|lookback=3|short_delta=0.3|sma=20|thresh=0.003
short_dated,oos,SPY,2025-05-12,2025-05-15,170.0234,0.654457,target,1,259.79,debit,0,short_dated|dte=7|long_delta=0.5|lookback=3|short_delta=0.3|sma=20|thresh=0.003
short_dated,oos,QQQ,2025-05-14,2025-05-21,-170.3918,-0.500235,stop,1,340.62,debit,0,short_dated|dte=7|long_delta=0.5|lookback=3|short_delta=0.3|sma=20|thresh=0.003
short_dated,oos,IWM,2025-05-15,2025-05-21,-129.1558,-0.500620,stop,2,257.99,debit,0,short_dated|dte=7|long_delta=0.5|lookback=3|short_delta=0.3|sma=20|thresh=0.003
short_dated,oos,SPY,2025-05-16,2025-05-21,-152.7376,-0.587694,stop_gap,1,259.89,debit,0,short_dated|dte=7|long_delta=0.5|lookback=3|short_delta=0.3|sma=20|thresh=0.003
short_dated,oos,IWM,2025-05-28,2025-05-30,-168.9493,-0.500474,stop,2,337.58,debit,0,short_dated|dte=7|long_delta=0.5|lookback=3|short_delta=0.3|sma=20|thresh=0.003
short_dated,oos,QQQ,2025-05-28,2025-05-30,-190.5050,-0.500210,stop,1,380.85,debit,0,short_dated|dte=7|long_delta=0.5|lookback=3|short_delta=0.3|sma=20|thresh=0.003
short_dated,oos,SPY,2025-05-29,2025-05-30,-169.2585,-0.500236,stop,1,338.36,debit,0,short_dated|dte=7|long_delta=0.5|lookback=3|short_delta=0.3|sma=20|thresh=0.003
short_dated,oos,QQQ,2025-06-03,2025-06-05,224.3330,0.639100,target,2,351.01,debit,0,short_dated|dte=7|long_delta=0.5|lookback=3|short_delta=0.3|sma=20|thresh=0.003
short_dated,oos,SPY,2025-06-03,2025-06-05,-174.4343,-0.500459,stop,2,348.55,debit,0,short_dated|dte=7|long_delta=0.5|lookback=3|short_delta=0.3|sma=20|thresh=0.003
short_dated,oos,IWM,2025-06-04,2025-06-09,219.9186,0.611152,target,2,359.84,debit,0,short_dated|dte=7|long_delta=0.5|lookback=3|short_delta=0.3|sma=20|thresh=0.003
short_dated,oos,IWM,2025-06-10,2025-06-11,-163.0283,-0.500983,stop,4,325.42,debit,0,short_dated|dte=7|long_delta=0.5|lookback=3|short_delta=0.3|sma=20|thresh=0.003
short_dated,oos,QQQ,2025-06-06,2025-06-12,21.3203,0.071338,time,1,298.86,debit,0,short_dated|dte=7|long_delta=0.5|lookback=3|short_delta=0.3|sma=20|thresh=0.003
short_dated,oos,SPY,2025-06-09,2025-06-12,156.5558,0.435936,time,2,359.13,debit,0,short_dated|dte=7|long_delta=0.5|lookback=3|short_delta=0.3|sma=20|thresh=0.003
short_dated,oos,IWM,2025-06-12,2025-06-13,-174.1535,-0.500460,stop,2,347.99,debit,0,short_dated|dte=7|long_delta=0.5|lookback=3|short_delta=0.3|sma=20|thresh=0.003
short_dated,oos,QQQ,2025-06-13,2025-06-20,-153.1082,-0.500261,stop,1,306.06,debit,0,short_dated|dte=7|long_delta=0.5|lookback=3|short_delta=0.3|sma=20|thresh=0.003
short_dated,oos,SPY,2025-06-13,2025-06-20,-301.1980,-1.000266,stop_gap,1,301.12,debit,0,short_dated|dte=7|long_delta=0.5|lookback=3|short_delta=0.3|sma=20|thresh=0.003
short_dated,oos,IWM,2025-06-20,2025-06-23,-209.2975,-0.594755,stop_gap,2,351.91,debit,0,short_dated|dte=7|long_delta=0.5|lookback=3|short_delta=0.3|sma=20|thresh=0.003
short_dated,oos,SPY,2025-06-23,2025-06-24,-158.9725,-0.724844,stop_gap,1,219.32,debit,0,short_dated|dte=7|long_delta=0.5|lookback=3|short_delta=0.3|sma=20|thresh=0.003
short_dated,oos,IWM,2025-06-24,2025-06-25,-132.0094,-0.500607,stop,2,263.70,debit,0,short_dated|dte=7|long_delta=0.5|lookback=3|short_delta=0.3|sma=20|thresh=0.003
short_dated,oos,QQQ,2025-06-24,2025-06-26,140.4719,0.641728,target,1,218.90,debit,0,short_dated|dte=7|long_delta=0.5|lookback=3|short_delta=0.3|sma=20|thresh=0.003
short_dated,oos,IWM,2025-06-26,2025-06-27,167.7658,0.635119,target,2,264.15,debit,0,short_dated|dte=7|long_delta=0.5|lookback=3|short_delta=0.3|sma=20|thresh=0.003
short_dated,oos,SPY,2025-06-25,2025-06-30,201.0003,0.674862,target,1,297.84,debit,0,short_dated|dte=7|long_delta=0.5|lookback=3|short_delta=0.3|sma=20|thresh=0.003
short_dated,oos,IWM,2025-06-30,2025-07-01,-217.7586,-0.633818,stop_gap,4,343.57,debit,0,short_dated|dte=7|long_delta=0.5|lookback=3|short_delta=0.3|sma=20|thresh=0.003
short_dated,oos,QQQ,2025-06-27,2025-07-03,172.1552,0.673719,target,1,255.53,debit,0,short_dated|dte=7|long_delta=0.5|lookback=3|short_delta=0.3|sma=20|thresh=0.003
short_dated,oos,SPY,2025-07-01,2025-07-03,167.3486,0.631545,target,2,264.98,debit,0,short_dated|dte=7|long_delta=0.5|lookback=3|short_delta=0.3|sma=20|thresh=0.003
short_dated,oos,IWM,2025-07-02,2025-07-07,172.4466,0.676827,target,2,254.79,debit,0,short_dated|dte=7|long_delta=0.5|lookback=5|short_delta=0.3|sma=20|thresh=0.005
short_dated,oos,SPY,2025-07-07,2025-07-07,-171.9879,-0.500466,stop,2,343.66,debit,0,short_dated|dte=7|long_delta=0.5|lookback=5|short_delta=0.3|sma=20|thresh=0.005
short_dated,oos,QQQ,2025-07-07,2025-07-10,19.3301,0.054925,time,2,351.94,debit,0,short_dated|dte=7|long_delta=0.5|lookback=5|short_delta=0.3|sma=20|thresh=0.005
short_dated,oos,IWM,2025-07-08,2025-07-10,228.3723,0.666556,target,4,342.62,debit,0,short_dated|dte=7|long_delta=0.5|lookback=5|short_delta=0.3|sma=20|thresh=0.005
short_dated,oos,SPY,2025-07-08,2025-07-10,226.7100,0.654739,target,2,346.26,debit,0,short_dated|dte=7|long_delta=0.5|lookback=5|short_delta=0.3|sma=20|thresh=0.005
short_dated,oos,IWM,2025-07-11,2025-07-14,-136.7306,-0.500586,stop,2,273.14,debit,0,short_dated|dte=7|long_delta=0.5|lookback=5|short_delta=0.3|sma=20|thresh=0.005
short_dated,oos,IWM,2025-07-15,2025-07-15,-185.6490,-0.500863,stop,4,370.66,debit,0,short_dated|dte=7|long_delta=0.5|lookback=5|short_delta=0.3|sma=20|thresh=0.005
short_dated,oos,SPY,2025-07-11,2025-07-16,-130.1212,-0.500308,stop,1,260.08,debit,0,short_dated|dte=7|long_delta=0.5|lookback=5|short_delta=0.3|sma=20|thresh=0.005
short_dated,oos,QQQ,2025-07-11,2025-07-17,139.7651,0.634403,target,1,220.31,debit,0,short_dated|dte=7|long_delta=0.5|lookback=5|short_delta=0.3|sma=20|thresh=0.005
short_dated,oos,QQQ,2025-07-18,2025-07-22,-109.1952,-0.500367,stop,1,218.23,debit,0,short_dated|dte=7|long_delta=0.5|lookback=5|short_delta=0.3|sma=20|thresh=0.005
short_dated,oos,SPY,2025-07-21,2025-07-24,221.5821,0.621521,target,2,356.52,debit,0,short_dated|dte=7|long_delta=0.5|lookback=5|short_delta=0.3|sma=20|thresh=0.005
short_dated,oos,IWM,2025-07-23,2025-07-29,-174.9802,-0.500458,stop,2,349.64,debit,0,short_dated|dte=7|long_delta=0.5|lookback=5|short_delta=0.3|sma=20|thresh=0.005
short_dated,oos,QQQ,2025-07-23,2025-07-29,228.6105,0.667244,target,1,342.62,debit,0,short_dated|dte=7|long_delta=0.5|lookback=5|short_delta=0.3|sma=20|thresh=0.005
short_dated,oos,SPY,2025-07-25,2025-07-30,-128.0057,-0.500313,stop,1,255.85,debit,0,short_dated|dte=7|long_delta=0.5|lookback=5|short_delta=0.3|sma=20|thresh=0.005
short_dated,oos,QQQ,2025-07-30,2025-08-01,-197.0269,-0.645935,stop_gap,1,305.03,debit,0,short_dated|dte=7|long_delta=0.5|lookback=5|short_delta=0.3|sma=20|thresh=0.005
short_dated,oos,IWM,2025-07-31,2025-08-01,245.9347,0.798981,target,2,307.81,debit,0,short_dated|dte=7|long_delta=0.5|lookback=5|short_delta=0.3|sma=20|thresh=0.005
short_dated,oos,IWM,2025-08-04,2025-08-05,-214.8141,-0.717341,stop_gap,2,299.46,debit,0,short_dated|dte=7|long_delta=0.5|lookback=5|short_delta=0.3|sma=20|thresh=0.005
short_dated,oos,QQQ,2025-08-04,2025-08-05,-135.3783,-0.613655,stop_gap,1,220.61,debit,0,short_dated|dte=7|long_delta=0.5|lookback=5|short_delta=0.3|sma=20|thresh=0.005
short_dated,oos,SPY,2025-08-04,2025-08-05,-154.9314,-0.595071,stop_gap,1,260.36,debit,0,short_dated|dte=7|long_delta=0.5|lookback=5|short_delta=0.3|sma=20|thresh=0.005
short_dated,oos,QQQ,2025-08-06,2025-08-07,-206.1282,-0.608846,stop_gap,1,338.56,debit,0,short_dated|dte=7|long_delta=0.5|lookback=5|short_delta=0.3|sma=20|thresh=0.005
short_dated,oos,SPY,2025-08-06,2025-08-07,-170.4362,-0.500235,stop,1,340.71,debit,0,short_dated|dte=7|long_delta=0.5|lookback=5|short_delta=0.3|sma=20|thresh=0.005
short_dated,oos,IWM,2025-08-06,2025-08-12,-151.2349,-0.500530,stop,2,302.15,debit,0,short_dated|dte=7|long_delta=0.5|lookback=5|short_delta=0.3|sma=20|thresh=0.005
short_dated,oos,QQQ,2025-08-08,2025-08-12,199.8238,0.665652,target,1,300.19,debit,0,short_dated|dte=7|long_delta=0.5|lookback=5|short_delta=0.3|sma=20|thresh=0.005
short_dated,oos,SPY,2025-08-11,2025-08-13,226.5476,0.653657,target,2,346.58,debit,0,short_dated|dte=7|long_delta=0.5|lookback=5|short_delta=0.3|sma=20|thresh=0.005
short_dated,oos,QQQ,2025-08-13,2025-08-15,-155.7768,-0.500257,stop,1,311.39,debit,0,short_dated|dte=7|long_delta=0.5|lookback=5|short_delta=0.3|sma=20|thresh=0.005
short_dated,oos,IWM,2025-08-13,2025-08-19,-127.9150,-0.500626,stop,2,255.51,debit,0,short_dated|dte=7|long_delta=0.5|lookback=5|short_delta=0.3|sma=20|thresh=0.005
short_dated,oos,SPY,2025-08-14,2025-08-19,-133.7295,-0.500299,stop,1,267.30,debit,0,short_dated|dte=7|long_delta=0.5|lookback=5|short_delta=0.3|sma=20|thresh=0.005
short_dated,oos,QQQ,2025-08-19,2025-08-19,-172.6347,-0.500464,stop,2,344.95,debit,0,short_dated|dte=7|long_delta=0.5|lookback=5|short_delta=0.3|sma=20|thresh=0.005
short_dated,oos,SPY,2025-08-22,2025-08-22,-145.5812,-0.500275,stop,1,291.00,debit,0,short_dated|dte=7|long_delta=0.5|lookback=5|short_delta=0.3|sma=20|thresh=0.005
short_dated,oos,QQQ,2025-08-20,2025-08-25,-166.7647,-0.500240,stop,1,333.37,debit,0,short_dated|dte=7|long_delta=0.5|lookback=5|short_delta=0.3|sma=20|thresh=0.005
short_dated,oos,IWM,2025-08-25,2025-08-28,102.0292,0.390063,time,2,261.57,debit,0,short_dated|dte=7|long_delta=0.5|lookback=5|short_delta=0.3|sma=20|thresh=0.005
short_dated,oos,QQQ,2025-08-27,2025-09-02,-293.7775,-0.945385,stop_gap,1,310.75,debit,0,short_dated|dte=7|long_delta=0.5|lookback=5|short_delta=0.3|sma=20|thresh=0.005
short_dated,oos,SPY,2025-08-27,2025-09-02,-263.0846,-0.868394,stop_gap,1,302.96,debit,0,short_dated|dte=7|long_delta=0.5|lookback=5|short_delta=0.3|sma=20|thresh=0.005
short_dated,oos,IWM,2025-08-29,2025-09-02,-247.6174,-0.946818,stop_gap,2,261.53,debit,0,short_dated|dte=7|long_delta=0.5|lookback=5|short_delta=0.3|sma=20|thresh=0.005
short_dated,oos,IWM,2025-09-03,2025-09-05,233.5370,0.702143,target,2,332.61,debit,0,short_dated|dte=7|long_delta=0.5|lookback=5|short_delta=0.3|sma=20|thresh=0.005
short_dated,oos,QQQ,2025-09-03,2025-09-05,-230.9313,-0.680009,stop_gap,1,339.60,debit,0,short_dated|dte=7|long_delta=0.5|lookback=5|short_delta=0.3|sma=20|thresh=0.005
short_dated,oos,IWM,2025-09-08,2025-09-08,-171.8246,-0.500933,stop,4,343.01,debit,0,short_dated|dte=7|long_delta=0.5|lookback=5|short_delta=0.3|sma=20|thresh=0.005
short_dated,oos,IWM,2025-09-09,2025-09-09,-180.1506,-0.500890,stop,4,359.66,debit,0,short_dated|dte=7|long_delta=0.5|lookback=5|short_delta=0.3|sma=20|thresh=0.005
short_dated,oos,QQQ,2025-09-09,2025-09-11,171.8869,0.486721,time,2,353.15,debit,0,short_dated|dte=7|long_delta=0.5|lookback=5|short_delta=0.3|sma=20|thresh=0.005
short_dated,oos,SPY,2025-09-09,2025-09-11,220.7388,0.616240,target,2,358.20,debit,0,short_dated|dte=7|long_delta=0.5|lookback=5|short_delta=0.3|sma=20|thresh=0.005
short_dated,oos,IWM,2025-09-10,2025-09-17,168.7918,0.644006,target,2,262.10,debit,0,short_dated|dte=7|long_delta=0.5|lookback=5|short_delta=0.3|sma=20|thresh=0.005
short_dated,oos,SPY,2025-09-12,2025-09-17,-131.4445,-0.500304,stop,1,262.73,debit,0,short_dated|dte=7|long_delta=0.5|lookback=5|short_delta=0.3|sma=20|thresh=0.005
short_dated,oos,QQQ,2025-09-12,2025-09-18,171.4791,0.667541,target,1,256.88,debit,0,short_dated|dte=7|long_delta=0.5|lookback=5|short_delta=0.3|sma=20|thresh=0.005
short_dated,oos,IWM,2025-09-18,2025-09-23,227.0977,0.657331,target,2,345.48,debit,0,short_dated|dte=7|long_delta=0.5|lookback=5|short_delta=0.3|sma=20|thresh=0.005
short_dated,oos,SPY,2025-09-18,2025-09-24,-173.4705,-0.500231,stop,1,346.78,debit,0,short_dated|dte=7|long_delta=0.5|lookback=5|short_delta=0.3|sma=20|thresh=0.005
short_dated,oos,QQQ,2025-09-19,2025-09-24,-149.3922,-0.500268,stop,1,298.62,debit,0,short_dated|dte=7|long_delta=0.5|lookback=5|short_delta=0.3|sma=20|thresh=0.005
short_dated,oos,IWM,2025-09-24,2025-09-25,-240.4329,-0.679471,stop_gap,2,353.85,debit,0,short_dated|dte=7|long_delta=0.5|lookback=5|short_delta=0.3|sma=20|thresh=0.005
short_dated,oos,QQQ,2025-09-25,2025-09-29,198.9557,0.658949,target,1,301.93,debit,0,short_dated|dte=7|long_delta=0.5|lookback=5|short_delta=0.3|sma=20|thresh=0.005
short_dated,holdout,IWM,2025-10-02,2025-10-06,227.5192,0.660161,target,2,344.64,debit,0,short_dated|dte=7|long_delta=0.5|lookback=3|short_delta=0.3|sma=20|thresh=0.003
short_dated,holdout,QQQ,2025-10-02,2025-10-07,-150.7432,-0.500265,stop,1,301.33,debit,0,short_dated|dte=7|long_delta=0.5|lookback=3|short_delta=0.3|sma=20|thresh=0.003
short_dated,holdout,IWM,2025-10-07,2025-10-07,-199.9971,-0.500601,stop,3,399.51,debit,0,short_dated|dte=7|long_delta=0.5|lookback=3|short_delta=0.3|sma=20|thresh=0.003
short_dated,holdout,SPY,2025-10-02,2025-10-09,-150.5562,-0.500266,stop,1,300.95,debit,0,short_dated|dte=7|long_delta=0.5|lookback=3|short_delta=0.3|sma=20|thresh=0.003
short_dated,holdout,IWM,2025-10-09,2025-10-10,-188.9163,-0.500636,stop,3,377.35,debit,0,short_dated|dte=7|long_delta=0.5|lookback=3|short_delta=0.3|sma=20|thresh=0.003
short_dated,holdout,QQQ,2025-10-09,2025-10-10,-154.4125,-0.500259,stop,1,308.67,debit,0,short_dated|dte=7|long_delta=0.5|lookback=3|short_delta=0.3|sma=20|thresh=0.003
short_dated,holdout,IWM,2025-10-13,2025-10-14,-221.3122,-0.500543,stop,3,442.14,debit,0,short_dated|dte=7|long_delta=0.5|lookback=3|short_delta=0.3|sma=20|thresh=0.003
short_dated,holdout,QQQ,2025-10-13,2025-10-15,-165.2218,-0.500242,stop,1,330.28,debit,0,short_dated|dte=7|long_delta=0.5|lookback=3|short_delta=0.3|sma=20|thresh=0.003
short_dated,holdout,SPY,2025-10-13,2025-10-15,-176.9715,-0.594036,stop_gap,1,297.91,debit,0,short_dated|dte=7|long_delta=0.5|lookback=3|short_delta=0.3|sma=20|thresh=0.003
short_dated,holdout,IWM,2025-10-15,2025-10-16,-208.6008,-0.500384,stop,2,416.88,debit,0,short_dated|dte=7|long_delta=0.5|lookback=3|short_delta=0.3|sma=20|thresh=0.003
short_dated,holdout,QQQ,2025-10-16,2025-10-22,-214.2740,-0.500187,stop,1,428.39,debit,0,short_dated|dte=7|long_delta=0.5|lookback=3|short_delta=0.3|sma=20|thresh=0.003
short_dated,holdout,SPY,2025-10-16,2025-10-22,-217.7337,-0.500184,stop,1,435.31,debit,0,short_dated|dte=7|long_delta=0.5|lookback=3|short_delta=0.3|sma=20|thresh=0.003
short_dated,holdout,IWM,2025-10-20,2025-10-22,372.4852,0.819460,target,3,454.55,debit,0,short_dated|dte=7|long_delta=0.5|lookback=3|short_delta=0.3|sma=20|thresh=0.003
short_dated,holdout,SPY,2025-10-23,2025-10-27,258.0861,0.672681,target,1,383.67,debit,0,short_dated|dte=7|long_delta=0.5|lookback=3|short_delta=0.3|sma=20|thresh=0.003
short_dated,holdout,IWM,2025-10-27,2025-10-28,-200.2558,-0.523370,stop_gap,3,382.63,debit,0,short_dated|dte=7|long_delta=0.5|lookback=3|short_delta=0.3|sma=20|thresh=0.003
short_dated,holdout,QQQ,2025-10-27,2025-10-28,169.5805,0.650534,target,1,260.68,debit,0,short_dated|dte=7|long_delta=0.5|lookback=3|short_delta=0.3|sma=20|thresh=0.003
short_dated,holdout,SPY,2025-10-28,2025-10-29,-221.4577,-0.500362,stop,2,442.60,debit,0,short_dated|dte=7|long_delta=0.5|lookback=3|short_delta=0.3|sma=20|thresh=0.003
short_dated,holdout,IWM,2025-10-29,2025-10-30,-179.4315,-0.500446,stop,2,358.54,debit,0,short_dated|dte=7|long_delta=0.5|lookback=3|short_delta=0.3|sma=20|thresh=0.003
short_dated,holdout,QQQ,2025-10-29,2025-10-30,-235.5497,-0.500170,stop,1,470.94,debit,0,short_dated|dte=7|long_delta=0.5|lookback=3|short_delta=0.3|sma=20|thresh=0.003
short_dated,holdout,SPY,2025-10-30,2025-11-04,-283.3992,-0.797783,stop_gap,1,355.23,debit,0,short_dated|dte=7|long_delta=0.5|lookback=3|short_delta=0.3|sma=20|thresh=0.003
short_dated,holdout,IWM,2025-10-31,2025-11-06,381.7126,0.875297,target,3,436.09,debit,0,short_dated|dte=7|long_delta=0.5|lookback=3|short_delta=0.3|sma=20|thresh=0.003
short_dated,holdout,IWM,2025-11-07,2025-11-10,-304.8304,-0.808434,stop_gap,2,377.06,debit,0,short_dated|dte=7|long_delta=0.5|lookback=3|short_delta=0.3|sma=20|thresh=0.003
short_dated,holdout,QQQ,2025-11-07,2025-11-10,-254.0065,-0.624534,stop_gap,1,406.71,debit,0,short_dated|dte=7|long_delta=0.5|lookback=3|short_delta=0.3|sma=20|thresh=0.003
short_dated,holdout,SPY,2025-11-07,2025-11-10,-213.1124,-0.649931,stop_gap,1,327.90,debit,0,short_dated|dte=7|long_delta=0.5|lookback=3|short_delta=0.3|sma=20|thresh=0.003
short_dated,holdout,SPY,2025-11-11,2025-11-13,-221.8473,-0.500361,stop,2,443.37,debit,0,short_dated|dte=7|long_delta=0.5|lookback=3|short_delta=0.3|sma=20|thresh=0.003
short_dated,holdout,QQQ,2025-11-12,2025-11-13,-193.7076,-0.500207,stop,1,387.26,debit,0,short_dated|dte=7|long_delta=0.5|lookback=3|short_delta=0.3|sma=20|thresh=0.003
short_dated,holdout,IWM,2025-11-14,2025-11-14,-192.9709,-0.500415,stop,2,385.62,debit,0,short_dated|dte=7|long_delta=0.5|lookback=3|short_delta=0.3|sma=20|thresh=0.003
short_dated,holdout,QQQ,2025-11-14,2025-11-14,-204.6350,-0.500196,stop,1,409.11,debit,0,short_dated|dte=7|long_delta=0.5|lookback=3|short_delta=0.3|sma=20|thresh=0.003
short_dated,holdout,SPY,2025-11-14,2025-11-17,-185.1023,-0.500216,stop,1,370.04,debit,0,short_dated|dte=7|long_delta=0.5|lookback=3|short_delta=0.3|sma=20|thresh=0.003
short_dated,holdout,IWM,2025-11-17,2025-11-18,370.8815,0.810215,target,3,457.76,debit,0,short_dated|dte=7|long_delta=0.5|lookback=3|short_delta=0.3|sma=20|thresh=0.003
short_dated,holdout,QQQ,2025-11-17,2025-11-18,281.6913,0.837227,target,1,336.46,debit,0,short_dated|dte=7|long_delta=0.5|lookback=3|short_delta=0.3|sma=20|thresh=0.003
short_dated,holdout,SPY,2025-11-18,2025-11-20,-226.0240,-0.881328,stop_gap,1,256.46,debit,0,short_dated|dte=7|long_delta=0.5|lookback=3|short_delta=0.3|sma=20|thresh=0.003
short_dated,holdout,IWM,2025-11-19,2025-11-20,-224.4346,-0.500357,stop,2,448.55,debit,0,short_dated|dte=7|long_delta=0.5|lookback=3|short_delta=0.3|sma=20|thresh=0.003
short_dated,holdout,IWM,2025-11-21,2025-11-21,-187.2519,-0.500428,stop,2,374.18,debit,0,short_dated|dte=7|long_delta=0.5|lookback=3|short_delta=0.3|sma=20|thresh=0.003
short_dated,holdout,QQQ,2025-11-24,2025-11-24,-170.3690,-0.500235,stop,1,340.58,debit,0,short_dated|dte=7|long_delta=0.5|lookback=3|short_delta=0.3|sma=20|thresh=0.003
short_dated,holdout,IWM,2025-11-26,2025-12-03,221.5959,0.621608,target,2,356.49,debit,0,short_dated|dte=7|long_delta=0.5|lookback=3|short_delta=0.3|sma=20|thresh=0.003
short_dated,holdout,SPY,2025-11-26,2025-12-04,223.3538,0.632493,target,1,353.13,debit,0,short_dated|dte=7|long_delta=0.5|lookback=3|short_delta=0.3|sma=20|thresh=0.003
short_dated,holdout,QQQ,2025-11-28,2025-12-04,200.0795,0.667641,target,1,299.68,debit,0,short_dated|dte=7|long_delta=0.5|lookback=3|short_delta=0.3|sma=20|thresh=0.003
short_dated,holdout,IWM,2025-12-04,2025-12-10,226.4199,0.652808,target,2,346.84,debit,0,short_dated|dte=7|long_delta=0.5|lookback=3|short_delta=0.3|sma=20|thresh=0.003
short_dated,holdout,QQQ,2025-12-05,2025-12-10,-172.2695,-0.500232,stop,1,344.38,debit,0,short_dated|dte=7|long_delta=0.5|lookback=3|short_delta=0.3|sma=20|thresh=0.003
short_dated,holdout,SPY,2025-12-05,2025-12-10,-160.2164,-0.532104,stop_gap,1,301.10,debit,0,short_dated|dte=7|long_delta=0.5|lookback=3|short_delta=0.3|sma=20|thresh=0.003
short_dated,holdout,QQQ,2025-12-11,2025-12-12,-196.1753,-0.500204,stop,1,392.19,debit,0,short_dated|dte=7|long_delta=0.5|lookback=3|short_delta=0.3|sma=20|thresh=0.003
short_dated,holdout,SPY,2025-12-12,2025-12-12,-126.7681,-0.500316,stop,1,253.38,debit,0,short_dated|dte=7|long_delta=0.5|lookback=3|short_delta=0.3|sma=20|thresh=0.003
short_dated,holdout,IWM,2025-12-11,2025-12-15,-167.7709,-0.500477,stop,2,335.22,debit,0,short_dated|dte=7|long_delta=0.5|lookback=3|short_delta=0.3|sma=20|thresh=0.003
short_dated,holdout,QQQ,2025-12-16,2025-12-17,-221.8651,-0.612681,stop_gap,2,362.12,debit,0,short_dated|dte=7|long_delta=0.5|lookback=3|short_delta=0.3|sma=20|thresh=0.003
short_dated,holdout,QQQ,2025-12-18,2025-12-19,-166.4479,-0.500240,stop,1,332.74,debit,0,short_dated|dte=7|long_delta=0.5|lookback=3|short_delta=0.3|sma=20|thresh=0.003
short_dated,holdout,SPY,2025-12-18,2025-12-22,-246.0196,-0.750309,stop_gap,1,327.89,debit,0,short_dated|dte=7|long_delta=0.5|lookback=3|short_delta=0.3|sma=20|thresh=0.003
short_dated,holdout,QQQ,2025-12-22,2025-12-23,-172.1590,-0.500465,stop,2,344.00,debit,0,short_dated|dte=7|long_delta=0.5|lookback=3|short_delta=0.3|sma=20|thresh=0.003
short_dated,holdout,IWM,2025-12-22,2025-12-24,-238.2566,-0.500841,stop,5,475.71,debit,0,short_dated|dte=7|long_delta=0.5|lookback=3|short_delta=0.3|sma=20|thresh=0.003
short_dated,holdout,SPY,2025-12-23,2025-12-24,244.2760,0.594392,target,3,410.97,debit,0,short_dated|dte=7|long_delta=0.5|lookback=3|short_delta=0.3|sma=20|thresh=0.003
short_dated,holdout,IWM,2025-12-26,2025-12-26,-218.0785,-0.500919,stop,5,435.36,debit,0,short_dated|dte=7|long_delta=0.5|lookback=3|short_delta=0.3|sma=20|thresh=0.003
short_dated,holdout,QQQ,2025-12-24,2025-12-29,-127.2468,-0.500315,stop,1,254.33,debit,0,short_dated|dte=7|long_delta=0.5|lookback=3|short_delta=0.3|sma=20|thresh=0.003
short_dated,holdout,SPY,2025-12-26,2025-12-29,-179.8041,-0.500623,stop_gap,2,359.16,debit,0,short_dated|dte=7|long_delta=0.5|lookback=3|short_delta=0.3|sma=20|thresh=0.003
short_dated,holdout,IWM,2025-12-30,2025-12-31,373.4115,0.825735,target,6,452.22,debit,0,short_dated|dte=7|long_delta=0.5|lookback=3|short_delta=0.3|sma=20|thresh=0.003
short_dated,holdout,IWM,2026-01-02,2026-01-05,-243.3879,-0.524303,stop_gap,4,464.21,debit,0,short_dated|dte=7|long_delta=0.5|lookback=3|short_delta=0.3|sma=20|thresh=0.003
short_dated,holdout,SPY,2026-01-02,2026-01-06,-221.6415,-0.500361,stop,2,442.96,debit,0,short_dated|dte=7|long_delta=0.5|lookback=3|short_delta=0.3|sma=20|thresh=0.003
short_dated,holdout,IWM,2026-01-06,2026-01-06,209.5559,0.551103,target,4,380.25,debit,0,short_dated|dte=7|long_delta=0.5|lookback=3|short_delta=0.3|sma=20|thresh=0.003
short_dated,holdout,QQQ,2026-01-02,2026-01-07,-150.1649,-0.500267,stop,1,300.17,debit,0,short_dated|dte=7|long_delta=0.5|lookback=3|short_delta=0.3|sma=20|thresh=0.003
short_dated,holdout,IWM,2026-01-07,2026-01-12,257.4130,0.669137,target,3,384.69,debit,0,short_dated|dte=7|long_delta=0.5|lookback=3|short_delta=0.3|sma=20|thresh=0.003
short_dated,holdout,IWM,2026-01-13,2026-01-13,-197.5316,-0.500811,stop,4,394.42,debit,0,short_dated|dte=7|long_delta=0.5|lookback=3|short_delta=0.3|sma=20|thresh=0.003
short_dated,holdout,SPY,2026-01-07,2026-01-14,-130.9969,-0.500306,stop,1,261.83,debit,0,short_dated|dte=7|long_delta=0.5|lookback=3|short_delta=0.3|sma=20|thresh=0.003
short_dated,holdout,QQQ,2026-01-08,2026-01-14,-150.6922,-0.500266,stop,1,301.22,debit,0,short_dated|dte=7|long_delta=0.5|lookback=3|short_delta=0.3|sma=20|thresh=0.003
short_dated,holdout,IWM,2026-01-14,2026-01-15,225.0904,0.644037,target,2,349.50,debit,0,short_dated|dte=7|long_delta=0.5|lookback=3|short_delta=0.3|sma=20|thresh=0.003
short_dated,holdout,IWM,2026-01-16,2026-01-20,-380.8513,-0.954360,stop_gap,3,399.06,debit,0,short_dated|dte=7|long_delta=0.5|lookback=3|short_delta=0.3|sma=20|thresh=0.003
short_dated,holdout,QQQ,2026-01-21,2026-01-22,-268.0941,-0.597594,stop_gap,1,448.62,debit,0,short_dated|dte=7|long_delta=0.5|lookback=3|short_delta=0.3|sma=20|thresh=0.003
short_dated,holdout,SPY,2026-01-21,2026-01-22,-231.4962,-0.566063,stop_gap,1,408.96,debit,0,short_dated|dte=7|long_delta=0.5|lookback=3|short_delta=0.3|sma=20|thresh=0.003
short_dated,holdout,IWM,2026-01-22,2026-01-23,-177.3819,-0.500451,stop,2,354.44,debit,0,short_dated|dte=7|long_delta=0.5|lookback=3|short_delta=0.3|sma=20|thresh=0.003
short_dated,holdout,IWM,2026-01-26,2026-01-27,-203.2479,-0.500591,stop,3,406.02,debit,0,short_dated|dte=7|long_delta=0.5|lookback=3|short_delta=0.3|sma=20|thresh=0.003
short_dated,holdout,QQQ,2026-01-26,2026-01-28,172.3834,0.675820,target,1,255.07,debit,0,short_dated|dte=7|long_delta=0.5|lookback=3|short_delta=0.3|sma=20|thresh=0.003
short_dated,holdout,SPY,2026-01-26,2026-01-29,-218.0473,-0.500367,stop,2,435.77,debit,0,short_dated|dte=7|long_delta=0.5|lookback=3|short_delta=0.3|sma=20|thresh=0.003
short_dated,holdout,QQQ,2026-01-29,2026-01-29,-194.5634,-0.500206,stop,1,388.97,debit,0,short_dated|dte=7|long_delta=0.5|lookback=3|short_delta=0.3|sma=20|thresh=0.003
short_dated,holdout,QQQ,2026-01-30,2026-02-02,-217.9565,-0.561260,stop_gap,1,388.33,debit,0,short_dated|dte=7|long_delta=0.5|lookback=3|short_delta=0.3|sma=20|thresh=0.003
short_dated,holdout,IWM,2026-02-02,2026-02-02,-181.6470,-0.500661,stop,3,362.81,debit,0,short_dated|dte=7|long_delta=0.5|lookback=3|short_delta=0.3|sma=20|thresh=0.003
short_dated,holdout,QQQ,2026-02-04,2026-02-05,375.2823,0.835306,target,1,449.28,debit,0,short_dated|dte=7|long_delta=0.5|lookback=3|short_delta=0.3|sma=20|thresh=0.003
short_dated,holdout,IWM,2026-02-06,2026-02-06,-191.2183,-0.500419,stop,2,382.12,debit,0,short_dated|dte=7|long_delta=0.5|lookback=3|short_delta=0.3|sma=20|thresh=0.003
short_dated,holdout,SPY,2026-02-04,2026-02-09,-186.5445,-0.500215,stop,1,372.93,debit,0,short_dated|dte=7|long_delta=0.5|lookback=3|short_delta=0.3|sma=20|thresh=0.003
short_dated,holdout,QQQ,2026-02-09,2026-02-09,-132.3822,-0.500302,stop,1,264.60,debit,0,short_dated|dte=7|long_delta=0.5|lookback=3|short_delta=0.3|sma=20|thresh=0.003
short_dated,holdout,IWM,2026-02-09,2026-02-11,-196.1684,-0.500612,stop,3,391.86,debit,0,short_dated|dte=7|long_delta=0.5|lookback=3|short_delta=0.3|sma=20|thresh=0.003
short_dated,holdout,SPY,2026-02-10,2026-02-11,-220.0124,-0.500364,stop,2,439.70,debit,0,short_dated|dte=7|long_delta=0.5|lookback=3|short_delta=0.3|sma=20|thresh=0.003
short_dated,holdout,IWM,2026-02-13,2026-02-17,-190.0860,-0.500421,stop,2,379.85,debit,0,short_dated|dte=7|long_delta=0.5|lookback=3|short_delta=0.3|sma=20|thresh=0.003
short_dated,holdout,QQQ,2026-02-13,2026-02-18,-206.9350,-0.500193,stop,1,413.71,debit,0,short_dated|dte=7|long_delta=0.5|lookback=3|short_delta=0.3|sma=20|thresh=0.003
short_dated,holdout,SPY,2026-02-13,2026-02-18,-184.9777,-0.500216,stop,1,369.80,debit,0,short_dated|dte=7|long_delta=0.5|lookback=3|short_delta=0.3|sma=20|thresh=0.003
short_dated,holdout,SPY,2026-02-23,2026-02-23,-151.4166,-0.500264,stop,1,302.67,debit,0,short_dated|dte=7|long_delta=0.5|lookback=3|short_delta=0.3|sma=20|thresh=0.003
short_dated,holdout,IWM,2026-02-18,2026-02-25,-234.8838,-0.616319,stop_gap,2,381.11,debit,0,short_dated|dte=7|long_delta=0.5|lookback=3|short_delta=0.3|sma=20|thresh=0.003
short_dated,holdout,QQQ,2026-02-24,2026-02-25,-204.3607,-0.678128,stop_gap,1,301.36,debit,0,short_dated|dte=7|long_delta=0.5|lookback=3|short_delta=0.3|sma=20|thresh=0.003
short_dated,holdout,SPY,2026-02-24,2026-02-25,-186.6275,-0.721807,stop_gap,1,258.56,debit,0,short_dated|dte=7|long_delta=0.5|lookback=3|short_delta=0.3|sma=20|thresh=0.003
short_dated,holdout,QQQ,2026-02-26,2026-02-26,-215.1441,-0.500186,stop,1,430.13,debit,0,short_dated|dte=7|long_delta=0.5|lookback=3|short_delta=0.3|sma=20|thresh=0.003
short_dated,holdout,SPY,2026-02-26,2026-02-26,-173.3539,-0.500231,stop,1,346.55,debit,0,short_dated|dte=7|long_delta=0.5|lookback=3|short_delta=0.3|sma=20|thresh=0.003
short_dated,holdout,IWM,2026-02-27,2026-03-02,-229.0758,-0.635971,stop_gap,2,360.20,debit,0,short_dated|dte=7|long_delta=0.5|lookback=3|short_delta=0.3|sma=20|thresh=0.003
short_dated,holdout,SPY,2026-02-27,2026-03-03,-187.5128,-0.618759,stop_gap,1,303.05,debit,0,short_dated|dte=7|long_delta=0.5|lookback=3|short_delta=0.3|sma=20|thresh=0.003
short_dated,holdout,QQQ,2026-03-03,2026-03-04,-161.5453,-0.538982,stop_gap,1,299.72,debit,0,short_dated|dte=7|long_delta=0.5|lookback=3|short_delta=0.3|sma=20|thresh=0.003
short_dated,holdout,IWM,2026-03-04,2026-03-06,214.8935,0.795746,target,1,270.05,debit,0,short_dated|dte=7|long_delta=0.5|lookback=3|short_delta=0.3|sma=20|thresh=0.003
short_dated,holdout,IWM,2026-03-09,2026-03-09,-191.9348,-0.500417,stop,2,383.55,debit,0,short_dated|dte=7|long_delta=0.5|lookback=3|short_delta=0.3|sma=20|thresh=0.003
short_dated,holdout,QQQ,2026-03-09,2026-03-09,-207.9015,-0.500192,stop,1,415.64,debit,0,short_dated|dte=7|long_delta=0.5|lookback=3|short_delta=0.3|sma=20|thresh=0.003
short_dated,holdout,SPY,2026-03-06,2026-03-10,-223.6837,-0.500179,stop,1,447.21,debit,0,short_dated|dte=7|long_delta=0.5|lookback=3|short_delta=0.3|sma=20|thresh=0.003
short_dated,holdout,IWM,2026-03-10,2026-03-10,-150.1297,-0.500533,stop,2,299.94,debit,0,short_dated|dte=7|long_delta=0.5|lookback=3|short_delta=0.3|sma=20|thresh=0.003
short_dated,holdout,IWM,2026-03-11,2026-03-18,215.5134,0.801722,target,1,268.81,debit,0,short_dated|dte=7|long_delta=0.5|lookback=3|short_delta=0.3|sma=20|thresh=0.003
short_dated,holdout,QQQ,2026-03-16,2026-03-19,341.6827,0.820417,target,1,416.47,debit,0,short_dated|dte=7|long_delta=0.5|lookback=3|short_delta=0.3|sma=20|thresh=0.003
short_dated,holdout,SPY,2026-03-16,2026-03-19,344.4817,0.838407,target,1,410.88,debit,0,short_dated|dte=7|long_delta=0.5|lookback=3|short_delta=0.3|sma=20|thresh=0.003
short_dated,holdout,IWM,2026-03-20,2026-03-25,-263.1947,-0.694003,stop_gap,2,379.24,debit,0,short_dated|dte=7|long_delta=0.5|lookback=3|short_delta=0.3|sma=20|thresh=0.003
short_dated,holdout,SPY,2026-03-20,2026-03-26,377.3285,0.847581,target,1,445.18,debit,0,short_dated|dte=7|long_delta=0.5|lookback=3|short_delta=0.3|sma=20|thresh=0.003
short_dated,holdout,QQQ,2026-03-23,2026-03-26,313.2129,0.838782,target,1,373.41,debit,0,short_dated|dte=7|long_delta=0.5|lookback=3|short_delta=0.3|sma=20|thresh=0.003
short_dated,holdout,QQQ,2026-03-30,2026-03-31,-206.0259,-0.500194,stop,1,411.89,debit,0,short_dated|dte=7|long_delta=0.5|lookback=3|short_delta=0.3|sma=20|thresh=0.003
short_dated,holdout,SPY,2026-03-30,2026-03-31,-224.6055,-0.500178,stop,1,449.05,debit,0,short_dated|dte=7|long_delta=0.5|lookback=3|short_delta=0.3|sma=20|thresh=0.003
short_dated,holdout,IWM,2026-03-30,2026-04-01,-282.5438,-0.723092,stop_gap,2,390.74,debit,0,short_dated|dte=7|long_delta=0.5|lookback=3|short_delta=0.3|sma=20|thresh=0.003
short_dated,holdout,IWM,2026-04-02,2026-04-06,172.0866,0.673090,target,1,255.67,debit,0,short_dated|dte=7|long_delta=0.5|lookback=3|short_delta=0.3|sma=20|thresh=0.003
short_dated,holdout,IWM,2026-04-07,2026-04-08,224.6127,0.640918,target,2,350.45,debit,0,short_dated|dte=7|long_delta=0.5|lookback=3|short_delta=0.3|sma=20|thresh=0.003
short_dated,holdout,SPY,2026-04-07,2026-04-08,198.3961,0.654670,target,1,303.05,debit,0,short_dated|dte=7|long_delta=0.5|lookback=3|short_delta=0.3|sma=20|thresh=0.003
short_dated,holdout,IWM,2026-04-09,2026-04-13,286.6860,0.672486,target,2,426.31,debit,0,short_dated|dte=7|long_delta=0.5|lookback=3|short_delta=0.3|sma=20|thresh=0.003
short_dated,holdout,QQQ,2026-04-09,2026-04-13,287.4585,0.676496,target,1,424.92,debit,0,short_dated|dte=7|long_delta=0.5|lookback=3|short_delta=0.3|sma=20|thresh=0.003
short_dated,holdout,SPY,2026-04-09,2026-04-13,282.2067,0.648116,target,1,435.43,debit,0,short_dated|dte=7|long_delta=0.5|lookback=3|short_delta=0.3|sma=20|thresh=0.003
short_dated,holdout,QQQ,2026-04-14,2026-04-15,166.0339,0.620057,target,1,267.77,debit,0,short_dated|dte=7|long_delta=0.5|lookback=3|short_delta=0.3|sma=20|thresh=0.003
short_dated,holdout,SPY,2026-04-14,2026-04-15,279.1668,0.632534,target,2,441.35,debit,0,short_dated|dte=7|long_delta=0.5|lookback=3|short_delta=0.3|sma=20|thresh=0.003
short_dated,holdout,IWM,2026-04-14,2026-04-16,204.1425,0.507283,time,3,402.42,debit,0,short_dated|dte=7|long_delta=0.5|lookback=3|short_delta=0.3|sma=20|thresh=0.003
short_dated,holdout,IWM,2026-04-17,2026-04-21,226.8095,0.655403,target,2,346.06,debit,0,short_dated|dte=7|long_delta=0.5|lookback=3|short_delta=0.3|sma=20|thresh=0.003
short_dated,holdout,QQQ,2026-04-16,2026-04-22,255.7840,0.658775,target,1,388.27,debit,0,short_dated|dte=7|long_delta=0.5|lookback=3|short_delta=0.3|sma=20|thresh=0.003
short_dated,holdout,SPY,2026-04-16,2026-04-22,228.9530,0.669583,target,1,341.93,debit,0,short_dated|dte=7|long_delta=0.5|lookback=3|short_delta=0.3|sma=20|thresh=0.003
short_dated,holdout,IWM,2026-04-22,2026-04-23,-218.4362,-0.500367,stop,2,436.55,debit,0,short_dated|dte=7|long_delta=0.5|lookback=3|short_delta=0.3|sma=20|thresh=0.003
short_dated,holdout,IWM,2026-04-27,2026-04-28,-199.0253,-0.500604,stop,3,397.57,debit,0,short_dated|dte=7|long_delta=0.5|lookback=3|short_delta=0.3|sma=20|thresh=0.003
short_dated,holdout,SPY,2026-04-27,2026-04-29,-153.9243,-0.500260,stop,1,307.69,debit,0,short_dated|dte=7|long_delta=0.5|lookback=3|short_delta=0.3|sma=20|thresh=0.003
short_dated,holdout,QQQ,2026-04-24,2026-04-30,283.9836,0.657563,target,1,431.87,debit,0,short_dated|dte=7|long_delta=0.5|lookback=3|short_delta=0.3|sma=20|thresh=0.003
short_dated,holdout,SPY,2026-05-01,2026-05-04,-150.6763,-0.500266,stop,1,301.19,debit,0,short_dated|dte=7|long_delta=0.5|lookback=3|short_delta=0.3|sma=20|thresh=0.003
short_dated,holdout,IWM,2026-05-04,2026-05-04,-191.1803,-0.500628,stop,3,381.88,debit,0,short_dated|dte=7|long_delta=0.5|lookback=3|short_delta=0.3|sma=20|thresh=0.003
short_dated,holdout,QQQ,2026-05-01,2026-05-05,226.9100,0.655771,target,1,346.02,debit,0,short_dated|dte=7|long_delta=0.5|lookback=3|short_delta=0.3|sma=20|thresh=0.003
short_dated,holdout,IWM,2026-05-05,2026-05-06,246.9294,0.608709,target,3,405.66,debit,0,short_dated|dte=7|long_delta=0.5|lookback=3|short_delta=0.3|sma=20|thresh=0.003
short_dated,holdout,SPY,2026-05-05,2026-05-06,277.2132,0.622596,target,2,445.25,debit,0,short_dated|dte=7|long_delta=0.5|lookback=3|short_delta=0.3|sma=20|thresh=0.003
short_dated,holdout,IWM,2026-05-07,2026-05-07,-170.6802,-0.500469,stop,2,341.04,debit,0,short_dated|dte=7|long_delta=0.5|lookback=3|short_delta=0.3|sma=20|thresh=0.003
short_dated,holdout,QQQ,2026-05-06,2026-05-08,288.0084,0.679548,target,1,423.82,debit,0,short_dated|dte=7|long_delta=0.5|lookback=3|short_delta=0.3|sma=20|thresh=0.003
short_dated,holdout,IWM,2026-05-08,2026-05-12,-177.8310,-0.500450,stop,2,355.34,debit,0,short_dated|dte=7|long_delta=0.5|lookback=3|short_delta=0.3|sma=20|thresh=0.003
short_dated,holdout,QQQ,2026-05-11,2026-05-12,-150.8363,-0.500265,stop,1,301.51,debit,0,short_dated|dte=7|long_delta=0.5|lookback=3|short_delta=0.3|sma=20|thresh=0.003
short_dated,holdout,SPY,2026-05-07,2026-05-14,230.3353,0.679116,target,1,339.17,debit,0,short_dated|dte=7|long_delta=0.5|lookback=3|short_delta=0.3|sma=20|thresh=0.003
short_dated,holdout,QQQ,2026-05-15,2026-05-18,-215.0378,-0.500186,stop,1,429.92,debit,0,short_dated|dte=7|long_delta=0.5|lookback=3|short_delta=0.3|sma=20|thresh=0.003
short_dated,holdout,SPY,2026-05-15,2026-05-18,-175.0319,-0.500229,stop,1,349.90,debit,0,short_dated|dte=7|long_delta=0.5|lookback=3|short_delta=0.3|sma=20|thresh=0.003
short_dated,holdout,IWM,2026-05-18,2026-05-19,376.4193,0.842702,target,3,446.68,debit,0,short_dated|dte=7|long_delta=0.5|lookback=3|short_delta=0.3|sma=20|thresh=0.003
short_dated,holdout,IWM,2026-05-20,2026-05-21,-188.6414,-0.500424,stop,2,376.96,debit,0,short_dated|dte=7|long_delta=0.5|lookback=3|short_delta=0.3|sma=20|thresh=0.003
short_dated,holdout,IWM,2026-05-22,2026-05-26,219.3559,0.607687,target,2,360.97,debit,0,short_dated|dte=7|long_delta=0.5|lookback=3|short_delta=0.3|sma=20|thresh=0.003
short_dated,holdout,QQQ,2026-05-22,2026-05-26,256.4073,0.662507,target,1,387.03,debit,0,short_dated|dte=7|long_delta=0.5|lookback=3|short_delta=0.3|sma=20|thresh=0.003
short_dated,holdout,SPY,2026-05-22,2026-05-28,198.7571,0.657427,target,1,302.33,debit,0,short_dated|dte=7|long_delta=0.5|lookback=3|short_delta=0.3|sma=20|thresh=0.003
short_dated,holdout,IWM,2026-05-27,2026-06-01,-270.8544,-0.602782,stop_gap,2,449.34,debit,0,short_dated|dte=7|long_delta=0.5|lookback=3|short_delta=0.3|sma=20|thresh=0.003
short_dated,holdout,QQQ,2026-05-28,2026-06-01,288.2449,0.680866,target,1,423.35,debit,0,short_dated|dte=7|long_delta=0.5|lookback=3|short_delta=0.3|sma=20|thresh=0.003
short_dated,holdout,SPY,2026-05-29,2026-06-03,-154.8626,-0.500258,stop,1,309.57,debit,0,short_dated|dte=7|long_delta=0.5|lookback=3|short_delta=0.3|sma=20|thresh=0.003
short_dated,holdout,QQQ,2026-06-02,2026-06-04,-221.9920,-0.846671,stop_gap,1,262.19,debit,0,short_dated|dte=7|long_delta=0.5|lookback=3|short_delta=0.3|sma=20|thresh=0.003
short_dated,holdout,IWM,2026-06-05,2026-06-05,-178.4494,-0.500449,stop,2,356.58,debit,0,short_dated|dte=7|long_delta=0.5|lookback=3|short_delta=0.3|sma=20|thresh=0.003
short_dated,holdout,IWM,2026-06-08,2026-06-09,-191.4864,-0.500418,stop,2,382.65,debit,0,short_dated|dte=7|long_delta=0.5|lookback=3|short_delta=0.3|sma=20|thresh=0.003
short_dated,holdout,SPY,2026-06-08,2026-06-09,311.8372,0.828989,target,1,376.17,debit,0,short_dated|dte=7|long_delta=0.5|lookback=3|short_delta=0.3|sma=20|thresh=0.003
short_dated,holdout,QQQ,2026-06-09,2026-06-09,317.1639,0.867724,target,1,365.51,debit,0,short_dated|dte=7|long_delta=0.5|lookback=3|short_delta=0.3|sma=20|thresh=0.003
short_dated,holdout,QQQ,2026-06-16,2026-06-16,-171.3020,-0.500234,stop,1,342.44,debit,0,short_dated|dte=7|long_delta=0.5|lookback=3|short_delta=0.3|sma=20|thresh=0.003
short_dated,holdout,IWM,2026-06-12,2026-06-17,-126.6118,-0.500316,stop,1,253.06,debit,0,short_dated|dte=7|long_delta=0.5|lookback=3|short_delta=0.3|sma=20|thresh=0.003
short_dated,holdout,SPY,2026-06-16,2026-06-17,-217.9161,-0.500367,stop,2,435.51,debit,0,short_dated|dte=7|long_delta=0.5|lookback=3|short_delta=0.3|sma=20|thresh=0.003
short_dated,holdout,IWM,2026-06-22,2026-06-23,-254.1225,-0.615546,stop_gap,3,412.84,debit,0,short_dated|dte=7|long_delta=0.5|lookback=3|short_delta=0.3|sma=20|thresh=0.003
short_dated,holdout,SPY,2026-06-22,2026-06-23,377.1712,0.846933,target,2,445.34,debit,0,short_dated|dte=7|long_delta=0.5|lookback=3|short_delta=0.3|sma=20|thresh=0.003
short_dated,holdout,QQQ,2026-06-23,2026-06-24,-193.4982,-0.500207,stop,1,386.84,debit,0,short_dated|dte=7|long_delta=0.5|lookback=3|short_delta=0.3|sma=20|thresh=0.003
short_dated,holdout,SPY,2026-06-24,2026-06-26,374.7920,0.832398,target,1,450.26,debit,0,short_dated|dte=7|long_delta=0.5|lookback=3|short_delta=0.3|sma=20|thresh=0.003
short_dated,holdout,QQQ,2026-06-29,2026-06-30,-241.8548,-0.535452,stop_gap,1,451.68,debit,0,short_dated|dte=7|long_delta=0.5|lookback=3|short_delta=0.3|sma=20|thresh=0.003
short_dated,holdout,SPY,2026-06-29,2026-06-30,-131.1368,-0.500305,stop,1,262.11,debit,0,short_dated|dte=7|long_delta=0.5|lookback=3|short_delta=0.3|sma=20|thresh=0.003
short_dated,holdout,IWM,2026-06-24,2026-07-01,169.1323,0.646591,target,1,261.58,debit,0,short_dated|dte=7|long_delta=0.5|lookback=3|short_delta=0.3|sma=20|thresh=0.003
short_dated,holdout,QQQ,2026-07-06,2026-07-07,251.4922,0.847187,target,1,296.86,debit,0,short_dated|dte=7|long_delta=0.5|lookback=3|short_delta=0.3|sma=20|thresh=0.003
short_dated,holdout,SPY,2026-07-01,2026-07-08,-192.1545,-0.565365,stop_gap,1,339.88,debit,0,short_dated|dte=7|long_delta=0.5|lookback=3|short_delta=0.3|sma=20|thresh=0.003
short_dated,holdout,QQQ,2026-07-13,2026-07-13,-152.7551,-0.500262,stop,1,305.35,debit,0,short_dated|dte=7|long_delta=0.5|lookback=3|short_delta=0.3|sma=20|thresh=0.003
short_dated,holdout,SPY,2026-07-13,2026-07-13,-174.7802,-0.500458,stop,2,349.24,debit,0,short_dated|dte=7|long_delta=0.5|lookback=3|short_delta=0.3|sma=20|thresh=0.003
short_dated,holdout,IWM,2026-07-09,2026-07-15,-192.8568,-0.500415,stop,2,385.39,debit,0,short_dated|dte=7|long_delta=0.5|lookback=3|short_delta=0.3|sma=20|thresh=0.003
short_dated,holdout,SPY,2026-07-14,2026-07-16,-223.3524,-0.500358,stop,2,446.38,debit,0,short_dated|dte=7|long_delta=0.5|lookback=3|short_delta=0.3|sma=20|thresh=0.003
short_dated,holdout,QQQ,2026-07-16,2026-07-17,377.8257,0.850598,target,1,444.19,debit,0,short_dated|dte=7|long_delta=0.5|lookback=3|short_delta=0.3|sma=20|thresh=0.003
short_dated,holdout,IWM,2026-07-21,2026-07-21,-226.4592,-0.500530,stop,3,452.44,debit,0,short_dated|dte=7|long_delta=0.5|lookback=3|short_delta=0.3|sma=20|thresh=0.003
short_dated,holdout,QQQ,2026-07-20,2026-07-22,-205.7188,-0.500195,stop,1,411.28,debit,0,short_dated|dte=7|long_delta=0.5|lookback=3|short_delta=0.3|sma=20|thresh=0.003
short_dated,holdout,SPY,2026-07-20,2026-07-23,222.6658,0.874885,target,1,254.51,debit,0,short_dated|dte=7|long_delta=0.5|lookback=3|short_delta=0.3|sma=20|thresh=0.003
short_dated,holdout,QQQ,2026-07-27,2026-07-27,313.1108,0.838050,target,1,373.62,debit,0,short_dated|dte=7|long_delta=0.5|lookback=3|short_delta=0.3|sma=20|thresh=0.003
short_dated,holdout,SPY,2026-07-24,2026-07-29,-184.8259,-0.500217,stop,1,369.49,debit,0,short_dated|dte=7|long_delta=0.5|lookback=3|short_delta=0.3|sma=20|thresh=0.003
short_dated,holdout,IWM,2026-07-27,2026-07-29,369.4988,0.802626,target,4,460.36,debit,0,short_dated|dte=7|long_delta=0.5|lookback=3|short_delta=0.3|sma=20|thresh=0.003
short_dated,holdout,QQQ,2026-07-28,2026-07-29,313.3483,0.839753,target,1,373.14,debit,0,short_dated|dte=7|long_delta=0.5|lookback=3|short_delta=0.3|sma=20|thresh=0.003
short_dated,holdout,SPY,2026-07-30,2026-07-31,-242.8822,-0.536898,stop_gap,1,452.38,debit,0,short_dated|dte=7|long_delta=0.5|lookback=3|short_delta=0.3|sma=20|thresh=0.003
short_dated,holdout,IWM,2026-07-30,2026-08-03,-191.3242,-0.515652,stop_gap,2,371.03,debit,0,short_dated|dte=7|long_delta=0.5|lookback=3|short_delta=0.3|sma=20|thresh=0.003
short_dated,holdout,SPY,2026-08-03,2026-08-03,283.9331,0.657536,target,2,431.81,debit,0,short_dated|dte=7|long_delta=0.5|lookback=3|short_delta=0.3|sma=20|thresh=0.003
short_dated,holdout,IWM,2026-08-04,2026-08-04,280.6272,0.640781,target,5,437.95,debit,0,short_dated|dte=7|long_delta=0.5|lookback=3|short_delta=0.3|sma=20|thresh=0.003
short_dated,holdout,QQQ,2026-08-04,2026-08-04,194.6592,0.626878,target,1,310.52,debit,0,short_dated|dte=7|long_delta=0.5|lookback=3|short_delta=0.3|sma=20|thresh=0.003
short_dated,holdout,SPY,2026-08-04,2026-08-04,221.3971,0.620358,target,2,356.89,debit,0,short_dated|dte=7|long_delta=0.5|lookback=3|short_delta=0.3|sma=20|thresh=0.003
short_dated,holdout,IWM,2026-08-05,2026-08-06,-173.7580,-0.500461,stop,2,347.20,debit,0,short_dated|dte=7|long_delta=0.5|lookback=3|short_delta=0.3|sma=20|thresh=0.003
short_dated,holdout,SPY,2026-08-05,2026-08-06,-190.9723,-0.500210,stop,1,381.78,debit,0,short_dated|dte=7|long_delta=0.5|lookback=3|short_delta=0.3|sma=20|thresh=0.003
short_dated,holdout,QQQ,2026-08-06,2026-08-10,317.0050,0.680516,target,1,465.83,debit,0,short_dated|dte=7|long_delta=0.5|lookback=3|short_delta=0.3|sma=20|thresh=0.003
short_dated,holdout,QQQ,2026-08-11,2026-08-11,-128.6454,-0.500311,stop,1,257.13,debit,0,short_dated|dte=7|long_delta=0.5|lookback=3|short_delta=0.3|sma=20|thresh=0.003
short_dated,holdout,IWM,2026-08-07,2026-08-13,256.5283,0.663784,target,3,386.46,debit,0,short_dated|dte=7|long_delta=0.5|lookback=3|short_delta=0.3|sma=20|thresh=0.003
short_dated,holdout,SPY,2026-08-07,2026-08-13,170.2866,0.656800,target,1,259.27,debit,0,short_dated|dte=7|long_delta=0.5|lookback=3|short_delta=0.3|sma=20|thresh=0.003
short_dated,holdout,SPY,2026-08-14,2026-08-17,-131.6492,-0.500304,stop,1,263.14,debit,0,short_dated|dte=7|long_delta=0.5|lookback=3|short_delta=0.3|sma=20|thresh=0.003
short_dated,holdout,QQQ,2026-08-12,2026-08-18,-302.6471,-0.697681,stop_gap,1,433.79,debit,0,short_dated|dte=7|long_delta=0.5|lookback=3|short_delta=0.3|sma=20|thresh=0.003
short_dated,holdout,IWM,2026-08-14,2026-08-18,-211.7335,-0.500567,stop,3,422.99,debit,0,short_dated|dte=7|long_delta=0.5|lookback=3|short_delta=0.3|sma=20|thresh=0.003
short_dated,holdout,IWM,2026-08-21,2026-08-27,-225.8422,-0.500532,stop,3,451.20,debit,0,short_dated|dte=7|long_delta=0.5|lookback=3|short_delta=0.3|sma=20|thresh=0.003
short_dated,holdout,QQQ,2026-08-25,2026-08-27,-214.3391,-0.720308,stop_gap,1,297.57,debit,0,short_dated|dte=7|long_delta=0.5|lookback=3|short_delta=0.3|sma=20|thresh=0.003
short_dated,holdout,SPY,2026-08-25,2026-08-27,-209.7427,-0.575886,stop_gap,2,364.21,debit,0,short_dated|dte=7|long_delta=0.5|lookback=3|short_delta=0.3|sma=20|thresh=0.003
short_dated,holdout,QQQ,2026-08-28,2026-08-31,-195.8754,-0.500204,stop,1,391.59,debit,0,short_dated|dte=7|long_delta=0.5|lookback=3|short_delta=0.3|sma=20|thresh=0.003
short_dated,holdout,SPY,2026-08-28,2026-08-31,-171.4689,-0.561722,stop_gap,1,305.26,debit,0,short_dated|dte=7|long_delta=0.5|lookback=3|short_delta=0.3|sma=20|thresh=0.003
short_dated,holdout,IWM,2026-08-31,2026-09-01,373.3948,0.825638,target,6,452.25,debit,0,short_dated|dte=7|long_delta=0.5|lookback=3|short_delta=0.3|sma=20|thresh=0.003
short_dated,holdout,IWM,2026-09-02,2026-09-03,-206.0849,-0.552201,stop_gap,2,373.21,debit,0,short_dated|dte=7|long_delta=0.5|lookback=3|short_delta=0.3|sma=20|thresh=0.003
short_dated,holdout,QQQ,2026-09-02,2026-09-03,-222.0394,-0.500180,stop,1,443.92,debit,0,short_dated|dte=7|long_delta=0.5|lookback=3|short_delta=0.3|sma=20|thresh=0.003
short_dated,holdout,SPY,2026-09-02,2026-09-03,-167.3613,-0.500239,stop,1,334.56,debit,0,short_dated|dte=7|long_delta=0.5|lookback=3|short_delta=0.3|sma=20|thresh=0.003
short_dated,holdout,SPY,2026-09-04,2026-09-08,-154.3604,-0.500259,stop,1,308.56,debit,0,short_dated|dte=7|long_delta=0.5|lookback=3|short_delta=0.3|sma=20|thresh=0.003
short_dated,holdout,QQQ,2026-09-08,2026-09-09,-130.4074,-0.500307,stop,1,260.65,debit,0,short_dated|dte=7|long_delta=0.5|lookback=3|short_delta=0.3|sma=20|thresh=0.003
short_dated,holdout,QQQ,2026-09-14,2026-09-14,-149.2088,-0.500268,stop,1,298.26,debit,0,short_dated|dte=7|long_delta=0.5|lookback=3|short_delta=0.3|sma=20|thresh=0.003
short_dated,holdout,IWM,2026-09-10,2026-09-16,311.0734,0.823963,target,2,377.53,debit,0,short_dated|dte=7|long_delta=0.5|lookback=3|short_delta=0.3|sma=20|thresh=0.003
short_dated,holdout,SPY,2026-09-10,2026-09-17,-267.1432,-0.716067,stop_gap,1,373.07,debit,0,short_dated|dte=7|long_delta=0.5|lookback=3|short_delta=0.3|sma=20|thresh=0.003
short_dated,holdout,QQQ,2026-09-15,2026-09-17,-216.4184,-0.744014,stop_gap,1,290.88,debit,0,short_dated|dte=7|long_delta=0.5|lookback=3|short_delta=0.3|sma=20|thresh=0.003
short_dated,holdout,QQQ,2026-09-18,2026-09-21,228.9759,0.669739,target,1,341.89,debit,0,short_dated|dte=7|long_delta=0.5|lookback=3|short_delta=0.3|sma=20|thresh=0.003
short_dated,holdout,IWM,2026-09-17,2026-09-23,317.2863,0.869021,target,2,365.11,debit,0,short_dated|dte=7|long_delta=0.5|lookback=3|short_delta=0.3|sma=20|thresh=0.003
short_dated,holdout,SPY,2026-09-22,2026-09-23,-222.4872,-0.500360,stop,2,444.65,debit,0,short_dated|dte=7|long_delta=0.5|lookback=3|short_delta=0.3|sma=20|thresh=0.003
short_dated,holdout,QQQ,2026-09-22,2026-09-24,-210.0438,-0.783698,stop_gap,1,268.02,debit,0,short_dated|dte=7|long_delta=0.5|lookback=3|short_delta=0.3|sma=20|thresh=0.003
short_dated,holdout,IWM,2026-09-24,2026-09-30,200.8511,0.631501,window_mtm,2,318.05,debit,0,short_dated|dte=7|long_delta=0.5|lookback=3|short_delta=0.3|sma=20|thresh=0.003
short_dated,holdout,SPY,2026-09-24,2026-09-30,-135.8293,-0.446028,window_mtm,1,304.53,debit,0,short_dated|dte=7|long_delta=0.5|lookback=3|short_delta=0.3|sma=20|thresh=0.003
condor,is_default,IWM,2018-01-10,2018-01-26,29.6008,0.064805,time,1,456.77,put_wing,1,condor|dte=35|iv_mode=vix_gt_sma20|short_delta=0.16|width=5.0
condor,is_default,IWM,2018-01-11,2018-01-26,-81.3782,-0.177270,time,1,459.06,call_wing,1,condor|dte=35|iv_mode=vix_gt_sma20|short_delta=0.16|width=5.0
condor,is_default,QQQ,2018-02-02,2018-02-05,-49.8953,-0.110619,stop_gap,1,451.06,put_wing,0,condor|dte=35|iv_mode=vix_gt_sma20|short_delta=0.16|width=5.0
condor,is_default,IWM,2018-01-29,2018-02-05,-133.9999,-0.294991,touch,1,454.25,put_wing,1,condor|dte=35|iv_mode=vix_gt_sma20|short_delta=0.16|width=5.0
condor,is_default,IWM,2018-01-30,2018-02-05,36.0272,0.078434,touch,1,459.33,call_wing,1,condor|dte=35|iv_mode=vix_gt_sma20|short_delta=0.16|width=5.0
condor,is_default,SPY,2018-01-31,2018-02-05,-146.3011,-0.328916,touch,1,444.80,put_wing,1,condor|dte=35|iv_mode=vix_gt_sma20|short_delta=0.16|width=5.0
condor,is_default,SPY,2018-02-01,2018-02-05,40.7958,0.091016,touch,1,448.23,call_wing,1,condor|dte=35|iv_mode=vix_gt_sma20|short_delta=0.16|width=5.0
condor,is_default,SPY,2018-02-21,2018-02-26,29.0746,0.065826,target,1,441.69,put_wing,0,condor|dte=35|iv_mode=vix_gt_sma20|short_delta=0.16|width=5.0
condor,is_default,IWM,2018-02-15,2018-03-02,-3.2922,-0.007277,time,1,452.41,put_wing,1,condor|dte=35|iv_mode=vix_gt_sma20|short_delta=0.16|width=5.0
condor,is_default,IWM,2018-02-16,2018-03-02,-4.1015,-0.009004,time,1,455.53,call_wing,1,condor|dte=35|iv_mode=vix_gt_sma20|short_delta=0.16|width=5.0
condor,is_default,QQQ,2018-02-15,2018-03-02,7.2945,0.016158,time,1,451.45,put_wing,1,condor|dte=35|iv_mode=vix_gt_sma20|short_delta=0.16|width=5.0
condor,is_default,QQQ,2018-02-16,2018-03-02,-11.3049,-0.024836,time,1,455.19,call_wing,1,condor|dte=35|iv_mode=vix_gt_sma20|short_delta=0.16|width=5.0
condor,is_default,SPY,2018-03-02,2018-03-16,49.4775,0.111813,time,1,442.50,put_wing,1,condor|dte=35|iv_mode=vix_gt_sma20|short_delta=0.16|width=5.0
condor,is_default,SPY,2018-03-05,2018-03-16,-23.2634,-0.052404,time,1,443.93,call_wing,1,condor|dte=35|iv_mode=vix_gt_sma20|short_delta=0.16|width=5.0
condor,is_default,SPY,2018-03-20,2018-03-23,-65.4005,-0.147720,stop_gap,1,442.73,put_wing,0,condor|dte=35|iv_mode=vix_gt_sma20|short_delta=0.16|width=5.0
condor,is_default,QQQ,2018-03-20,2018-04-02,-141.6051,-0.315640,touch,1,448.63,put_wing,1,condor|dte=35|iv_mode=vix_gt_sma20|short_delta=0.16|width=5.0
condor,is_default,QQQ,2018-03-21,2018-04-02,49.5616,0.110532,touch,1,448.39,call_wing,1,condor|dte=35|iv_mode=vix_gt_sma20|short_delta=0.16|width=5.0
condor,is_default,IWM,2018-03-20,2018-04-06,-46.1114,-0.101256,time,1,455.39,put_wing,1,condor|dte=35|iv_mode=vix_gt_sma20|short_delta=0.16|width=5.0
condor,is_default,IWM,2018-03-21,2018-04-06,50.4523,0.112829,time,1,447.16,call_wing,1,condor|dte=35|iv_mode=vix_gt_sma20|short_delta=0.16|width=5.0
condor,is_default,QQQ,2018-04-11,2018-04-17,25.6775,0.057254,target,1,448.49,put_wing,0,condor|dte=35|iv_mode=vix_gt_sma20|short_delta=0.16|width=5.0
condor,is_default,SPY,2018-04-05,2018-04-20,33.2787,0.074746,time,1,445.23,put_wing,1,condor|dte=35|iv_mode=vix_gt_sma20|short_delta=0.16|width=5.0
condor,is_default,SPY,2018-04-06,2018-04-20,18.0214,0.041131,time,1,438.15,call_wing,1,condor|dte=35|iv_mode=vix_gt_sma20|short_delta=0.16|width=5.0
condor,is_default,IWM,2018-04-11,2018-04-23,30.6043,0.067602,target,1,452.71,put_wing,1,condor|dte=35|iv_mode=vix_gt_sma20|short_delta=0.16|width=5.0
condor,is_default,IWM,2018-04-12,2018-04-23,15.2849,0.033579,target,1,455.19,call_wing,1,condor|dte=35|iv_mode=vix_gt_sma20|short_delta=0.16|width=5.0
condor,is_default,SPY,2018-05-30,2018-06-04,25.7936,0.057542,target,1,448.25,put_wing,0,condor|dte=35|iv_mode=vix_gt_sma20|short_delta=0.16|width=5.0
condor,is_default,IWM,2018-05-30,2018-06-05,20.4317,0.044516,target,1,458.98,put_wing,0,condor|dte=35|iv_mode=vix_gt_sma20|short_delta=0.16|width=5.0
condor,is_default,QQQ,2018-05-30,2018-06-15,46.0711,0.102923,time,1,447.63,put_wing,1,condor|dte=35|iv_mode=vix_gt_sma20|short_delta=0.16|width=5.0
condor,is_default,QQQ,2018-05-31,2018-06-15,-91.9237,-0.204436,time,1,449.65,call_wing,1,condor|dte=35|iv_mode=vix_gt_sma20|short_delta=0.16|width=5.0
condor,is_default,IWM,2018-06-22,2018-06-25,-48.2760,-0.106852,stop,1,451.80,put_wing,0,condor|dte=35|iv_mode=vix_gt_sma20|short_delta=0.16|width=5.0
condor,is_default,IWM,2018-06-26,2018-07-06,24.9361,0.055417,target,1,449.97,put_wing,0,condor|dte=35|iv_mode=vix_gt_sma20|short_delta=0.16|width=5.0
condor,is_default,QQQ,2018-06-20,2018-07-06,-4.0322,-0.009000,time,1,448.03,put_wing,1,condor|dte=35|iv_mode=vix_gt_sma20|short_delta=0.16|width=5.0
condor,is_default,QQQ,2018-06-21,2018-07-06,27.6648,0.061747,time,1,448.04,call_wing,1,condor|dte=35|iv_mode=vix_gt_sma20|short_delta=0.16|width=5.0
condor,is_default,SPY,2018-06-20,2018-07-06,3.4561,0.007733,time,1,446.93,put_wing,1,condor|dte=35|iv_mode=vix_gt_sma20|short_delta=0.16|width=5.0
condor,is_default,SPY,2018-06-21,2018-07-06,16.0730,0.035994,time,1,446.54,call_wing,1,condor|dte=35|iv_mode=vix_gt_sma20|short_delta=0.16|width=5.0
condor,is_default,SPY,2018-07-31,2018-08-06,25.7490,0.057432,target,1,448.34,put_wing,0,condor|dte=35|iv_mode=vix_gt_sma20|short_delta=0.16|width=5.0
condor,is_default,QQQ,2018-07-31,2018-08-10,45.0775,0.100952,target,1,446.53,put_wing,1,condor|dte=35|iv_mode=vix_gt_sma20|short_delta=0.16|width=5.0
condor,is_default,QQQ,2018-08-01,2018-08-10,7.1407,0.015914,target,1,448.72,call_wing,1,condor|dte=35|iv_mode=vix_gt_sma20|short_delta=0.16|width=5.0
condor,is_default,IWM,2018-07-31,2018-08-13,37.8723,0.084089,target,1,450.39,put_wing,1,condor|dte=35|iv_mode=vix_gt_sma20|short_delta=0.16|width=5.0
condor,is_default,IWM,2018-08-01,2018-08-13,11.6413,0.025854,target,1,450.27,call_wing,1,condor|dte=35|iv_mode=vix_gt_sma20|short_delta=0.16|width=5.0
condor,is_default,IWM,2018-08-14,2018-08-21,21.3236,0.046640,target,1,457.19,put_wing,0,condor|dte=35|iv_mode=vix_gt_sma20|short_delta=0.16|width=5.0
condor,is_default,QQQ,2018-08-13,2018-08-24,21.3632,0.047124,time,1,453.34,put_wing,1,condor|dte=35|iv_mode=vix_gt_sma20|short_delta=0.16|width=5.0
condor,is_default,QQQ,2018-08-14,2018-08-24,5.3438,0.011952,time,1,447.11,call_wing,1,condor|dte=35|iv_mode=vix_gt_sma20|short_delta=0.16|width=5.0
condor,is_default,SPY,2018-08-13,2018-08-24,31.1223,0.069191,time,1,449.80,put_wing,1,condor|dte=35|iv_mode=vix_gt_sma20|short_delta=0.16|width=5.0
condor,is_default,SPY,2018-08-14,2018-08-24,-10.4389,-0.023270,time,1,448.60,call_wing,1,condor|dte=35|iv_mode=vix_gt_sma20|short_delta=0.16|width=5.0
condor,is_default,QQQ,2018-09-05,2018-09-06,-50.8887,-0.113290,stop,1,449.19,put_wing,0,condor|dte=35|iv_mode=vix_gt_sma20|short_delta=0.16|width=5.0
condor,is_default,QQQ,2018-09-07,2018-09-13,23.5205,0.051945,target,1,452.80,put_wing,0,condor|dte=35|iv_mode=vix_gt_sma20|short_delta=0.16|width=5.0
condor,is_default,SPY,2018-08-29,2018-09-14,24.0936,0.053998,target,1,446.19,put_wing,1,condor|dte=35|iv_mode=vix_gt_sma20|short_delta=0.16|width=5.0
condor,is_default,SPY,2018-08-30,2018-09-14,31.3670,0.070875,target,1,442.57,call_wing,1,condor|dte=35|iv_mode=vix_gt_sma20|short_delta=0.16|width=5.0
condor,is_default,IWM,2018-08-31,2018-09-14,12.2351,0.026974,time,1,453.59,put_wing,1,condor|dte=35|iv_mode=vix_gt_sma20|short_delta=0.16|width=5.0
condor,is_default,IWM,2018-09-04,2018-09-14,28.8619,0.062831,time,1,459.35,call_wing,1,condor|dte=35|iv_mode=vix_gt_sma20|short_delta=0.16|width=5.0
condor,is_default,SPY,2018-09-18,2018-10-01,26.0753,0.058244,target,1,447.69,put_wing,0,condor|dte=35|iv_mode=vix_gt_sma20|short_delta=0.16|width=5.0
condor,is_default,QQQ,2018-09-18,2018-10-04,36.8834,0.081833,target,1,450.72,put_wing,1,condor|dte=35|iv_mode=vix_gt_sma20|short_delta=0.16|width=5.0
condor,is_default,QQQ,2018-09-19,2018-10-04,14.5291,0.032566,target,1,446.14,call_wing,1,condor|dte=35|iv_mode=vix_gt_sma20|short_delta=0.16|width=5.0
condor,is_default,IWM,2018-09-18,2018-10-05,-128.6077,-0.282087,touch,1,455.92,put_wing,1,condor|dte=35|iv_mode=vix_gt_sma20|short_delta=0.16|width=5.0
condor,is_default,IWM,2018-09-19,2018-10-05,44.7441,0.098484,touch,1,454.33,call_wing,1,condor|dte=35|iv_mode=vix_gt_sma20|short_delta=0.16|width=5.0
condor,is_default,QQQ,2018-10-05,2018-10-08,-53.8883,-0.120774,stop,1,446.19,put_wing,0,condor|dte=35|iv_mode=vix_gt_sma20|short_delta=0.16|width=5.0
condor,is_default,SPY,2018-10-05,2018-10-11,-158.5120,-0.352464,touch,1,449.73,put_wing,1,condor|dte=35|iv_mode=vix_gt_sma20|short_delta=0.16|width=5.0
condor,is_default,SPY,2018-10-08,2018-10-11,18.2579,0.041325,touch,1,441.81,call_wing,1,condor|dte=35|iv_mode=vix_gt_sma20|short_delta=0.16|width=5.0
condor,is_default,QQQ,2018-10-18,2018-10-29,-145.4169,-0.326662,touch,1,445.16,put_wing,1,condor|dte=35|iv_mode=vix_gt_sma20|short_delta=0.16|width=5.0
condor,is_default,QQQ,2018-10-19,2018-10-29,43.2576,0.096492,touch,1,448.30,call_wing,1,condor|dte=35|iv_mode=vix_gt_sma20|short_delta=0.16|width=5.0
condor,is_default,SPY,2018-11-01,2018-11-12,39.9906,0.090106,target,1,443.82,put_wing,1,condor|dte=35|iv_mode=vix_gt_sma20|short_delta=0.16|width=5.0
condor,is_default,SPY,2018-11-02,2018-11-12,17.3284,0.039273,target,1,441.23,call_wing,1,condor|dte=35|iv_mode=vix_gt_sma20|short_delta=0.16|width=5.0
condor,is_default,QQQ,2018-11-01,2018-11-16,8.5733,0.019446,target,1,440.88,put_wing,1,condor|dte=35|iv_mode=vix_gt_sma20|short_delta=0.16|width=5.0
condor,is_default,QQQ,2018-11-02,2018-11-16,50.1659,0.113673,target,1,441.32,call_wing,1,condor|dte=35|iv_mode=vix_gt_sma20|short_delta=0.16|width=5.0
condor,is_default,SPY,2018-11-13,2018-11-20,-57.8803,-0.130892,stop,1,442.20,put_wing,0,condor|dte=35|iv_mode=vix_gt_sma20|short_delta=0.16|width=5.0
condor,is_default,IWM,2018-11-13,2018-11-29,20.0947,0.044749,target,1,449.05,put_wing,1,condor|dte=35|iv_mode=vix_gt_sma20|short_delta=0.16|width=5.0
condor,is_default,IWM,2018-11-14,2018-11-29,28.6589,0.063248,target,1,453.12,call_wing,1,condor|dte=35|iv_mode=vix_gt_sma20|short_delta=0.16|width=5.0
condor,is_default,SPY,2018-12-06,2018-12-20,-150.1774,-0.337469,touch,1,445.01,put_wing,1,condor|dte=35|iv_mode=vix_gt_sma20|short_delta=0.16|width=5.0
condor,is_default,SPY,2018-12-07,2018-12-20,57.2449,0.129605,touch,1,441.69,call_wing,1,condor|dte=35|iv_mode=vix_gt_sma20|short_delta=0.16|width=5.0
condor,is_default,QQQ,2018-12-06,2018-12-21,-139.5818,-0.315274,touch,1,442.73,put_wing,1,condor|dte=35|iv_mode=vix_gt_sma20|short_delta=0.16|width=5.0
condor,is_default,QQQ,2018-12-07,2018-12-21,57.0606,0.129088,touch,1,442.03,call_wing,1,condor|dte=35|iv_mode=vix_gt_sma20|short_delta=0.16|width=5.0
condor,is_default,QQQ,2019-03-07,2019-03-08,-48.4320,-0.107234,stop,1,451.65,put_wing,0,condor|dte=35|iv_mode=vix_gt_sma20|short_delta=0.16|width=5.0
condor,is_default,QQQ,2019-03-11,2019-03-12,23.8335,0.052709,target,1,452.17,put_wing,0,condor|dte=35|iv_mode=vix_gt_sma20|short_delta=0.16|width=5.0
condor,is_default,SPY,2019-03-07,2019-03-13,27.4430,0.061676,target,1,444.95,put_wing,0,condor|dte=35|iv_mode=vix_gt_sma20|short_delta=0.16|width=5.0
condor,is_default,IWM,2019-03-07,2019-03-22,-4.7157,-0.010485,time,1,449.75,put_wing,1,condor|dte=35|iv_mode=vix_gt_sma20|short_delta=0.16|width=5.0
condor,is_default,IWM,2019-03-08,2019-03-22,40.2941,0.088859,time,1,453.46,call_wing,1,condor|dte=35|iv_mode=vix_gt_sma20|short_delta=0.16|width=5.0
condor,is_default,IWM,2019-03-27,2019-04-03,23.1017,0.050925,target,1,453.64,put_wing,0,condor|dte=35|iv_mode=vix_gt_sma20|short_delta=0.16|width=5.0
condor,is_default,QQQ,2019-03-25,2019-04-05,40.0984,0.088474,time,1,453.22,put_wing,1,condor|dte=35|iv_mode=vix_gt_sma20|short_delta=0.16|width=5.0
condor,is_default,QQQ,2019-03-26,2019-04-05,-33.5277,-0.073635,time,1,455.33,call_wing,1,condor|dte=35|iv_mode=vix_gt_sma20|short_delta=0.16|width=5.0
condor,is_default,SPY,2019-03-25,2019-04-05,46.9198,0.105064,time,1,446.58,put_wing,1,condor|dte=35|iv_mode=vix_gt_sma20|short_delta=0.16|width=5.0
condor,is_default,SPY,2019-03-26,2019-04-05,-52.0949,-0.117354,time,1,443.91,call_wing,1,condor|dte=35|iv_mode=vix_gt_sma20|short_delta=0.16|width=5.0
condor,is_default,IWM,2019-04-10,2019-04-22,8.7906,0.019270,target,1,456.17,put_wing,1,condor|dte=35|iv_mode=vix_gt_sma20|short_delta=0.16|width=5.0
condor,is_default,IWM,2019-04-11,2019-04-22,35.6698,0.078467,target,1,454.58,call_wing,1,condor|dte=35|iv_mode=vix_gt_sma20|short_delta=0.16|width=5.0
condor,is_default,SPY,2019-04-10,2019-04-22,26.6694,0.059627,target,1,447.27,put_wing,1,condor|dte=35|iv_mode=vix_gt_sma20|short_delta=0.16|width=5.0
condor,is_default,SPY,2019-04-11,2019-04-22,27.0895,0.060890,target,1,444.89,call_wing,1,condor|dte=35|iv_mode=vix_gt_sma20|short_delta=0.16|width=5.0
condor,is_default,QQQ,2019-05-01,2019-05-07,-47.9007,-0.105933,stop,1,452.18,put_wing,0,condor|dte=35|iv_mode=vix_gt_sma20|short_delta=0.16|width=5.0
condor,is_default,IWM,2019-04-26,2019-05-10,-15.6945,-0.034264,time,1,458.04,put_wing,1,condor|dte=35|iv_mode=vix_gt_sma20|short_delta=0.16|width=5.0
condor,is_default,IWM,2019-04-29,2019-05-10,0.2383,0.000523,time,1,455.56,call_wing,1,condor|dte=35|iv_mode=vix_gt_sma20|short_delta=0.16|width=5.0
condor,is_default,SPY,2019-04-26,2019-05-10,-49.2470,-0.108991,time,1,451.84,put_wing,1,condor|dte=35|iv_mode=vix_gt_sma20|short_delta=0.16|width=5.0
condor,is_default,SPY,2019-04-29,2019-05-10,11.4540,0.025847,time,1,443.15,call_wing,1,condor|dte=35|iv_mode=vix_gt_sma20|short_delta=0.16|width=5.0
condor,is_default,QQQ,2019-05-08,2019-05-14,-56.8393,-0.126971,stop_gap,1,447.66,put_wing,0,condor|dte=35|iv_mode=vix_gt_sma20|short_delta=0.16|width=5.0
condor,is_default,IWM,2019-05-13,2019-05-14,-47.0668,-0.103897,stop,1,453.01,put_wing,0,condor|dte=35|iv_mode=vix_gt_sma20|short_delta=0.16|width=5.0
condor,is_default,SPY,2019-05-13,2019-05-22,27.3029,0.061322,target,1,445.23,put_wing,0,condor|dte=35|iv_mode=vix_gt_sma20|short_delta=0.16|width=5.0
condor,is_default,IWM,2019-05-16,2019-05-31,-102.5165,-0.227837,time,1,449.96,put_wing,1,condor|dte=35|iv_mode=vix_gt_sma20|short_delta=0.16|width=5.0
condor,is_default,IWM,2019-05-17,2019-05-31,40.3837,0.088032,time,1,458.74,call_wing,1,condor|dte=35|iv_mode=vix_gt_sma20|short_delta=0.16|width=5.0
condor,is_default,QQQ,2019-05-17,2019-05-31,-100.8487,-0.222429,time,1,453.40,put_wing,1,condor|dte=35|iv_mode=vix_gt_sma20|short_delta=0.16|width=5.0
condor,is_default,QQQ,2019-05-20,2019-05-31,42.1248,0.093054,time,1,452.69,call_wing,1,condor|dte=35|iv_mode=vix_gt_sma20|short_delta=0.16|width=5.0
condor,is_default,SPY,2019-06-26,2019-07-02,27.0976,0.060805,target,1,445.64,put_wing,0,condor|dte=35|iv_mode=vix_gt_sma20|short_delta=0.16|width=5.0
condor,is_default,QQQ,2019-06-26,2019-07-08,41.9721,0.094365,target,1,444.79,put_wing,1,condor|dte=35|iv_mode=vix_gt_sma20|short_delta=0.16|width=5.0
condor,is_default,QQQ,2019-06-27,2019-07-08,13.9999,0.031606,target,1,442.95,call_wing,1,condor|dte=35|iv_mode=vix_gt_sma20|short_delta=0.16|width=5.0
condor,is_default,IWM,2019-06-26,2019-07-12,40.6741,0.089777,time,1,453.06,put_wing,1,condor|dte=35|iv_mode=vix_gt_sma20|short_delta=0.16|width=5.0
condor,is_default,IWM,2019-06-27,2019-07-12,-22.6063,-0.050314,time,1,449.31,call_wing,1,condor|dte=35|iv_mode=vix_gt_sma20|short_delta=0.16|width=5.0
condor,is_default,IWM,2019-07-31,2019-08-01,-50.0084,-0.111112,stop,1,450.07,put_wing,0,condor|dte=35|iv_mode=vix_gt_sma20|short_delta=0.16|width=5.0
condor,is_default,QQQ,2019-07-22,2019-08-02,-44.0874,-0.097356,time,1,452.85,put_wing,1,condor|dte=35|iv_mode=vix_gt_sma20|short_delta=0.16|width=5.0
condor,is_default,QQQ,2019-07-23,2019-08-02,35.1985,0.078056,time,1,450.94,call_wing,1,condor|dte=35|iv_mode=vix_gt_sma20|short_delta=0.16|width=5.0
condor,is_default,SPY,2019-07-22,2019-08-02,-46.1828,-0.102521,time,1,450.47,put_wing,1,condor|dte=35|iv_mode=vix_gt_sma20|short_delta=0.16|width=5.0
condor,is_default,SPY,2019-07-23,2019-08-02,30.9087,0.070173,time,1,440.47,call_wing,1,condor|dte=35|iv_mode=vix_gt_sma20|short_delta=0.16|width=5.0
condor,is_default,IWM,2019-08-02,2019-08-05,-52.6180,-0.117592,stop,1,447.46,put_wing,0,condor|dte=35|iv_mode=vix_gt_sma20|short_delta=0.16|width=5.0
condor,is_default,SPY,2019-08-09,2019-08-13,-56.6778,-0.127825,stop,1,443.40,put_wing,0,condor|dte=35|iv_mode=vix_gt_sma20|short_delta=0.16|width=5.0
condor,is_default,SPY,2019-08-14,2019-08-15,-53.9251,-0.120866,stop,1,446.15,put_wing,0,condor|dte=35|iv_mode=vix_gt_sma20|short_delta=0.16|width=5.0
condor,is_default,IWM,2019-08-09,2019-08-15,-84.7675,-0.185706,stop,1,456.46,put_wing,1,condor|dte=35|iv_mode=vix_gt_sma20|short_delta=0.16|width=5.0
condor,is_default,IWM,2019-08-12,2019-08-15,-0.8327,-0.001818,stop,1,458.10,call_wing,1,condor|dte=35|iv_mode=vix_gt_sma20|short_delta=0.16|width=5.0
condor,is_default,IWM,2019-08-21,2019-08-23,-53.1248,-0.118859,stop,1,446.96,put_wing,0,condor|dte=35|iv_mode=vix_gt_sma20|short_delta=0.16|width=5.0
condor,is_default,QQQ,2019-08-09,2019-08-23,-24.2964,-0.054410,time,1,446.54,put_wing,1,condor|dte=35|iv_mode=vix_gt_sma20|short_delta=0.16|width=5.0
condor,is_default,QQQ,2019-08-12,2019-08-23,41.1718,0.092247,time,1,446.32,call_wing,1,condor|dte=35|iv_mode=vix_gt_sma20|short_delta=0.16|width=5.0
condor,is_default,SPY,2019-08-19,2019-08-30,14.2769,0.032247,time,1,442.73,put_wing,1,condor|dte=35|iv_mode=vix_gt_sma20|short_delta=0.16|width=5.0
condor,is_default,SPY,2019-08-20,2019-08-30,3.4863,0.007824,time,1,445.58,call_wing,1,condor|dte=35|iv_mode=vix_gt_sma20|short_delta=0.16|width=5.0
condor,is_default,IWM,2019-08-29,2019-09-06,24.4887,0.054315,target,1,450.86,put_wing,0,condor|dte=35|iv_mode=vix_gt_sma20|short_delta=0.16|width=5.0
condor,is_default,QQQ,2019-08-27,2019-09-13,48.5724,0.109091,time,1,445.24,put_wing,1,condor|dte=35|iv_mode=vix_gt_sma20|short_delta=0.16|width=5.0
condor,is_default,QQQ,2019-08-28,2019-09-13,-36.7268,-0.082408,time,1,445.67,call_wing,1,condor|dte=35|iv_mode=vix_gt_sma20|short_delta=0.16|width=5.0
condor,is_default,SPY,2019-09-04,2019-09-16,44.0529,0.099250,target,1,443.86,put_wing,1,condor|dte=35|iv_mode=vix_gt_sma20|short_delta=0.16|width=5.0
condor,is_default,SPY,2019-09-05,2019-09-16,12.7305,0.028786,target,1,442.25,call_wing,1,condor|dte=35|iv_mode=vix_gt_sma20|short_delta=0.16|width=5.0
condor,is_default,SPY,2019-09-25,2019-10-02,-55.4629,-0.124743,stop,1,444.62,put_wing,0,condor|dte=35|iv_mode=vix_gt_sma20|short_delta=0.16|width=5.0
condor,is_default,IWM,2019-09-25,2019-10-11,1.4134,0.003165,time,1,446.60,put_wing,1,condor|dte=35|iv_mode=vix_gt_sma20|short_delta=0.16|width=5.0
condor,is_default,IWM,2019-09-26,2019-10-11,38.9880,0.085786,time,1,454.48,call_wing,1,condor|dte=35|iv_mode=vix_gt_sma20|short_delta=0.16|width=5.0
condor,is_default,QQQ,2019-09-25,2019-10-11,26.1775,0.058390,time,1,448.32,put_wing,1,condor|dte=35|iv_mode=vix_gt_sma20|short_delta=0.16|width=5.0
condor,is_default,QQQ,2019-09-26,2019-10-11,3.2461,0.007317,time,1,443.66,call_wing,1,condor|dte=35|iv_mode=vix_gt_sma20|short_delta=0.16|width=5.0
condor,is_default,SPY,2019-10-07,2019-10-15,26.9444,0.060420,target,1,445.95,put_wing,0,condor|dte=35|iv_mode=vix_gt_sma20|short_delta=0.16|width=5.0
condor,is_default,QQQ,2019-11-21,2019-11-27,23.6081,0.052158,target,1,452.62,put_wing,0,condor|dte=35|iv_mode=vix_gt_sma20|short_delta=0.16|width=5.0
condor,is_default,QQQ,2019-12-02,2019-12-03,-65.2856,-0.144287,stop_gap,1,452.47,put_wing,0,condor|dte=35|iv_mode=vix_gt_sma20|short_delta=0.16|width=5.0
condor,is_default,IWM,2019-11-20,2019-12-06,32.5991,0.072301,time,1,450.88,put_wing,1,condor|dte=35|iv_mode=vix_gt_sma20|short_delta=0.16|width=5.0
condor,is_default,IWM,2019-11-21,2019-12-06,-45.7044,-0.100396,time,1,455.24,call_wing,1,condor|dte=35|iv_mode=vix_gt_sma20|short_delta=0.16|width=5.0
condor,is_default,SPY,2019-11-20,2019-12-06,23.0232,0.051301,time,1,448.79,put_wing,1,condor|dte=35|iv_mode=vix_gt_sma20|short_delta=0.16|width=5.0
condor,is_default,SPY,2019-11-21,2019-12-06,-27.6386,-0.062901,time,1,439.40,call_wing,1,condor|dte=35|iv_mode=vix_gt_sma20|short_delta=0.16|width=5.0
condor,is_default,QQQ,2019-12-04,2019-12-12,27.8435,0.062689,target,1,444.15,put_wing,0,condor|dte=35|iv_mode=vix_gt_sma20|short_delta=0.16|width=5.0
condor,is_default,IWM,2019-12-09,2019-12-17,23.9956,0.053105,target,1,451.85,put_wing,0,condor|dte=35|iv_mode=vix_gt_sma20|short_delta=0.16|width=5.0
condor,is_default,SPY,2019-12-09,2019-12-20,38.1463,0.085141,time,1,448.04,put_wing,1,condor|dte=35|iv_mode=vix_gt_sma20|short_delta=0.16|width=5.0
condor,is_default,SPY,2019-12-10,2019-12-20,-21.7340,-0.048892,time,1,444.53,call_wing,1,condor|dte=35|iv_mode=vix_gt_sma20|short_delta=0.16|width=5.0
condor,is_default,QQQ,2019-12-13,2019-12-27,41.7683,0.092440,time,1,451.84,put_wing,1,condor|dte=35|iv_mode=vix_gt_sma20|short_delta=0.16|width=5.0
condor,is_default,QQQ,2019-12-16,2019-12-27,-53.5670,-0.117827,time,1,454.62,call_wing,1,condor|dte=35|iv_mode=vix_gt_sma20|short_delta=0.16|width=5.0
condor,is_default,IWM,2019-12-31,2020-01-13,13.1676,0.029326,target,1,449.01,put_wing,1,condor|dte=35|iv_mode=vix_gt_sma20|short_delta=0.16|width=5.0
condor,is_default,IWM,2020-01-02,2020-01-13,35.7413,0.078925,target,1,452.85,call_wing,1,condor|dte=35|iv_mode=vix_gt_sma20|short_delta=0.16|width=5.0
condor,is_default,SPY,2019-12-31,2020-01-17,50.3638,0.113166,time,1,445.04,put_wing,1,condor|dte=35|iv_mode=vix_gt_sma20|short_delta=0.16|width=5.0
condor,is_default,SPY,2020-01-02,2020-01-17,-55.4744,-0.126508,time,1,438.50,call_wing,1,condor|dte=35|iv_mode=vix_gt_sma20|short_delta=0.16|width=5.0
condor,is_default,SPY,2020-01-27,2020-02-05,25.3452,0.056429,target,1,449.15,put_wing,0,condor|dte=35|iv_mode=vix_gt_sma20|short_delta=0.16|width=5.0
condor,is_default,IWM,2020-01-27,2020-02-07,30.4987,0.067350,target,1,452.84,put_wing,1,condor|dte=35|iv_mode=vix_gt_sma20|short_delta=0.16|width=5.0
condor,is_default,IWM,2020-01-28,2020-02-07,19.7059,0.044141,target,1,446.43,call_wing,1,condor|dte=35|iv_mode=vix_gt_sma20|short_delta=0.16|width=5.0
condor,is_default,QQQ,2020-01-27,2020-02-07,43.6831,0.097827,time,1,446.54,put_wing,1,condor|dte=35|iv_mode=vix_gt_sma20|short_delta=0.16|width=5.0
condor,is_default,QQQ,2020-01-28,2020-02-07,-89.5208,-0.201547,time,1,444.17,call_wing,1,condor|dte=35|iv_mode=vix_gt_sma20|short_delta=0.16|width=5.0
condor,is_default,SPY,2020-02-06,2020-02-18,27.0102,0.060585,target,1,445.82,put_wing,0,condor|dte=35|iv_mode=vix_gt_sma20|short_delta=0.16|width=5.0
condor,is_default,IWM,2020-02-10,2020-02-20,33.9207,0.075169,target,1,451.26,put_wing,1,condor|dte=35|iv_mode=vix_gt_sma20|short_delta=0.16|width=5.0
condor,is_default,IWM,2020-02-11,2020-02-20,10.5372,0.022932,target,1,459.51,call_wing,1,condor|dte=35|iv_mode=vix_gt_sma20|short_delta=0.16|width=5.0
condor,is_default,IWM,2020-02-21,2020-02-24,-84.5226,-0.187715,stop_gap,1,450.27,put_wing,0,condor|dte=35|iv_mode=vix_gt_sma20|short_delta=0.16|width=5.0
condor,is_default,SPY,2020-02-21,2020-02-24,-99.2918,-0.222083,stop_gap,1,447.09,put_wing,0,condor|dte=35|iv_mode=vix_gt_sma20|short_delta=0.16|width=5.0
condor,is_default,QQQ,2020-02-24,2020-02-25,-57.1068,-0.128917,stop,1,442.97,put_wing,0,condor|dte=35|iv_mode=vix_gt_sma20|short_delta=0.16|width=5.0
condor,is_default,QQQ,2020-03-27,2020-04-13,62.8368,0.148793,target,1,422.31,put_wing,1,condor|dte=35|iv_mode=vix_gt_sma20|short_delta=0.16|width=5.0
condor,is_default,QQQ,2020-03-30,2020-04-13,4.5723,0.010332,target,1,442.55,call_wing,1,condor|dte=35|iv_mode=vix_gt_sma20|short_delta=0.16|width=5.0
condor,is_default,IWM,2020-06-15,2020-06-16,33.9812,0.078682,target,1,431.88,put_wing,0,condor|dte=35|iv_mode=vix_gt_sma20|short_delta=0.16|width=5.0
condor,is_default,QQQ,2020-06-12,2020-06-26,32.2586,0.074864,time,1,430.89,put_wing,1,condor|dte=35|iv_mode=vix_gt_sma20|short_delta=0.16|width=5.0
condor,is_default,QQQ,2020-06-15,2020-06-26,-14.9676,-0.034080,time,1,439.19,call_wing,1,condor|dte=35|iv_mode=vix_gt_sma20|short_delta=0.16|width=5.0
condor,is_default,SPY,2020-06-12,2020-06-26,19.7682,0.046263,time,1,427.30,put_wing,1,condor|dte=35|iv_mode=vix_gt_sma20|short_delta=0.16|width=5.0
condor,is_default,SPY,2020-06-15,2020-06-26,23.0467,0.052748,time,1,436.92,call_wing,1,condor|dte=35|iv_mode=vix_gt_sma20|short_delta=0.16|width=5.0
condor,is_default,IWM,2020-06-18,2020-06-30,34.0084,0.078755,target,1,431.82,put_wing,0,condor|dte=35|iv_mode=vix_gt_sma20|short_delta=0.16|width=5.0
condor,is_default,QQQ,2020-06-29,2020-07-10,52.2629,0.119943,time,1,435.73,put_wing,1,condor|dte=35|iv_mode=vix_gt_sma20|short_delta=0.16|width=5.0
condor,is_default,QQQ,2020-06-30,2020-07-10,-167.0605,-0.382654,time,1,436.58,call_wing,1,condor|dte=35|iv_mode=vix_gt_sma20|short_delta=0.16|width=5.0
condor,is_default,SPY,2020-06-30,2020-07-17,52.8814,0.121983,time,1,433.51,put_wing,1,condor|dte=35|iv_mode=vix_gt_sma20|short_delta=0.16|width=5.0
condor,is_default,SPY,2020-07-01,2020-07-17,-25.9559,-0.059909,time,1,433.26,call_wing,1,condor|dte=35|iv_mode=vix_gt_sma20|short_delta=0.16|width=5.0
condor,is_default,IWM,2020-07-14,2020-07-23,48.5840,0.112434,target,1,432.11,put_wing,1,condor|dte=35|iv_mode=vix_gt_sma20|short_delta=0.16|width=5.0
condor,is_default,IWM,2020-07-15,2020-07-23,13.1406,0.029588,target,1,444.12,call_wing,1,condor|dte=35|iv_mode=vix_gt_sma20|short_delta=0.16|width=5.0
condor,is_default,IWM,2020-08-27,2020-09-11,-41.2066,-0.093124,time,1,442.49,put_wing,1,condor|dte=35|iv_mode=vix_gt_sma20|short_delta=0.16|width=5.0
condor,is_default,IWM,2020-08-28,2020-09-11,49.1023,0.111110,time,1,441.93,call_wing,1,condor|dte=35|iv_mode=vix_gt_sma20|short_delta=0.16|width=5.0
condor,is_default,QQQ,2020-09-04,2020-09-18,-24.3073,-0.056822,time,1,427.78,put_wing,0,condor|dte=35|iv_mode=vix_gt_sma20|short_delta=0.16|width=5.0
condor,is_default,SPY,2020-09-04,2020-09-18,-3.1652,-0.007368,time,1,429.61,put_wing,0,condor|dte=35|iv_mode=vix_gt_sma20|short_delta=0.16|width=5.0
condor,is_default,IWM,2020-09-15,2020-10-02,0.5728,0.001303,time,1,439.67,put_wing,1,condor|dte=35|iv_mode=vix_gt_sma20|short_delta=0.16|width=5.0
condor,is_default,IWM,2020-09-16,2020-10-02,16.5502,0.037062,time,1,446.56,call_wing,1,condor|dte=35|iv_mode=vix_gt_sma20|short_delta=0.16|width=5.0
condor,is_default,IWM,2020-10-05,2020-10-09,29.2738,0.066337,target,1,441.29,put_wing,0,condor|dte=35|iv_mode=vix_gt_sma20|short_delta=0.16|width=5.0
condor,is_default,SPY,2020-10-05,2020-10-12,32.7529,0.075409,target,1,434.33,put_wing,0,condor|dte=35|iv_mode=vix_gt_sma20|short_delta=0.16|width=5.0
condor,is_default,QQQ,2020-10-05,2020-10-16,43.9995,0.102141,time,1,430.77,put_wing,1,condor|dte=35|iv_mode=vix_gt_sma20|short_delta=0.16|width=5.0
condor,is_default,QQQ,2020-10-06,2020-10-16,-24.5569,-0.056518,time,1,434.50,call_wing,1,condor|dte=35|iv_mode=vix_gt_sma20|short_delta=0.16|width=5.0
condor,is_default,IWM,2020-10-22,2020-10-29,-71.9914,-0.164321,stop_gap,1,438.11,put_wing,0,condor|dte=35|iv_mode=vix_gt_sma20|short_delta=0.16|width=5.0
condor,is_default,IWM,2020-11-04,2020-11-06,32.0788,0.073629,target,1,435.68,put_wing,0,condor|dte=35|iv_mode=vix_gt_sma20|short_delta=0.16|width=5.0
condor,is_default,QQQ,2020-10-20,2020-11-06,45.7645,0.106433,time,1,429.98,put_wing,1,condor|dte=35|iv_mode=vix_gt_sma20|short_delta=0.16|width=5.0
condor,is_default,QQQ,2020-10-21,2020-11-06,-11.2260,-0.025698,time,1,436.85,call_wing,1,condor|dte=35|iv_mode=vix_gt_sma20|short_delta=0.16|width=5.0
condor,is_default,SPY,2020-10-20,2020-11-06,38.0287,0.088089,time,1,431.71,put_wing,1,condor|dte=35|iv_mode=vix_gt_sma20|short_delta=0.16|width=5.0
condor,is_default,SPY,2020-10-21,2020-11-06,3.2704,0.007515,time,1,435.16,call_wing,1,condor|dte=35|iv_mode=vix_gt_sma20|short_delta=0.16|width=5.0
condor,is_default,QQQ,2020-12-10,2020-12-28,54.7548,0.126112,time,1,434.17,put_wing,1,condor|dte=35|iv_mode=vix_gt_sma20|short_delta=0.16|width=5.0
condor,is_default,QQQ,2020-12-11,2020-12-28,-12.5029,-0.028714,time,1,435.43,call_wing,1,condor|dte=35|iv_mode=vix_gt_sma20|short_delta=0.16|width=5.0
condor,is_default,SPY,2020-12-10,2020-12-28,42.4587,0.096901,time,1,438.17,put_wing,1,condor|dte=35|iv_mode=vix_gt_sma20|short_delta=0.16|width=5.0
condor,is_default,SPY,2020-12-11,2020-12-28,6.5984,0.015131,time,1,436.07,call_wing,1,condor|dte=35|iv_mode=vix_gt_sma20|short_delta=0.16|width=5.0
condor,is_default,SPY,2020-12-30,2021-01-11,31.6323,0.072455,target,1,436.58,put_wing,0,condor|dte=35|iv_mode=vix_gt_sma20|short_delta=0.16|width=5.0
condor,is_default,IWM,2020-12-30,2021-01-15,50.1549,0.114371,time,1,438.53,put_wing,1,condor|dte=35|iv_mode=vix_gt_sma20|short_delta=0.16|width=5.0
condor,is_default,IWM,2020-12-31,2021-01-15,-106.5636,-0.240555,time,1,442.99,call_wing,1,condor|dte=35|iv_mode=vix_gt_sma20|short_delta=0.16|width=5.0
condor,is_default,QQQ,2020-12-30,2021-01-15,10.0022,0.022960,time,1,435.63,put_wing,1,condor|dte=35|iv_mode=vix_gt_sma20|short_delta=0.16|width=5.0
condor,is_default,QQQ,2020-12-31,2021-01-15,23.3410,0.053444,time,1,436.74,call_wing,1,condor|dte=35|iv_mode=vix_gt_sma20|short_delta=0.16|width=5.0
condor,is_default,SPY,2021-01-12,2021-01-25,32.7447,0.075388,target,1,434.35,put_wing,0,condor|dte=35|iv_mode=vix_gt_sma20|short_delta=0.16|width=5.0
condor,is_default,QQQ,2021-01-19,2021-01-25,33.7440,0.078048,target,1,432.35,put_wing,0,condor|dte=35|iv_mode=vix_gt_sma20|short_delta=0.16|width=5.0
condor,is_default,QQQ,2021-01-28,2021-02-03,36.3426,0.085081,target,1,427.15,put_wing,0,condor|dte=35|iv_mode=vix_gt_sma20|short_delta=0.16|width=5.0
condor,is_default,SPY,2021-01-26,2021-02-12,43.0561,0.098646,time,1,436.47,put_wing,1,condor|dte=35|iv_mode=vix_gt_sma20|short_delta=0.16|width=5.0
condor,is_default,SPY,2021-01-27,2021-02-12,-25.8986,-0.059811,time,1,433.01,call_wing,1,condor|dte=35|iv_mode=vix_gt_sma20|short_delta=0.16|width=5.0
condor,is_default,IWM,2021-01-28,2021-02-12,58.1205,0.134445,time,1,432.30,put_wing,1,condor|dte=35|iv_mode=vix_gt_sma20|short_delta=0.16|width=5.0
condor,is_default,IWM,2021-01-29,2021-02-12,-95.6438,-0.218154,time,1,438.42,call_wing,1,condor|dte=35|iv_mode=vix_gt_sma20|short_delta=0.16|width=5.0
condor,is_default,QQQ,2021-03-02,2021-03-03,-66.9693,-0.154624,stop,1,433.11,put_wing,0,condor|dte=35|iv_mode=vix_gt_sma20|short_delta=0.16|width=5.0
condor,is_default,IWM,2021-02-26,2021-03-12,53.7913,0.124277,time,1,432.83,put_wing,1,condor|dte=35|iv_mode=vix_gt_sma20|short_delta=0.16|width=5.0
condor,is_default,IWM,2021-03-01,2021-03-12,-31.3260,-0.071894,time,1,435.73,call_wing,1,condor|dte=35|iv_mode=vix_gt_sma20|short_delta=0.16|width=5.0
condor,is_default,SPY,2021-02-26,2021-03-12,47.7616,0.110047,target,1,434.01,put_wing,1,condor|dte=35|iv_mode=vix_gt_sma20|short_delta=0.16|width=5.0
condor,is_default,SPY,2021-03-01,2021-03-12,19.4152,0.045014,target,1,431.32,call_wing,1,condor|dte=35|iv_mode=vix_gt_sma20|short_delta=0.16|width=5.0
condor,is_default,IWM,2021-04-21,2021-04-26,30.5374,0.069599,target,1,438.77,put_wing,0,condor|dte=35|iv_mode=vix_gt_sma20|short_delta=0.16|width=5.0
condor,is_default,SPY,2021-04-21,2021-05-07,41.8389,0.095135,time,1,439.78,put_wing,1,condor|dte=35|iv_mode=vix_gt_sma20|short_delta=0.16|width=5.0
condor,is_default,SPY,2021-04-22,2021-05-07,-11.3669,-0.026358,time,1,431.25,call_wing,1,condor|dte=35|iv_mode=vix_gt_sma20|short_delta=0.16|width=5.0
condor,is_default,QQQ,2021-04-23,2021-05-07,12.5144,0.028578,time,1,437.90,put_wing,1,condor|dte=35|iv_mode=vix_gt_sma20|short_delta=0.16|width=5.0
condor,is_default,QQQ,2021-04-26,2021-05-07,33.2648,0.076017,time,1,437.60,call_wing,1,condor|dte=35|iv_mode=vix_gt_sma20|short_delta=0.16|width=5.0
condor,is_default,IWM,2021-04-30,2021-05-11,-65.1575,-0.148150,stop_gap,1,439.81,put_wing,0,condor|dte=35|iv_mode=vix_gt_sma20|short_delta=0.16|width=5.0
condor,is_default,SPY,2021-05-11,2021-05-25,31.9321,0.073243,target,1,435.98,put_wing,0,condor|dte=35|iv_mode=vix_gt_sma20|short_delta=0.16|width=5.0
condor,is_default,IWM,2021-05-18,2021-06-04,44.0093,0.100490,time,1,437.95,put_wing,1,condor|dte=35|iv_mode=vix_gt_sma20|short_delta=0.16|width=5.0
condor,is_default,IWM,2021-05-19,2021-06-04,-47.7979,-0.109016,time,1,438.45,call_wing,1,condor|dte=35|iv_mode=vix_gt_sma20|short_delta=0.16|width=5.0
condor,is_default,QQQ,2021-05-21,2021-06-04,34.1753,0.077978,time,1,438.27,put_wing,1,condor|dte=35|iv_mode=vix_gt_sma20|short_delta=0.16|width=5.0
condor,is_default,QQQ,2021-05-24,2021-06-04,-10.7335,-0.024795,time,1,432.89,call_wing,1,condor|dte=35|iv_mode=vix_gt_sma20|short_delta=0.16|width=5.0
condor,is_default,SPY,2021-06-17,2021-06-25,29.9094,0.067973,target,1,440.02,put_wing,0,condor|dte=35|iv_mode=vix_gt_sma20|short_delta=0.16|width=5.0
condor,is_default,IWM,2021-06-17,2021-06-28,29.1854,0.066110,target,1,441.47,put_wing,0,condor|dte=35|iv_mode=vix_gt_sma20|short_delta=0.16|width=5.0
condor,is_default,QQQ,2021-06-17,2021-07-02,51.6762,0.117450,time,1,439.98,put_wing,1,condor|dte=35|iv_mode=vix_gt_sma20|short_delta=0.16|width=5.0
condor,is_default,QQQ,2021-06-18,2021-07-02,-95.3843,-0.219194,time,1,435.16,call_wing,1,condor|dte=35|iv_mode=vix_gt_sma20|short_delta=0.16|width=5.0
condor,is_default,SPY,2021-07-09,2021-07-23,39.6776,0.090549,time,1,438.19,put_wing,1,condor|dte=35|iv_mode=vix_gt_sma20|short_delta=0.16|width=5.0
condor,is_default,SPY,2021-07-12,2021-07-23,-18.3961,-0.042446,time,1,433.40,call_wing,1,condor|dte=35|iv_mode=vix_gt_sma20|short_delta=0.16|width=5.0
condor,is_default,QQQ,2021-07-16,2021-07-26,30.6223,0.069819,target,1,438.60,put_wing,0,condor|dte=35|iv_mode=vix_gt_sma20|short_delta=0.16|width=5.0
condor,is_default,IWM,2021-07-22,2021-08-06,29.0821,0.065992,time,1,440.69,put_wing,1,condor|dte=35|iv_mode=vix_gt_sma20|short_delta=0.16|width=5.0
condor,is_default,IWM,2021-07-23,2021-08-06,11.3905,0.025948,time,1,438.97,call_wing,1,condor|dte=35|iv_mode=vix_gt_sma20|short_delta=0.16|width=5.0
condor,is_default,SPY,2021-07-26,2021-08-06,23.9657,0.054410,time,1,440.47,put_wing,1,condor|dte=35|iv_mode=vix_gt_sma20|short_delta=0.16|width=5.0
condor,is_default,SPY,2021-07-27,2021-08-06,7.9635,0.018363,time,1,433.68,call_wing,1,condor|dte=35|iv_mode=vix_gt_sma20|short_delta=0.16|width=5.0
condor,is_default,QQQ,2021-07-28,2021-08-09,31.7396,0.072737,target,1,436.36,put_wing,0,condor|dte=35|iv_mode=vix_gt_sma20|short_delta=0.16|width=5.0
condor,is_default,QQQ,2021-08-18,2021-08-24,30.5219,0.069558,target,1,438.80,put_wing,0,condor|dte=35|iv_mode=vix_gt_sma20|short_delta=0.16|width=5.0
condor,is_default,SPY,2021-08-18,2021-08-30,31.1524,0.071200,target,1,437.54,put_wing,0,condor|dte=35|iv_mode=vix_gt_sma20|short_delta=0.16|width=5.0
condor,is_default,IWM,2021-08-18,2021-09-03,52.2770,0.118761,time,1,440.19,put_wing,1,condor|dte=35|iv_mode=vix_gt_sma20|short_delta=0.16|width=5.0
condor,is_default,IWM,2021-08-19,2021-09-03,-115.6243,-0.263408,time,1,438.95,call_wing,1,condor|dte=35|iv_mode=vix_gt_sma20|short_delta=0.16|width=5.0
condor,is_default,QQQ,2021-08-27,2021-09-10,27.7753,0.063532,time,1,437.19,put_wing,1,condor|dte=35|iv_mode=vix_gt_sma20|short_delta=0.16|width=5.0
condor,is_default,QQQ,2021-08-30,2021-09-10,5.5333,0.012680,time,1,436.36,call_wing,1,condor|dte=35|iv_mode=vix_gt_sma20|short_delta=0.16|width=5.0
condor,is_default,SPY,2021-09-08,2021-09-20,-66.3195,-0.151326,stop_gap,1,438.26,put_wing,0,condor|dte=35|iv_mode=vix_gt_sma20|short_delta=0.16|width=5.0
condor,is_default,IWM,2021-09-08,2021-09-24,12.9705,0.029478,time,1,440.01,put_wing,1,condor|dte=35|iv_mode=vix_gt_sma20|short_delta=0.16|width=5.0
condor,is_default,IWM,2021-09-09,2021-09-24,35.1384,0.079855,time,1,440.03,call_wing,1,condor|dte=35|iv_mode=vix_gt_sma20|short_delta=0.16|width=5.0
condor,is_default,QQQ,2021-09-13,2021-09-24,-0.2274,-0.000517,time,1,439.63,put_wing,1,condor|dte=35|iv_mode=vix_gt_sma20|short_delta=0.16|width=5.0
condor,is_default,QQQ,2021-09-14,2021-09-24,37.9958,0.087058,time,1,436.44,call_wing,1,condor|dte=35|iv_mode=vix_gt_sma20|short_delta=0.16|width=5.0
condor,is_default,IWM,2021-09-29,2021-10-13,24.7802,0.056596,target,1,437.84,put_wing,1,condor|dte=35|iv_mode=vix_gt_sma20|short_delta=0.16|width=5.0
condor,is_default,IWM,2021-09-30,2021-10-13,36.5834,0.083312,target,1,439.11,call_wing,1,condor|dte=35|iv_mode=vix_gt_sma20|short_delta=0.16|width=5.0
condor,is_default,SPY,2021-10-04,2021-10-15,47.0186,0.106988,time,1,439.48,put_wing,1,condor|dte=35|iv_mode=vix_gt_sma20|short_delta=0.16|width=5.0
condor,is_default,SPY,2021-10-05,2021-10-15,-45.8167,-0.106471,time,1,430.32,call_wing,1,condor|dte=35|iv_mode=vix_gt_sma20|short_delta=0.16|width=5.0
condor,is_default,IWM,2021-11-18,2021-11-26,-68.5590,-0.155437,stop_gap,1,441.07,put_wing,0,condor|dte=35|iv_mode=vix_gt_sma20|short_delta=0.16|width=5.0
condor,is_default,QQQ,2021-11-11,2021-11-26,17.3822,0.039880,time,1,435.86,put_wing,1,condor|dte=35|iv_mode=vix_gt_sma20|short_delta=0.16|width=5.0
condor,is_default,QQQ,2021-11-12,2021-11-26,26.9628,0.062231,time,1,433.27,call_wing,1,condor|dte=35|iv_mode=vix_gt_sma20|short_delta=0.16|width=5.0
condor,is_default,SPY,2021-11-11,2021-11-26,5.1088,0.011652,time,1,438.45,put_wing,1,condor|dte=35|iv_mode=vix_gt_sma20|short_delta=0.16|width=5.0
condor,is_default,SPY,2021-11-12,2021-11-26,47.2201,0.109091,time,1,432.85,call_wing,1,condor|dte=35|iv_mode=vix_gt_sma20|short_delta=0.16|width=5.0
condor,is_default,QQQ,2021-11-29,2021-12-10,23.0904,0.053114,time,1,434.73,put_wing,1,condor|dte=35|iv_mode=vix_gt_sma20|short_delta=0.16|width=5.0
condor,is_default,QQQ,2021-11-30,2021-12-10,11.1585,0.025852,time,1,431.63,call_wing,1,condor|dte=35|iv_mode=vix_gt_sma20|short_delta=0.16|width=5.0
condor,is_default,SPY,2021-11-29,2021-12-10,44.2279,0.102104,time,1,433.16,put_wing,1,condor|dte=35|iv_mode=vix_gt_sma20|short_delta=0.16|width=5.0
condor,is_default,SPY,2021-11-30,2021-12-10,-20.3073,-0.047185,time,1,430.37,call_wing,1,condor|dte=35|iv_mode=vix_gt_sma20|short_delta=0.16|width=5.0
condor,is_default,IWM,2022-01-06,2022-01-21,-149.4616,-0.342422,touch,1,436.48,put_wing,1,condor|dte=35|iv_mode=vix_gt_sma20|short_delta=0.16|width=5.0
condor,is_default,IWM,2022-01-07,2022-01-21,61.8647,0.141708,touch,1,436.57,call_wing,1,condor|dte=35|iv_mode=vix_gt_sma20|short_delta=0.16|width=5.0
condor,is_default,SPY,2022-01-06,2022-01-21,-147.5536,-0.337345,time,1,437.40,put_wing,1,condor|dte=35|iv_mode=vix_gt_sma20|short_delta=0.16|width=5.0
condor,is_default,SPY,2022-01-07,2022-01-21,63.2859,0.146274,time,1,432.65,call_wing,1,condor|dte=35|iv_mode=vix_gt_sma20|short_delta=0.16|width=5.0
condor,is_default,QQQ,2022-02-01,2022-02-18,-69.4742,-0.160467,time,1,432.95,put_wing,1,condor|dte=35|iv_mode=vix_gt_sma20|short_delta=0.16|width=5.0
condor,is_default,QQQ,2022-02-02,2022-02-18,63.4629,0.146687,time,1,432.64,call_wing,1,condor|dte=35|iv_mode=vix_gt_sma20|short_delta=0.16|width=5.0
condor,is_default,SPY,2022-02-01,2022-02-18,-39.1177,-0.090238,time,1,433.50,put_wing,1,condor|dte=35|iv_mode=vix_gt_sma20|short_delta=0.16|width=5.0
condor,is_default,SPY,2022-02-02,2022-02-18,53.5740,0.123935,time,1,432.28,call_wing,1,condor|dte=35|iv_mode=vix_gt_sma20|short_delta=0.16|width=5.0
condor,is_default,IWM,2022-02-14,2022-02-24,-74.8739,-0.171364,stop_gap,1,436.93,put_wing,0,condor|dte=35|iv_mode=vix_gt_sma20|short_delta=0.16|width=5.0
condor,is_default,SPY,2022-02-28,2022-03-08,-65.7146,-0.151289,stop,1,434.37,put_wing,0,condor|dte=35|iv_mode=vix_gt_sma20|short_delta=0.16|width=5.0
condor,is_default,IWM,2022-02-25,2022-03-11,6.3294,0.014477,time,1,437.21,put_wing,1,condor|dte=35|iv_mode=vix_gt_sma20|short_delta=0.16|width=5.0
condor,is_default,IWM,2022-02-28,2022-03-11,26.2953,0.059578,time,1,441.36,call_wing,1,condor|dte=35|iv_mode=vix_gt_sma20|short_delta=0.16|width=5.0
condor,is_default,QQQ,2022-02-28,2022-03-11,-68.9374,-0.159039,time,1,433.46,put_wing,1,condor|dte=35|iv_mode=vix_gt_sma20|short_delta=0.16|width=5.0
condor,is_default,QQQ,2022-03-01,2022-03-11,58.5861,0.135142,time,1,433.51,call_wing,1,condor|dte=35|iv_mode=vix_gt_sma20|short_delta=0.16|width=5.0
condor,is_default,SPY,2022-03-10,2022-03-17,35.2154,0.082009,target,1,429.41,put_wing,0,condor|dte=35|iv_mode=vix_gt_sma20|short_delta=0.16|width=5.0
condor,is_default,IWM,2022-03-14,2022-03-25,49.8888,0.113954,time,1,437.80,put_wing,1,condor|dte=35|iv_mode=vix_gt_sma20|short_delta=0.16|width=5.0
condor,is_default,IWM,2022-03-15,2022-03-25,-46.0425,-0.104314,time,1,441.38,call_wing,1,condor|dte=35|iv_mode=vix_gt_sma20|short_delta=0.16|width=5.0
condor,is_default,SPY,2022-04-12,2022-04-29,-126.8174,-0.293026,time,1,432.79,put_wing,1,condor|dte=35|iv_mode=vix_gt_sma20|short_delta=0.16|width=5.0
condor,is_default,SPY,2022-04-13,2022-04-29,58.7098,0.135670,time,1,432.74,call_wing,1,condor|dte=35|iv_mode=vix_gt_sma20|short_delta=0.16|width=5.0
condor,is_default,IWM,2022-04-14,2022-04-29,-139.8835,-0.318390,time,1,439.35,put_wing,1,condor|dte=35|iv_mode=vix_gt_sma20|short_delta=0.16|width=5.0
condor,is_default,IWM,2022-04-18,2022-04-29,49.7590,0.112961,time,1,440.50,call_wing,1,condor|dte=35|iv_mode=vix_gt_sma20|short_delta=0.16|width=5.0
condor,is_default,IWM,2022-06-13,2022-06-16,-61.6516,-0.140620,stop,1,438.43,put_wing,0,condor|dte=35|iv_mode=vix_gt_sma20|short_delta=0.16|width=5.0
condor,is_default,SPY,2022-08-23,2022-08-30,-66.0552,-0.152192,stop,1,434.02,put_wing,0,condor|dte=35|iv_mode=vix_gt_sma20|short_delta=0.16|width=5.0
condor,is_default,IWM,2022-08-23,2022-09-09,7.7637,0.017702,time,1,438.58,put_wing,1,condor|dte=35|iv_mode=vix_gt_sma20|short_delta=0.16|width=5.0
condor,is_default,IWM,2022-08-24,2022-09-09,44.3512,0.100141,time,1,442.89,call_wing,1,condor|dte=35|iv_mode=vix_gt_sma20|short_delta=0.16|width=5.0
condor,is_default,QQQ,2022-08-23,2022-09-09,-1.8540,-0.004269,time,1,434.31,put_wing,1,condor|dte=35|iv_mode=vix_gt_sma20|short_delta=0.16|width=5.0
condor,is_default,QQQ,2022-08-24,2022-09-09,45.2428,0.104148,time,1,434.41,call_wing,1,condor|dte=35|iv_mode=vix_gt_sma20|short_delta=0.16|width=5.0
condor,is_default,IWM,2022-09-13,2022-09-16,-57.8175,-0.130731,stop,1,442.26,put_wing,0,condor|dte=35|iv_mode=vix_gt_sma20|short_delta=0.16|width=5.0
condor,is_default,QQQ,2022-09-13,2022-09-16,-69.1265,-0.158909,stop_gap,1,435.01,put_wing,0,condor|dte=35|iv_mode=vix_gt_sma20|short_delta=0.16|width=5.0
condor,is_default,SPY,2022-09-13,2022-09-16,-81.0518,-0.186435,stop_gap,1,434.75,put_wing,0,condor|dte=35|iv_mode=vix_gt_sma20|short_delta=0.16|width=5.0
condor,is_default,SPY,2022-10-05,2022-10-11,-67.8827,-0.157064,stop,1,432.20,put_wing,0,condor|dte=35|iv_mode=vix_gt_sma20|short_delta=0.16|width=5.0
condor,is_default,IWM,2022-10-05,2022-10-21,16.4405,0.037643,time,1,436.74,put_wing,1,condor|dte=35|iv_mode=vix_gt_sma20|short_delta=0.16|width=5.0
condor,is_default,IWM,2022-10-06,2022-10-21,31.3878,0.071277,time,1,440.37,call_wing,1,condor|dte=35|iv_mode=vix_gt_sma20|short_delta=0.16|width=5.0
condor,is_default,QQQ,2022-10-05,2022-10-21,7.1422,0.016506,time,1,432.72,put_wing,1,condor|dte=35|iv_mode=vix_gt_sma20|short_delta=0.16|width=5.0
condor,is_default,QQQ,2022-10-06,2022-10-21,39.2839,0.090222,time,1,435.42,call_wing,1,condor|dte=35|iv_mode=vix_gt_sma20|short_delta=0.16|width=5.0
condor,is_default,SPY,2022-10-14,2022-10-24,34.5806,0.080293,target,1,430.68,put_wing,0,condor|dte=35|iv_mode=vix_gt_sma20|short_delta=0.16|width=5.0
condor,is_default,IWM,2022-12-09,2022-12-23,-14.6791,-0.032936,time,1,445.69,put_wing,0,condor|dte=35|iv_mode=vix_gt_sma20|short_delta=0.16|width=5.0
condor,is_default,QQQ,2022-12-08,2022-12-23,-46.3288,-0.105846,time,1,437.70,put_wing,1,condor|dte=35|iv_mode=vix_gt_sma20|short_delta=0.16|width=5.0
condor,is_default,QQQ,2022-12-09,2022-12-23,61.5869,0.141056,time,1,436.61,call_wing,1,condor|dte=35|iv_mode=vix_gt_sma20|short_delta=0.16|width=5.0
condor,is_default,SPY,2022-12-08,2022-12-23,-24.0689,-0.055122,time,1,436.65,put_wing,1,condor|dte=35|iv_mode=vix_gt_sma20|short_delta=0.16|width=5.0
condor,is_default,SPY,2022-12-09,2022-12-23,60.3210,0.138991,time,1,433.99,call_wing,1,condor|dte=35|iv_mode=vix_gt_sma20|short_delta=0.16|width=5.0
condor,oos,SPY,2023-03-20,2023-04-05,55.5281,0.128380,target,1,432.53,put_wing,1,condor|dte=45|iv_mode=vix_pct_60|short_delta=0.16|width=5.0
condor,oos,SPY,2023-03-21,2023-04-05,11.5633,0.026707,target,1,432.97,call_wing,1,condor|dte=45|iv_mode=vix_pct_60|short_delta=0.16|width=5.0
condor,oos,QQQ,2023-03-16,2023-04-06,54.5819,0.125863,target,1,433.66,put_wing,1,condor|dte=45|iv_mode=vix_pct_60|short_delta=0.16|width=5.0
condor,oos,QQQ,2023-03-17,2023-04-06,11.0644,0.025451,target,1,434.73,call_wing,1,condor|dte=45|iv_mode=vix_pct_60|short_delta=0.16|width=5.0
condor,oos,SPY,2023-10-19,2023-10-23,-61.5885,-0.140455,stop,1,438.49,put_wing,0,condor|dte=45|iv_mode=vix_pct_60|short_delta=0.16|width=5.0
condor,oos,SPY,2023-10-24,2023-11-02,32.4168,0.074520,target,1,435.01,put_wing,0,condor|dte=45|iv_mode=vix_pct_60|short_delta=0.16|width=5.0
condor,oos,QQQ,2023-10-19,2023-11-06,42.6087,0.098081,target,1,434.42,put_wing,1,condor|dte=45|iv_mode=vix_pct_60|short_delta=0.16|width=5.0
condor,oos,QQQ,2023-10-20,2023-11-06,23.7759,0.054975,target,1,432.49,call_wing,1,condor|dte=45|iv_mode=vix_pct_60|short_delta=0.16|width=5.0
condor,oos,IWM,2023-10-19,2023-11-07,27.9738,0.062955,target,1,444.35,put_wing,1,condor|dte=45|iv_mode=vix_pct_60|short_delta=0.16|width=5.0
condor,oos,IWM,2023-10-20,2023-11-07,28.3959,0.064158,target,1,442.59,call_wing,1,condor|dte=45|iv_mode=vix_pct_60|short_delta=0.16|width=5.0
condor,oos,SPY,2024-04-05,2024-04-17,-61.7897,-0.140979,stop,1,438.29,put_wing,0,condor|dte=45|iv_mode=vix_pct_60|short_delta=0.16|width=5.0
condor,oos,IWM,2024-04-05,2024-04-26,-2.1438,-0.004852,time,1,441.86,put_wing,1,condor|dte=45|iv_mode=vix_pct_60|short_delta=0.16|width=5.0
condor,oos,IWM,2024-04-08,2024-04-26,55.1742,0.124547,time,1,443.00,call_wing,1,condor|dte=45|iv_mode=vix_pct_60|short_delta=0.16|width=5.0
condor,oos,QQQ,2024-04-05,2024-04-26,0.9674,0.002206,time,1,438.60,put_wing,1,condor|dte=45|iv_mode=vix_pct_60|short_delta=0.16|width=5.0
condor,oos,QQQ,2024-04-08,2024-04-26,55.9831,0.129092,time,1,433.67,call_wing,1,condor|dte=45|iv_mode=vix_pct_60|short_delta=0.16|width=5.0
condor,oos,SPY,2024-04-24,2024-05-06,30.7630,0.070185,target,1,438.31,put_wing,0,condor|dte=45|iv_mode=vix_pct_60|short_delta=0.16|width=5.0
condor,oos,IWM,2024-04-29,2024-05-23,55.1761,0.125078,target,1,441.13,put_wing,1,condor|dte=45|iv_mode=vix_pct_60|short_delta=0.16|width=5.0
condor,oos,IWM,2024-04-30,2024-05-23,1.0613,0.002379,target,1,446.07,call_wing,1,condor|dte=45|iv_mode=vix_pct_60|short_delta=0.16|width=5.0
condor,oos,QQQ,2024-04-29,2024-05-24,58.8436,0.134455,time,1,437.65,put_wing,1,condor|dte=45|iv_mode=vix_pct_60|short_delta=0.16|width=5.0
condor,oos,QQQ,2024-04-30,2024-05-24,-129.8824,-0.299905,time,1,433.08,call_wing,1,condor|dte=45|iv_mode=vix_pct_60|short_delta=0.16|width=5.0
condor,oos,SPY,2024-05-31,2024-06-06,30.6014,0.069765,target,1,438.64,put_wing,0,condor|dte=45|iv_mode=vix_pct_60|short_delta=0.16|width=5.0
condor,oos,QQQ,2024-05-31,2024-06-17,53.2181,0.120959,touch,1,439.97,put_wing,1,condor|dte=45|iv_mode=vix_pct_60|short_delta=0.16|width=5.0
condor,oos,QQQ,2024-06-03,2024-06-17,-167.5311,-0.384683,touch,1,435.50,call_wing,1,condor|dte=45|iv_mode=vix_pct_60|short_delta=0.16|width=5.0
condor,oos,IWM,2024-05-31,2024-06-20,-0.2329,-0.000522,target,1,446.05,put_wing,1,condor|dte=45|iv_mode=vix_pct_60|short_delta=0.16|width=5.0
condor,oos,IWM,2024-06-03,2024-06-20,55.9649,0.126569,target,1,442.17,call_wing,1,condor|dte=45|iv_mode=vix_pct_60|short_delta=0.16|width=5.0
condor,oos,QQQ,2024-07-18,2024-08-02,-155.0162,-0.355262,touch_gap,1,436.34,put_wing,1,condor|dte=45|iv_mode=vix_pct_60|short_delta=0.16|width=5.0
condor,oos,QQQ,2024-07-19,2024-08-02,60.3416,0.139376,touch_gap,1,432.94,call_wing,1,condor|dte=45|iv_mode=vix_pct_60|short_delta=0.16|width=5.0
condor,oos,SPY,2024-07-18,2024-08-02,-147.0141,-0.333915,touch,1,440.27,put_wing,1,condor|dte=45|iv_mode=vix_pct_60|short_delta=0.16|width=5.0
condor,oos,SPY,2024-07-19,2024-08-02,56.8403,0.131433,touch,1,432.47,call_wing,1,condor|dte=45|iv_mode=vix_pct_60|short_delta=0.16|width=5.0
condor,oos,IWM,2024-08-02,2024-08-05,-79.6457,-0.180857,stop_gap,1,440.38,put_wing,0,condor|dte=45|iv_mode=vix_pct_60|short_delta=0.16|width=5.0
condor,oos,IWM,2024-08-16,2024-08-26,28.8362,0.065215,target,1,442.17,put_wing,0,condor|dte=45|iv_mode=vix_pct_60|short_delta=0.16|width=5.0
condor,oos,SPY,2024-08-12,2024-09-03,62.2682,0.143232,target,1,434.73,put_wing,1,condor|dte=45|iv_mode=vix_pct_60|short_delta=0.16|width=5.0
condor,oos,SPY,2024-08-13,2024-09-03,4.2802,0.009911,target,1,431.85,call_wing,1,condor|dte=45|iv_mode=vix_pct_60|short_delta=0.16|width=5.0
condor,oos,QQQ,2024-08-14,2024-09-03,42.4819,0.098032,target,1,433.35,put_wing,1,condor|dte=45|iv_mode=vix_pct_60|short_delta=0.16|width=5.0
condor,oos,QQQ,2024-08-15,2024-09-03,25.6511,0.059644,target,1,430.07,call_wing,1,condor|dte=45|iv_mode=vix_pct_60|short_delta=0.16|width=5.0
condor,oos,SPY,2024-09-04,2024-09-13,32.8982,0.075795,target,1,434.04,put_wing,0,condor|dte=45|iv_mode=vix_pct_60|short_delta=0.16|width=5.0
condor,oos,IWM,2024-09-04,2024-09-23,55.5151,0.127445,target,1,435.60,put_wing,1,condor|dte=45|iv_mode=vix_pct_60|short_delta=0.16|width=5.0
condor,oos,IWM,2024-09-05,2024-09-23,5.9247,0.013429,target,1,441.20,call_wing,1,condor|dte=45|iv_mode=vix_pct_60|short_delta=0.16|width=5.0
condor,oos,SPY,2024-09-16,2024-09-26,32.2462,0.074070,target,1,435.35,put_wing,0,condor|dte=45|iv_mode=vix_pct_60|short_delta=0.16|width=5.0
condor,oos,QQQ,2024-09-04,2024-09-27,61.0139,0.140920,time,1,432.97,put_wing,1,condor|dte=45|iv_mode=vix_pct_60|short_delta=0.16|width=5.0
condor,oos,QQQ,2024-09-05,2024-09-27,-78.0014,-0.180833,time,1,431.34,call_wing,1,condor|dte=45|iv_mode=vix_pct_60|short_delta=0.16|width=5.0
condor,oos,QQQ,2024-10-02,2024-10-18,32.9232,0.075861,target,1,433.99,put_wing,0,condor|dte=45|iv_mode=vix_pct_60|short_delta=0.16|width=5.0
condor,oos,IWM,2024-09-26,2024-10-18,31.6927,0.072247,time,1,438.67,put_wing,1,condor|dte=45|iv_mode=vix_pct_60|short_delta=0.16|width=5.0
condor,oos,IWM,2024-09-27,2024-10-18,-16.6283,-0.037780,time,1,440.14,call_wing,1,condor|dte=45|iv_mode=vix_pct_60|short_delta=0.16|width=5.0
condor,oos,SPY,2024-09-30,2024-10-25,35.6140,0.081717,time,1,435.82,put_wing,1,condor|dte=45|iv_mode=vix_pct_60|short_delta=0.16|width=5.0
condor,oos,SPY,2024-10-01,2024-10-25,17.4714,0.040737,time,1,428.89,call_wing,1,condor|dte=45|iv_mode=vix_pct_60|short_delta=0.16|width=5.0
condor,oos,IWM,2024-10-22,2024-11-06,30.1822,0.068678,target,1,439.48,put_wing,0,condor|dte=45|iv_mode=vix_pct_60|short_delta=0.16|width=5.0
condor,oos,SPY,2024-10-28,2024-11-14,55.9893,0.129046,target,1,433.87,put_wing,1,condor|dte=45|iv_mode=vix_pct_60|short_delta=0.16|width=5.0
condor,oos,SPY,2024-10-29,2024-11-14,12.4891,0.029122,target,1,428.85,call_wing,1,condor|dte=45|iv_mode=vix_pct_60|short_delta=0.16|width=5.0
condor,oos,QQQ,2024-10-21,2024-11-15,44.5257,0.102484,target,1,434.47,put_wing,1,condor|dte=45|iv_mode=vix_pct_60|short_delta=0.16|width=5.0
condor,oos,QQQ,2024-10-22,2024-11-15,22.2808,0.051624,target,1,431.60,call_wing,1,condor|dte=45|iv_mode=vix_pct_60|short_delta=0.16|width=5.0
condor,oos,IWM,2024-11-18,2024-11-25,27.6294,0.062856,stop,1,439.57,put_wing,1,condor|dte=45|iv_mode=vix_pct_60|short_delta=0.16|width=5.0
condor,oos,IWM,2024-11-19,2024-11-25,-149.8046,-0.341695,stop,1,438.42,call_wing,1,condor|dte=45|iv_mode=vix_pct_60|short_delta=0.16|width=5.0
condor,oos,SPY,2024-11-18,2024-11-26,31.1049,0.071076,target,1,437.63,put_wing,0,condor|dte=45|iv_mode=vix_pct_60|short_delta=0.16|width=5.0
condor,oos,QQQ,2024-11-18,2024-12-13,61.8992,0.142102,time,1,435.60,put_wing,1,condor|dte=45|iv_mode=vix_pct_60|short_delta=0.16|width=5.0
condor,oos,QQQ,2024-11-19,2024-12-13,-142.8493,-0.330876,time,1,431.73,call_wing,1,condor|dte=45|iv_mode=vix_pct_60|short_delta=0.16|width=5.0
condor,oos,SPY,2024-12-18,2024-12-18,-64.1487,-0.147153,stop,1,435.93,put_wing,0,condor|dte=45|iv_mode=vix_pct_60|short_delta=0.16|width=5.0
condor,oos,QQQ,2024-12-19,2025-01-06,44.9049,0.104079,target,1,431.45,put_wing,1,condor|dte=45|iv_mode=vix_pct_60|short_delta=0.16|width=5.0
condor,oos,QQQ,2024-12-20,2025-01-06,24.1142,0.056054,target,1,430.19,call_wing,1,condor|dte=45|iv_mode=vix_pct_60|short_delta=0.16|width=5.0
condor,oos,QQQ,2025-01-07,2025-01-10,-64.3339,-0.147641,stop,1,435.75,put_wing,0,condor|dte=45|iv_mode=vix_pct_60|short_delta=0.16|width=5.0
condor,oos,SPY,2024-12-23,2025-01-16,24.7762,0.056953,target,1,435.03,put_wing,1,condor|dte=45|iv_mode=vix_pct_60|short_delta=0.16|width=5.0
condor,oos,SPY,2024-12-24,2025-01-16,41.9454,0.097274,target,1,431.21,call_wing,1,condor|dte=45|iv_mode=vix_pct_60|short_delta=0.16|width=5.0
condor,oos,SPY,2025-01-17,2025-01-24,31.5749,0.072305,target,1,436.69,put_wing,0,condor|dte=45|iv_mode=vix_pct_60|short_delta=0.16|width=5.0
condor,oos,IWM,2025-01-06,2025-01-27,26.8722,0.061138,target,1,439.54,put_wing,1,condor|dte=45|iv_mode=vix_pct_60|short_delta=0.16|width=5.0
condor,oos,IWM,2025-01-07,2025-01-27,33.7789,0.076973,target,1,438.84,call_wing,1,condor|dte=45|iv_mode=vix_pct_60|short_delta=0.16|width=5.0
condor,oos,QQQ,2025-01-16,2025-02-06,38.0973,0.087352,target,1,436.14,put_wing,1,condor|dte=45|iv_mode=vix_pct_60|short_delta=0.16|width=5.0
condor,oos,QQQ,2025-01-17,2025-02-06,28.2617,0.065599,target,1,430.82,call_wing,1,condor|dte=45|iv_mode=vix_pct_60|short_delta=0.16|width=5.0
condor,oos,SPY,2025-01-28,2025-02-13,31.9226,0.073218,target,1,435.99,put_wing,0,condor|dte=45|iv_mode=vix_pct_60|short_delta=0.16|width=5.0
condor,oos,IWM,2025-01-28,2025-02-14,27.7516,0.063300,target,1,438.42,put_wing,1,condor|dte=45|iv_mode=vix_pct_60|short_delta=0.16|width=5.0
condor,oos,IWM,2025-01-29,2025-02-14,33.8056,0.077155,target,1,438.15,call_wing,1,condor|dte=45|iv_mode=vix_pct_60|short_delta=0.16|width=5.0
condor,oos,QQQ,2025-02-10,2025-03-04,-149.5347,-0.344025,touch,1,434.66,put_wing,1,condor|dte=45|iv_mode=vix_pct_60|short_delta=0.16|width=5.0
condor,oos,QQQ,2025-02-11,2025-03-04,67.1714,0.156510,touch,1,429.18,call_wing,1,condor|dte=45|iv_mode=vix_pct_60|short_delta=0.16|width=5.0
condor,oos,SPY,2025-02-24,2025-03-10,-153.5542,-0.352459,touch,1,435.67,put_wing,1,condor|dte=45|iv_mode=vix_pct_60|short_delta=0.16|width=5.0
condor,oos,SPY,2025-02-25,2025-03-10,58.5674,0.136694,touch,1,428.46,call_wing,1,condor|dte=45|iv_mode=vix_pct_60|short_delta=0.16|width=5.0
condor,oos,QQQ,2025-03-24,2025-03-31,-89.9590,-0.207501,stop_gap,1,433.54,put_wing,0,condor|dte=45|iv_mode=vix_pct_60|short_delta=0.16|width=5.0
condor,oos,QQQ,2025-04-02,2025-04-04,-111.1150,-0.256518,stop_gap,1,433.17,put_wing,0,condor|dte=45|iv_mode=vix_pct_60|short_delta=0.16|width=5.0
condor,oos,IWM,2025-03-20,2025-04-04,-200.1761,-0.452610,touch_gap,1,442.27,put_wing,1,condor|dte=45|iv_mode=vix_pct_60|short_delta=0.16|width=5.0
condor,oos,IWM,2025-03-21,2025-04-04,54.5175,0.123340,touch_gap,1,442.01,call_wing,1,condor|dte=45|iv_mode=vix_pct_60|short_delta=0.16|width=5.0
condor,oos,SPY,2025-03-20,2025-04-04,-164.9278,-0.378278,touch_gap,1,436.00,put_wing,1,condor|dte=45|iv_mode=vix_pct_60|short_delta=0.16|width=5.0
condor,oos,SPY,2025-03-21,2025-04-04,48.1649,0.111902,touch_gap,1,430.42,call_wing,1,condor|dte=45|iv_mode=vix_pct_60|short_delta=0.16|width=5.0
condor,oos,SPY,2025-04-10,2025-04-28,54.1861,0.126513,target,1,428.31,put_wing,1,condor|dte=45|iv_mode=vix_pct_60|short_delta=0.16|width=5.0
condor,oos,SPY,2025-04-11,2025-04-28,14.7653,0.034063,target,1,433.47,call_wing,1,condor|dte=45|iv_mode=vix_pct_60|short_delta=0.16|width=5.0
condor,oos,QQQ,2025-04-10,2025-04-30,49.0722,0.114871,target,1,427.19,put_wing,1,condor|dte=45|iv_mode=vix_pct_60|short_delta=0.16|width=5.0
condor,oos,QQQ,2025-04-11,2025-04-30,20.2054,0.046564,target,1,433.93,call_wing,1,condor|dte=45|iv_mode=vix_pct_60|short_delta=0.16|width=5.0
condor,oos,IWM,2025-04-23,2025-05-02,32.5354,0.074834,target,1,434.77,put_wing,0,condor|dte=45|iv_mode=vix_pct_60|short_delta=0.16|width=5.0
condor,oos,SPY,2025-05-23,2025-06-05,51.6366,0.118807,target,1,434.63,put_wing,1,condor|dte=45|iv_mode=vix_pct_60|short_delta=0.16|width=5.0
condor,oos,SPY,2025-05-27,2025-06-05,16.6672,0.038901,target,1,428.45,call_wing,1,condor|dte=45|iv_mode=vix_pct_60|short_delta=0.16|width=5.0
condor,oos,IWM,2025-05-22,2025-06-13,49.9152,0.113821,time,1,438.54,put_wing,1,condor|dte=45|iv_mode=vix_pct_60|short_delta=0.16|width=5.0
condor,oos,IWM,2025-05-23,2025-06-13,-21.7046,-0.049451,time,1,438.91,call_wing,1,condor|dte=45|iv_mode=vix_pct_60|short_delta=0.16|width=5.0
condor,oos,SPY,2025-06-16,2025-06-26,33.2969,0.076854,target,1,433.25,put_wing,0,condor|dte=45|iv_mode=vix_pct_60|short_delta=0.16|width=5.0
condor,oos,IWM,2025-06-16,2025-07-11,56.6856,0.129685,time,1,437.10,put_wing,1,condor|dte=45|iv_mode=vix_pct_60|short_delta=0.16|width=5.0
condor,oos,IWM,2025-06-17,2025-07-11,-67.8188,-0.153205,time,1,442.67,call_wing,1,condor|dte=45|iv_mode=vix_pct_60|short_delta=0.16|width=5.0
condor,oos,QQQ,2025-06-16,2025-07-11,58.8971,0.136173,time,1,432.52,put_wing,1,condor|dte=45|iv_mode=vix_pct_60|short_delta=0.16|width=5.0
condor,oos,QQQ,2025-06-17,2025-07-11,-30.5738,-0.071244,time,1,429.14,call_wing,1,condor|dte=45|iv_mode=vix_pct_60|short_delta=0.16|width=5.0
condor,oos,QQQ,2025-08-04,2025-08-11,33.5502,0.077530,target,1,432.74,put_wing,0,condor|dte=45|iv_mode=vix_pct_60|short_delta=0.16|width=5.0
condor,oos,SPY,2025-08-04,2025-08-11,32.8250,0.075601,target,1,434.19,put_wing,0,condor|dte=45|iv_mode=vix_pct_60|short_delta=0.16|width=5.0
condor,holdout,QQQ,2025-10-06,2025-10-17,-38.5968,-0.098069,time,1,393.57,put_wing,0,condor|dte=35|iv_mode=vix_gt_sma20|short_delta=0.25|width=5.0
condor,holdout,IWM,2025-10-02,2025-10-17,-2.4359,-0.006058,time,1,402.08,put_wing,1,condor|dte=35|iv_mode=vix_gt_sma20|short_delta=0.25|width=5.0
condor,holdout,IWM,2025-10-03,2025-10-17,14.3681,0.035902,time,1,400.20,call_wing,1,condor|dte=35|iv_mode=vix_gt_sma20|short_delta=0.25|width=5.0
condor,holdout,SPY,2025-10-02,2025-10-17,-46.5786,-0.117429,time,1,396.65,put_wing,1,condor|dte=35|iv_mode=vix_gt_sma20|short_delta=0.25|width=5.0
condor,holdout,SPY,2025-10-03,2025-10-17,3.2075,0.008381,time,1,382.73,call_wing,1,condor|dte=35|iv_mode=vix_gt_sma20|short_delta=0.25|width=5.0
condor,holdout,SPY,2025-10-20,2025-10-27,52.7757,0.133850,target,1,394.29,put_wing,0,condor|dte=35|iv_mode=vix_gt_sma20|short_delta=0.25|width=5.0
condor,holdout,IWM,2025-10-20,2025-10-31,24.5238,0.061737,time,1,397.23,put_wing,1,condor|dte=35|iv_mode=vix_gt_sma20|short_delta=0.25|width=5.0
condor,holdout,IWM,2025-10-21,2025-10-31,38.8584,0.097194,time,1,399.80,call_wing,1,condor|dte=35|iv_mode=vix_gt_sma20|short_delta=0.25|width=5.0
condor,holdout,QQQ,2025-10-20,2025-10-31,73.7374,0.188416,time,1,391.35,put_wing,1,condor|dte=35|iv_mode=vix_gt_sma20|short_delta=0.25|width=5.0
condor,holdout,QQQ,2025-10-21,2025-10-31,-70.4955,-0.182692,time,1,385.87,call_wing,1,condor|dte=35|iv_mode=vix_gt_sma20|short_delta=0.25|width=5.0
condor,holdout,IWM,2025-11-05,2025-11-20,-99.9351,-0.251678,touch,1,397.07,put_wing,1,condor|dte=35|iv_mode=vix_gt_sma20|short_delta=0.25|width=5.0
condor,holdout,IWM,2025-11-06,2025-11-20,89.1005,0.223399,touch,1,398.84,call_wing,1,condor|dte=35|iv_mode=vix_gt_sma20|short_delta=0.25|width=5.0
condor,holdout,QQQ,2025-11-05,2025-11-20,-112.7330,-0.288154,touch,1,391.23,put_wing,1,condor|dte=35|iv_mode=vix_gt_sma20|short_delta=0.25|width=5.0
condor,holdout,QQQ,2025-11-06,2025-11-20,87.5247,0.227366,touch,1,384.95,call_wing,1,condor|dte=35|iv_mode=vix_gt_sma20|short_delta=0.25|width=5.0
condor,holdout,SPY,2025-11-05,2025-11-21,-70.2929,-0.179430,time,1,391.76,put_wing,0,condor|dte=35|iv_mode=vix_gt_sma20|short_delta=0.25|width=5.0
condor,holdout,SPY,2025-11-25,2025-12-01,53.3239,0.135618,target,1,393.19,put_wing,0,condor|dte=35|iv_mode=vix_gt_sma20|short_delta=0.25|width=5.0
condor,holdout,IWM,2025-11-25,2025-12-12,84.0918,0.209004,time,1,402.35,put_wing,1,condor|dte=35|iv_mode=vix_gt_sma20|short_delta=0.25|width=5.0
condor,holdout,IWM,2025-11-26,2025-12-12,-48.4659,-0.120723,time,1,401.46,call_wing,1,condor|dte=35|iv_mode=vix_gt_sma20|short_delta=0.25|width=5.0
condor,holdout,QQQ,2025-11-25,2025-12-12,86.0339,0.220719,target,1,389.79,put_wing,1,condor|dte=35|iv_mode=vix_gt_sma20|short_delta=0.25|width=5.0
condor,holdout,QQQ,2025-11-26,2025-12-12,26.6450,0.069292,target,1,384.53,call_wing,1,condor|dte=35|iv_mode=vix_gt_sma20|short_delta=0.25|width=5.0
condor,holdout,SPY,2026-01-08,2026-01-23,22.7369,0.057557,time,1,395.03,put_wing,0,condor|dte=35|iv_mode=vix_gt_sma20|short_delta=0.25|width=5.0
condor,holdout,IWM,2026-01-08,2026-01-23,64.8418,0.160463,time,1,404.09,put_wing,1,condor|dte=35|iv_mode=vix_gt_sma20|short_delta=0.25|width=5.0
condor,holdout,IWM,2026-01-09,2026-01-23,-32.6513,-0.081285,time,1,401.69,call_wing,1,condor|dte=35|iv_mode=vix_gt_sma20|short_delta=0.25|width=5.0
condor,holdout,QQQ,2026-01-08,2026-01-23,23.0673,0.058554,time,1,393.95,put_wing,1,condor|dte=35|iv_mode=vix_gt_sma20|short_delta=0.25|width=5.0
condor,holdout,QQQ,2026-01-09,2026-01-23,29.8000,0.077840,time,1,382.84,call_wing,1,condor|dte=35|iv_mode=vix_gt_sma20|short_delta=0.25|width=5.0
condor,holdout,QQQ,2026-01-26,2026-02-05,-114.4313,-0.289672,touch,1,395.04,put_wing,1,condor|dte=35|iv_mode=vix_gt_sma20|short_delta=0.25|width=5.0
condor,holdout,QQQ,2026-01-27,2026-02-05,83.3988,0.216445,touch,1,385.31,call_wing,1,condor|dte=35|iv_mode=vix_gt_sma20|short_delta=0.25|width=5.0
condor,holdout,SPY,2026-01-26,2026-02-06,-17.4651,-0.043894,time,1,397.89,put_wing,1,condor|dte=35|iv_mode=vix_gt_sma20|short_delta=0.25|width=5.0
condor,holdout,SPY,2026-01-27,2026-02-06,-0.2580,-0.000674,time,1,382.57,call_wing,1,condor|dte=35|iv_mode=vix_gt_sma20|short_delta=0.25|width=5.0
condor,holdout,IWM,2026-01-29,2026-02-13,-4.8881,-0.012080,time,1,404.66,put_wing,0,condor|dte=35|iv_mode=vix_gt_sma20|short_delta=0.25|width=5.0
condor,holdout,QQQ,2026-02-09,2026-02-20,11.9659,0.030619,time,1,390.80,put_wing,1,condor|dte=35|iv_mode=vix_gt_sma20|short_delta=0.25|width=5.0
condor,holdout,QQQ,2026-02-10,2026-02-20,35.2651,0.092193,time,1,382.51,call_wing,1,condor|dte=35|iv_mode=vix_gt_sma20|short_delta=0.25|width=5.0
condor,holdout,SPY,2026-02-09,2026-02-20,-0.0699,-0.000177,time,1,395.69,put_wing,1,condor|dte=35|iv_mode=vix_gt_sma20|short_delta=0.25|width=5.0
condor,holdout,SPY,2026-02-10,2026-02-20,26.9171,0.069959,time,1,384.76,call_wing,1,condor|dte=35|iv_mode=vix_gt_sma20|short_delta=0.25|width=5.0
condor,holdout,IWM,2026-02-17,2026-03-06,-81.2902,-0.206178,time,1,394.27,put_wing,0,condor|dte=35|iv_mode=vix_gt_sma20|short_delta=0.25|width=5.0
condor,holdout,QQQ,2026-02-23,2026-03-06,-17.7162,-0.045204,time,1,391.91,put_wing,1,condor|dte=35|iv_mode=vix_gt_sma20|short_delta=0.25|width=5.0
condor,holdout,QQQ,2026-02-24,2026-03-06,31.5253,0.081585,time,1,386.41,call_wing,1,condor|dte=35|iv_mode=vix_gt_sma20|short_delta=0.25|width=5.0
condor,holdout,SPY,2026-02-23,2026-03-06,-70.1213,-0.177966,time,1,394.01,put_wing,1,condor|dte=35|iv_mode=vix_gt_sma20|short_delta=0.25|width=5.0
condor,holdout,SPY,2026-02-24,2026-03-06,40.4377,0.105791,time,1,382.24,call_wing,1,condor|dte=35|iv_mode=vix_gt_sma20|short_delta=0.25|width=5.0
condor,holdout,QQQ,2026-03-09,2026-03-20,-9.0183,-0.023277,time,1,387.43,put_wing,1,condor|dte=35|iv_mode=vix_gt_sma20|short_delta=0.25|width=5.0
condor,holdout,QQQ,2026-03-10,2026-03-20,91.1071,0.236493,time,1,385.24,call_wing,1,condor|dte=35|iv_mode=vix_gt_sma20|short_delta=0.25|width=5.0
condor,holdout,SPY,2026-03-09,2026-03-20,-22.5922,-0.058287,time,1,387.60,put_wing,1,condor|dte=35|iv_mode=vix_gt_sma20|short_delta=0.25|width=5.0
condor,holdout,SPY,2026-03-10,2026-03-20,98.4627,0.257260,time,1,382.74,call_wing,1,condor|dte=35|iv_mode=vix_gt_sma20|short_delta=0.25|width=5.0
condor,holdout,QQQ,2026-03-26,2026-04-08,55.3122,0.142112,target,1,389.22,put_wing,0,condor|dte=35|iv_mode=vix_gt_sma20|short_delta=0.25|width=5.0
condor,holdout,IWM,2026-03-25,2026-04-10,82.6793,0.212275,time,1,389.49,put_wing,1,condor|dte=35|iv_mode=vix_gt_sma20|short_delta=0.25|width=5.0
condor,holdout,IWM,2026-03-26,2026-04-10,-61.2958,-0.154472,time,1,396.81,call_wing,1,condor|dte=35|iv_mode=vix_gt_sma20|short_delta=0.25|width=5.0
condor,holdout,IWM,2026-05-18,2026-05-26,55.9705,0.141304,touch_gap,1,396.10,put_wing,1,condor|dte=35|iv_mode=vix_gt_sma20|short_delta=0.25|width=5.0
condor,holdout,IWM,2026-05-19,2026-05-26,-143.9508,-0.362226,touch_gap,1,397.41,call_wing,1,condor|dte=35|iv_mode=vix_gt_sma20|short_delta=0.25|width=5.0
condor,holdout,SPY,2026-05-20,2026-06-05,86.7910,0.221279,target,1,392.22,put_wing,1,condor|dte=35|iv_mode=vix_gt_sma20|short_delta=0.25|width=5.0
condor,holdout,SPY,2026-05-21,2026-06-05,24.8214,0.064600,target,1,384.23,call_wing,1,condor|dte=35|iv_mode=vix_gt_sma20|short_delta=0.25|width=5.0
condor,holdout,QQQ,2026-06-09,2026-06-22,56.7668,0.146947,target,1,386.31,put_wing,0,condor|dte=35|iv_mode=vix_gt_sma20|short_delta=0.25|width=5.0
condor,holdout,IWM,2026-06-08,2026-06-22,81.7262,0.206956,time,1,394.90,put_wing,1,condor|dte=35|iv_mode=vix_gt_sma20|short_delta=0.25|width=5.0
condor,holdout,IWM,2026-06-09,2026-06-22,-80.8948,-0.204852,time,1,394.89,call_wing,1,condor|dte=35|iv_mode=vix_gt_sma20|short_delta=0.25|width=5.0
condor,holdout,SPY,2026-06-08,2026-06-22,52.0576,0.132463,time,1,393.00,put_wing,1,condor|dte=35|iv_mode=vix_gt_sma20|short_delta=0.25|width=5.0
condor,holdout,SPY,2026-06-09,2026-06-22,52.5851,0.136777,time,1,384.46,call_wing,1,condor|dte=35|iv_mode=vix_gt_sma20|short_delta=0.25|width=5.0
condor,holdout,SPY,2026-06-24,2026-07-02,53.9107,0.137521,target,1,392.02,put_wing,0,condor|dte=35|iv_mode=vix_gt_sma20|short_delta=0.25|width=5.0
condor,holdout,IWM,2026-06-24,2026-07-10,42.4960,0.107447,target,1,395.51,put_wing,1,condor|dte=35|iv_mode=vix_gt_sma20|short_delta=0.25|width=5.0
condor,holdout,IWM,2026-06-25,2026-07-10,64.5112,0.165347,target,1,390.16,call_wing,1,condor|dte=35|iv_mode=vix_gt_sma20|short_delta=0.25|width=5.0
condor,holdout,QQQ,2026-06-24,2026-07-10,52.6263,0.137644,target,1,382.34,put_wing,1,condor|dte=35|iv_mode=vix_gt_sma20|short_delta=0.25|width=5.0
condor,holdout,QQQ,2026-06-25,2026-07-10,63.9060,0.166301,target,1,384.28,call_wing,1,condor|dte=35|iv_mode=vix_gt_sma20|short_delta=0.25|width=5.0
condor,holdout,QQQ,2026-07-14,2026-07-27,-108.0834,-0.280628,touch,1,385.15,put_wing,1,condor|dte=35|iv_mode=vix_gt_sma20|short_delta=0.25|width=5.0
condor,holdout,QQQ,2026-07-15,2026-07-27,98.1415,0.255581,touch,1,383.99,call_wing,1,condor|dte=35|iv_mode=vix_gt_sma20|short_delta=0.25|width=5.0
condor,holdout,SPY,2026-07-14,2026-07-31,13.1963,0.033603,time,1,392.71,put_wing,0,condor|dte=35|iv_mode=vix_gt_sma20|short_delta=0.25|width=5.0
condor,holdout,IWM,2026-07-14,2026-07-31,2.2652,0.005706,time,1,396.97,put_wing,1,condor|dte=35|iv_mode=vix_gt_sma20|short_delta=0.25|width=5.0
condor,holdout,IWM,2026-07-15,2026-07-31,66.4775,0.167641,time,1,396.55,call_wing,1,condor|dte=35|iv_mode=vix_gt_sma20|short_delta=0.25|width=5.0
condor,holdout,IWM,2026-09-03,2026-09-15,-97.7013,-0.242809,stop,1,402.38,put_wing,0,condor|dte=35|iv_mode=vix_gt_sma20|short_delta=0.25|width=5.0
condor,holdout,QQQ,2026-09-02,2026-09-18,64.2116,0.164915,time,1,389.36,put_wing,1,condor|dte=35|iv_mode=vix_gt_sma20|short_delta=0.25|width=5.0
condor,holdout,QQQ,2026-09-03,2026-09-18,-2.0943,-0.005479,time,1,382.22,call_wing,1,condor|dte=35|iv_mode=vix_gt_sma20|short_delta=0.25|width=5.0
condor,holdout,SPY,2026-09-02,2026-09-18,26.3043,0.066772,time,1,393.94,put_wing,1,condor|dte=35|iv_mode=vix_gt_sma20|short_delta=0.25|width=5.0
condor,holdout,SPY,2026-09-03,2026-09-18,65.3520,0.170992,time,1,382.19,call_wing,1,condor|dte=35|iv_mode=vix_gt_sma20|short_delta=0.25|width=5.0
condor,holdout,SPY,2026-09-25,2026-09-30,-22.7566,-0.057664,window_mtm,1,394.64,put_wing,1,condor|dte=35|iv_mode=vix_gt_sma20|short_delta=0.25|width=5.0
condor,holdout,SPY,2026-09-28,2026-09-30,17.7914,0.046415,window_mtm,1,383.31,call_wing,1,condor|dte=35|iv_mode=vix_gt_sma20|short_delta=0.25|width=5.0
butterfly,is_default,SPY,2018-01-05,2018-01-12,100.7549,0.302252,touch,1,333.35,fly_debit,1,butterfly|dte=21|rv_filter=rv10_lt_rv60|width=5.0
butterfly,is_default,SPY,2018-01-08,2018-01-12,-124.0825,-0.389882,touch,1,318.26,fly_credit,1,butterfly|dte=21|rv_filter=rv10_lt_rv60|width=5.0
butterfly,is_default,IWM,2018-01-04,2018-01-19,109.7093,0.310171,time,1,353.71,fly_debit,1,butterfly|dte=21|rv_filter=rv10_lt_rv60|width=5.0
butterfly,is_default,IWM,2018-01-05,2018-01-19,-164.1190,-0.479611,time,1,342.19,fly_credit,1,butterfly|dte=21|rv_filter=rv10_lt_rv60|width=5.0
butterfly,is_default,SPY,2018-01-17,2018-01-22,86.5118,0.264711,target,1,326.82,fly_debit,0,butterfly|dte=21|rv_filter=rv10_lt_rv60|width=5.0
butterfly,is_default,QQQ,2018-01-16,2018-02-02,-23.9390,-0.072092,time,1,332.06,fly_debit,1,butterfly|dte=21|rv_filter=rv10_lt_rv60|width=5.0
butterfly,is_default,QQQ,2018-01-17,2018-02-02,46.0840,0.133852,time,1,344.29,fly_credit,1,butterfly|dte=21|rv_filter=rv10_lt_rv60|width=5.0
butterfly,is_default,IWM,2018-02-02,2018-02-05,-171.7735,-0.500233,stop,1,343.39,fly_debit,0,butterfly|dte=21|rv_filter=rv10_lt_rv60|width=5.0
butterfly,is_default,SPY,2018-02-26,2018-03-01,-158.7645,-0.500252,stop,1,317.37,fly_debit,0,butterfly|dte=21|rv_filter=rv10_lt_rv60|width=5.0
butterfly,is_default,IWM,2018-02-26,2018-03-01,-145.0635,-0.436927,touch,1,332.01,fly_debit,1,butterfly|dte=21|rv_filter=rv10_lt_rv60|width=5.0
butterfly,is_default,IWM,2018-02-27,2018-03-01,112.5917,0.353380,touch,1,318.61,fly_credit,1,butterfly|dte=21|rv_filter=rv10_lt_rv60|width=5.0
butterfly,is_default,QQQ,2018-02-26,2018-03-01,-55.6522,-0.164191,touch,1,338.95,fly_debit,1,butterfly|dte=21|rv_filter=rv10_lt_rv60|width=5.0
butterfly,is_default,QQQ,2018-02-27,2018-03-01,73.9051,0.275521,touch,1,268.24,fly_credit,1,butterfly|dte=21|rv_filter=rv10_lt_rv60|width=5.0
butterfly,is_default,IWM,2018-03-02,2018-03-05,90.3296,0.283005,target,1,319.18,fly_debit,0,butterfly|dte=21|rv_filter=rv10_lt_rv60|width=5.0
butterfly,is_default,SPY,2018-03-05,2018-03-08,96.3969,0.313949,target,1,307.05,fly_debit,0,butterfly|dte=21|rv_filter=rv10_lt_rv60|width=5.0
butterfly,is_default,QQQ,2018-03-05,2018-03-09,111.8975,0.334487,touch_gap,1,334.53,fly_debit,1,butterfly|dte=21|rv_filter=rv10_lt_rv60|width=5.0
butterfly,is_default,QQQ,2018-03-06,2018-03-09,-154.1896,-0.371266,touch_gap,2,415.31,fly_credit,1,butterfly|dte=21|rv_filter=rv10_lt_rv60|width=5.0
butterfly,is_default,SPY,2018-03-09,2018-03-19,-50.1530,-0.162190,touch,1,309.22,fly_debit,1,butterfly|dte=21|rv_filter=rv10_lt_rv60|width=5.0
butterfly,is_default,SPY,2018-03-12,2018-03-19,292.0855,0.658925,touch,2,443.28,fly_credit,1,butterfly|dte=21|rv_filter=rv10_lt_rv60|width=5.0
butterfly,is_default,QQQ,2018-03-12,2018-03-19,-164.7223,-0.495105,touch,1,332.70,fly_debit,1,butterfly|dte=21|rv_filter=rv10_lt_rv60|width=5.0
butterfly,is_default,QQQ,2018-03-13,2018-03-19,165.6032,0.556127,touch,1,297.78,fly_credit,1,butterfly|dte=21|rv_filter=rv10_lt_rv60|width=5.0
butterfly,is_default,IWM,2018-03-14,2018-03-22,-171.3140,-0.500234,stop,1,342.47,fly_debit,0,butterfly|dte=21|rv_filter=rv10_lt_rv60|width=5.0
butterfly,is_default,SPY,2018-03-20,2018-03-22,-48.6203,-0.160605,touch,1,302.73,fly_debit,1,butterfly|dte=21|rv_filter=rv10_lt_rv60|width=5.0
butterfly,is_default,SPY,2018-03-21,2018-03-22,48.2383,0.173723,touch,1,277.67,fly_credit,1,butterfly|dte=21|rv_filter=rv10_lt_rv60|width=5.0
butterfly,is_default,QQQ,2018-03-20,2018-03-23,-95.2540,-0.297260,touch,1,320.44,fly_debit,1,butterfly|dte=21|rv_filter=rv10_lt_rv60|width=5.0
butterfly,is_default,QQQ,2018-03-21,2018-03-23,73.6094,0.258713,touch,1,284.52,fly_credit,1,butterfly|dte=21|rv_filter=rv10_lt_rv60|width=5.0
butterfly,is_default,SPY,2018-03-23,2018-03-27,29.2657,0.096679,touch,1,302.71,fly_debit,1,butterfly|dte=21|rv_filter=rv10_lt_rv60|width=5.0
butterfly,is_default,SPY,2018-03-26,2018-03-27,-62.5014,-0.209761,touch,1,297.96,fly_credit,1,butterfly|dte=21|rv_filter=rv10_lt_rv60|width=5.0
butterfly,is_default,QQQ,2018-03-26,2018-04-02,-154.4293,-0.500259,stop,1,308.70,fly_debit,0,butterfly|dte=21|rv_filter=rv10_lt_rv60|width=5.0
butterfly,is_default,IWM,2018-03-23,2018-04-02,-53.8944,-0.170607,touch,1,315.90,fly_debit,1,butterfly|dte=21|rv_filter=rv10_lt_rv60|width=5.0
butterfly,is_default,IWM,2018-03-26,2018-04-02,55.8699,0.165200,touch,1,338.19,fly_credit,1,butterfly|dte=21|rv_filter=rv10_lt_rv60|width=5.0
butterfly,is_default,SPY,2018-04-17,2018-04-24,-157.8502,-0.500254,stop,1,315.54,fly_debit,0,butterfly|dte=21|rv_filter=rv10_lt_rv60|width=5.0
butterfly,is_default,QQQ,2018-04-17,2018-04-24,-36.9134,-0.112531,touch,1,328.03,fly_debit,1,butterfly|dte=21|rv_filter=rv10_lt_rv60|width=5.0
butterfly,is_default,QQQ,2018-04-18,2018-04-24,165.4887,0.338298,touch,2,489.18,fly_credit,1,butterfly|dte=21|rv_filter=rv10_lt_rv60|width=5.0
butterfly,is_default,QQQ,2018-04-25,2018-04-27,102.5375,0.327935,touch_gap,1,312.68,fly_debit,1,butterfly|dte=21|rv_filter=rv10_lt_rv60|width=5.0
butterfly,is_default,QQQ,2018-04-26,2018-04-27,-90.3554,-0.356801,touch_gap,1,253.24,fly_credit,1,butterfly|dte=21|rv_filter=rv10_lt_rv60|width=5.0
butterfly,is_default,IWM,2018-04-17,2018-05-04,22.2967,0.064800,time,1,344.08,fly_debit,1,butterfly|dte=21|rv_filter=rv10_lt_rv60|width=5.0
butterfly,is_default,IWM,2018-04-18,2018-05-04,107.5588,0.401656,time,1,267.79,fly_credit,1,butterfly|dte=21|rv_filter=rv10_lt_rv60|width=5.0
butterfly,is_default,SPY,2018-04-25,2018-05-07,96.4940,0.314464,target,1,306.85,fly_debit,0,butterfly|dte=21|rv_filter=rv10_lt_rv60|width=5.0
butterfly,is_default,QQQ,2018-04-30,2018-05-09,108.5211,0.314315,touch,1,345.26,fly_debit,1,butterfly|dte=21|rv_filter=rv10_lt_rv60|width=5.0
butterfly,is_default,QQQ,2018-05-01,2018-05-09,-187.3275,-0.544661,touch,1,343.93,fly_credit,1,butterfly|dte=21|rv_filter=rv10_lt_rv60|width=5.0
butterfly,is_default,SPY,2018-05-08,2018-05-10,87.2723,0.268286,target,1,325.30,fly_debit,0,butterfly|dte=21|rv_filter=rv10_lt_rv60|width=5.0
butterfly,is_default,IWM,2018-05-07,2018-05-16,100.6335,0.280189,touch,1,359.16,fly_debit,1,butterfly|dte=21|rv_filter=rv10_lt_rv60|width=5.0
butterfly,is_default,IWM,2018-05-08,2018-05-16,-114.6409,-0.386476,touch,1,296.63,fly_credit,1,butterfly|dte=21|rv_filter=rv10_lt_rv60|width=5.0
butterfly,is_default,SPY,2018-05-11,2018-05-25,45.1619,0.136883,time,1,329.93,fly_debit,0,butterfly|dte=21|rv_filter=rv10_lt_rv60|width=5.0
butterfly,is_default,QQQ,2018-05-10,2018-05-25,98.5258,0.286580,time,1,343.80,fly_debit,1,butterfly|dte=21|rv_filter=rv10_lt_rv60|width=5.0
butterfly,is_default,QQQ,2018-05-11,2018-05-25,8.6238,0.032186,time,1,267.94,fly_credit,1,butterfly|dte=21|rv_filter=rv10_lt_rv60|width=5.0
butterfly,is_default,IWM,2018-05-17,2018-06-01,109.6317,0.315758,time,1,347.20,fly_debit,1,butterfly|dte=21|rv_filter=rv10_lt_rv60|width=5.0
butterfly,is_default,IWM,2018-05-18,2018-06-01,-80.3715,-0.274576,time,1,292.71,fly_credit,1,butterfly|dte=21|rv_filter=rv10_lt_rv60|width=5.0
butterfly,is_default,SPY,2018-05-29,2018-06-04,85.9711,0.262189,target,1,327.90,fly_debit,0,butterfly|dte=21|rv_filter=rv10_lt_rv60|width=5.0
butterfly,is_default,QQQ,2018-05-29,2018-06-04,98.4403,0.293023,touch,1,335.95,fly_debit,1,butterfly|dte=21|rv_filter=rv10_lt_rv60|width=5.0
butterfly,is_default,QQQ,2018-05-30,2018-06-04,-112.0229,-0.394593,touch,1,283.89,fly_credit,1,butterfly|dte=21|rv_filter=rv10_lt_rv60|width=5.0
butterfly,is_default,SPY,2018-06-05,2018-06-13,88.0631,0.272040,target,1,323.71,fly_debit,0,butterfly|dte=21|rv_filter=rv10_lt_rv60|width=5.0
butterfly,is_default,IWM,2018-06-04,2018-06-15,114.3817,0.313347,time,1,365.03,fly_debit,1,butterfly|dte=21|rv_filter=rv10_lt_rv60|width=5.0
butterfly,is_default,IWM,2018-06-05,2018-06-15,-154.9823,-0.497175,time,1,311.73,fly_credit,1,butterfly|dte=21|rv_filter=rv10_lt_rv60|width=5.0
butterfly,is_default,QQQ,2018-06-05,2018-06-22,38.0342,0.115238,time,1,330.05,fly_debit,1,butterfly|dte=21|rv_filter=rv10_lt_rv60|width=5.0
butterfly,is_default,QQQ,2018-06-06,2018-06-22,13.5264,0.043965,time,1,307.66,fly_credit,1,butterfly|dte=21|rv_filter=rv10_lt_rv60|width=5.0
butterfly,is_default,SPY,2018-06-14,2018-06-25,-161.7872,-0.500247,stop,1,323.41,fly_debit,0,butterfly|dte=21|rv_filter=rv10_lt_rv60|width=5.0
butterfly,is_default,IWM,2018-06-18,2018-06-29,-133.0850,-0.369807,time,1,359.88,fly_debit,1,butterfly|dte=21|rv_filter=rv10_lt_rv60|width=5.0
butterfly,is_default,IWM,2018-06-19,2018-06-29,141.2198,0.450923,time,1,313.18,fly_credit,1,butterfly|dte=21|rv_filter=rv10_lt_rv60|width=5.0
butterfly,is_default,QQQ,2018-06-25,2018-07-06,69.8742,0.210525,time,1,331.90,fly_debit,0,butterfly|dte=21|rv_filter=rv10_lt_rv60|width=5.0
butterfly,is_default,SPY,2018-06-26,2018-07-09,133.0991,0.439651,touch,1,302.74,fly_debit,1,butterfly|dte=21|rv_filter=rv10_lt_rv60|width=5.0
butterfly,is_default,SPY,2018-06-27,2018-07-09,-113.1284,-0.409324,touch,1,276.38,fly_credit,1,butterfly|dte=21|rv_filter=rv10_lt_rv60|width=5.0
butterfly,is_default,QQQ,2018-07-13,2018-07-24,76.3800,0.220064,target,1,347.08,fly_debit,0,butterfly|dte=21|rv_filter=rv10_lt_rv60|width=5.0
butterfly,is_default,SPY,2018-07-11,2018-07-24,117.6561,0.359004,touch,1,327.73,fly_debit,1,butterfly|dte=21|rv_filter=rv10_lt_rv60|width=5.0
butterfly,is_default,SPY,2018-07-12,2018-07-24,-108.4519,-0.416384,touch,1,260.46,fly_credit,1,butterfly|dte=21|rv_filter=rv10_lt_rv60|width=5.0
butterfly,is_default,IWM,2018-07-13,2018-07-27,-96.5612,-0.282684,time,1,341.59,fly_debit,1,butterfly|dte=21|rv_filter=rv10_lt_rv60|width=5.0
butterfly,is_default,IWM,2018-07-16,2018-07-27,134.1089,0.394654,time,1,339.81,fly_credit,1,butterfly|dte=21|rv_filter=rv10_lt_rv60|width=5.0
butterfly,is_default,QQQ,2018-07-25,2018-07-30,-71.9144,-0.211864,touch,1,339.44,fly_debit,1,butterfly|dte=21|rv_filter=rv10_lt_rv60|width=5.0
butterfly,is_default,QQQ,2018-07-26,2018-07-30,66.5532,0.226970,touch,1,293.22,fly_credit,1,butterfly|dte=21|rv_filter=rv10_lt_rv60|width=5.0
butterfly,is_default,SPY,2018-07-25,2018-08-06,84.2525,0.254282,target,1,331.34,fly_debit,0,butterfly|dte=21|rv_filter=rv10_lt_rv60|width=5.0
butterfly,is_default,QQQ,2018-08-13,2018-08-24,80.5727,0.237892,target,1,338.69,fly_debit,0,butterfly|dte=21|rv_filter=rv10_lt_rv60|width=5.0
butterfly,is_default,SPY,2018-08-07,2018-08-24,93.2929,0.277187,time,1,336.57,fly_debit,1,butterfly|dte=21|rv_filter=rv10_lt_rv60|width=5.0
butterfly,is_default,SPY,2018-08-08,2018-08-24,-60.8605,-0.210973,time,1,288.47,fly_credit,1,butterfly|dte=21|rv_filter=rv10_lt_rv60|width=5.0
butterfly,is_default,IWM,2018-08-13,2018-08-24,130.0467,0.377528,time,1,344.47,fly_debit,1,butterfly|dte=21|rv_filter=rv10_lt_rv60|width=5.0
butterfly,is_default,IWM,2018-08-14,2018-08-24,-192.7798,-0.530719,time,1,363.24,fly_credit,1,butterfly|dte=21|rv_filter=rv10_lt_rv60|width=5.0
butterfly,is_default,QQQ,2018-08-27,2018-09-07,-69.9020,-0.194371,time,1,359.63,fly_debit,1,butterfly|dte=21|rv_filter=rv10_lt_rv60|width=5.0
butterfly,is_default,QQQ,2018-08-28,2018-09-07,152.4418,0.593642,time,1,256.79,fly_credit,1,butterfly|dte=21|rv_filter=rv10_lt_rv60|width=5.0
butterfly,is_default,SPY,2018-08-27,2018-09-07,-29.2040,-0.087906,time,1,332.22,fly_debit,1,butterfly|dte=21|rv_filter=rv10_lt_rv60|width=5.0
butterfly,is_default,SPY,2018-08-28,2018-09-07,100.1613,0.374149,time,1,267.70,fly_credit,1,butterfly|dte=21|rv_filter=rv10_lt_rv60|width=5.0
butterfly,is_default,IWM,2018-08-29,2018-09-14,23.5309,0.068286,time,1,344.60,fly_debit,0,butterfly|dte=21|rv_filter=rv10_lt_rv60|width=5.0
butterfly,is_default,QQQ,2018-09-10,2018-09-21,87.4097,0.260989,time,1,334.92,fly_debit,1,butterfly|dte=21|rv_filter=rv10_lt_rv60|width=5.0
butterfly,is_default,QQQ,2018-09-11,2018-09-21,-65.5884,-0.197043,time,1,332.86,fly_credit,1,butterfly|dte=21|rv_filter=rv10_lt_rv60|width=5.0
butterfly,is_default,SPY,2018-09-10,2018-09-21,117.7595,0.370365,time,1,317.96,fly_debit,1,butterfly|dte=21|rv_filter=rv10_lt_rv60|width=5.0
butterfly,is_default,SPY,2018-09-11,2018-09-21,-124.4670,-0.373624,time,1,333.13,fly_credit,1,butterfly|dte=21|rv_filter=rv10_lt_rv60|width=5.0
butterfly,is_default,IWM,2018-09-17,2018-09-28,-109.1368,-0.292975,time,1,372.51,fly_debit,0,butterfly|dte=21|rv_filter=rv10_lt_rv60|width=5.0
butterfly,is_default,SPY,2018-09-24,2018-10-05,-100.5150,-0.292546,time,1,343.59,fly_debit,1,butterfly|dte=21|rv_filter=rv10_lt_rv60|width=5.0
butterfly,is_default,SPY,2018-09-25,2018-10-05,114.6338,0.399853,time,1,286.69,fly_credit,1,butterfly|dte=21|rv_filter=rv10_lt_rv60|width=5.0
butterfly,is_default,QQQ,2018-09-27,2018-10-05,-70.1787,-0.212555,touch,1,330.17,fly_debit,1,butterfly|dte=21|rv_filter=rv10_lt_rv60|width=5.0
butterfly,is_default,QQQ,2018-09-28,2018-10-05,67.7125,0.230547,touch,1,293.70,fly_credit,1,butterfly|dte=21|rv_filter=rv10_lt_rv60|width=5.0
butterfly,is_default,SPY,2018-10-08,2018-10-10,-11.3441,-0.035094,touch,1,323.24,fly_debit,1,butterfly|dte=21|rv_filter=rv10_lt_rv60|width=5.0
butterfly,is_default,SPY,2018-10-09,2018-10-10,5.7583,0.020576,touch,1,279.85,fly_credit,1,butterfly|dte=21|rv_filter=rv10_lt_rv60|width=5.0
butterfly,is_default,SPY,2018-11-23,2018-11-27,46.8647,0.151003,touch,1,310.36,fly_debit,1,butterfly|dte=21|rv_filter=rv10_lt_rv60|width=5.0
butterfly,is_default,SPY,2018-11-26,2018-11-27,-38.4707,-0.082626,touch,2,465.60,fly_credit,1,butterfly|dte=21|rv_filter=rv10_lt_rv60|width=5.0
butterfly,is_default,QQQ,2018-11-23,2018-11-28,89.8892,0.282571,touch_gap,1,318.11,fly_debit,1,butterfly|dte=21|rv_filter=rv10_lt_rv60|width=5.0
butterfly,is_default,QQQ,2018-11-26,2018-11-28,-150.2278,-0.313879,touch_gap,2,478.62,fly_credit,1,butterfly|dte=21|rv_filter=rv10_lt_rv60|width=5.0
butterfly,is_default,IWM,2018-12-20,2018-12-21,-33.2638,-0.107497,touch,1,309.44,fly_debit,1,butterfly|dte=21|rv_filter=rv10_lt_rv60|width=5.0
butterfly,is_default,IWM,2018-12-21,2018-12-21,-8.0800,-0.025134,touch,1,321.47,fly_credit,1,butterfly|dte=21|rv_filter=rv10_lt_rv60|width=5.0
butterfly,is_default,QQQ,2018-12-20,2018-12-21,-25.9042,-0.082975,touch,1,312.19,fly_debit,1,butterfly|dte=21|rv_filter=rv10_lt_rv60|width=5.0
butterfly,is_default,QQQ,2018-12-21,2018-12-21,-8.0800,-0.027017,touch,1,299.07,fly_credit,1,butterfly|dte=21|rv_filter=rv10_lt_rv60|width=5.0
butterfly,is_default,SPY,2018-12-20,2018-12-24,-148.2229,-0.500270,stop,1,296.29,fly_debit,0,butterfly|dte=21|rv_filter=rv10_lt_rv60|width=5.0
butterfly,is_default,QQQ,2018-12-24,2018-12-26,-28.4887,-0.091435,touch,1,311.57,fly_debit,1,butterfly|dte=21|rv_filter=rv10_lt_rv60|width=5.0
butterfly,is_default,QQQ,2018-12-26,2018-12-26,-8.0800,-0.027320,touch,1,295.75,fly_credit,1,butterfly|dte=21|rv_filter=rv10_lt_rv60|width=5.0
butterfly,is_default,SPY,2018-12-26,2018-12-27,106.9800,0.374213,target,1,285.88,fly_debit,0,butterfly|dte=21|rv_filter=rv10_lt_rv60|width=5.0
butterfly,is_default,IWM,2018-12-24,2018-12-28,77.0778,0.244926,touch,1,314.70,fly_debit,1,butterfly|dte=21|rv_filter=rv10_lt_rv60|width=5.0
butterfly,is_default,IWM,2018-12-26,2018-12-28,-137.1413,-0.420154,touch,1,326.41,fly_credit,1,butterfly|dte=21|rv_filter=rv10_lt_rv60|width=5.0
butterfly,is_default,SPY,2019-01-11,2019-01-17,96.5524,0.314775,target,1,306.74,fly_debit,0,butterfly|dte=21|rv_filter=rv10_lt_rv60|width=5.0
butterfly,is_default,QQQ,2019-01-11,2019-01-18,95.2554,0.293348,touch,1,324.72,fly_debit,1,butterfly|dte=21|rv_filter=rv10_lt_rv60|width=5.0
butterfly,is_default,QQQ,2019-01-14,2019-01-18,-143.0768,-0.459102,touch,1,311.64,fly_credit,1,butterfly|dte=21|rv_filter=rv10_lt_rv60|width=5.0
butterfly,is_default,IWM,2019-01-11,2019-01-25,130.3980,0.396070,time,1,329.23,fly_debit,1,butterfly|dte=21|rv_filter=rv10_lt_rv60|width=5.0
butterfly,is_default,IWM,2019-01-14,2019-01-25,-161.6227,-0.509573,time,1,317.17,fly_credit,1,butterfly|dte=21|rv_filter=rv10_lt_rv60|width=5.0
butterfly,is_default,QQQ,2019-01-22,2019-01-31,88.5824,0.274525,target,1,322.68,fly_debit,0,butterfly|dte=21|rv_filter=rv10_lt_rv60|width=5.0
butterfly,is_default,SPY,2019-01-18,2019-01-31,70.8847,0.225683,touch,1,314.09,fly_debit,1,butterfly|dte=21|rv_filter=rv10_lt_rv60|width=5.0
butterfly,is_default,SPY,2019-01-22,2019-01-31,-63.7328,-0.218731,touch,1,291.38,fly_credit,1,butterfly|dte=21|rv_filter=rv10_lt_rv60|width=5.0
butterfly,is_default,IWM,2019-01-28,2019-02-05,135.3748,0.400490,touch_gap,1,338.02,fly_debit,1,butterfly|dte=21|rv_filter=rv10_lt_rv60|width=5.0
butterfly,is_default,IWM,2019-01-29,2019-02-05,-166.2007,-0.577207,touch_gap,1,287.94,fly_credit,1,butterfly|dte=21|rv_filter=rv10_lt_rv60|width=5.0
butterfly,is_default,SPY,2019-02-01,2019-02-12,90.1251,0.282003,target,1,319.59,fly_debit,0,butterfly|dte=21|rv_filter=rv10_lt_rv60|width=5.0
butterfly,is_default,QQQ,2019-02-01,2019-02-13,123.7076,0.366912,touch,1,337.16,fly_debit,1,butterfly|dte=21|rv_filter=rv10_lt_rv60|width=5.0
butterfly,is_default,QQQ,2019-02-04,2019-02-13,-148.8378,-0.509811,touch,1,291.95,fly_credit,1,butterfly|dte=21|rv_filter=rv10_lt_rv60|width=5.0
butterfly,is_default,IWM,2019-02-06,2019-02-15,99.4097,0.293385,touch,1,338.84,fly_debit,1,butterfly|dte=21|rv_filter=rv10_lt_rv60|width=5.0
butterfly,is_default,IWM,2019-02-07,2019-02-15,-166.3488,-0.478539,touch,1,347.62,fly_credit,1,butterfly|dte=21|rv_filter=rv10_lt_rv60|width=5.0
butterfly,is_default,QQQ,2019-02-14,2019-02-25,80.3688,0.237005,target,1,339.10,fly_debit,0,butterfly|dte=21|rv_filter=rv10_lt_rv60|width=5.0
butterfly,is_default,SPY,2019-02-13,2019-02-25,132.7869,0.419396,touch_gap,1,316.61,fly_debit,1,butterfly|dte=21|rv_filter=rv10_lt_rv60|width=5.0
butterfly,is_default,SPY,2019-02-14,2019-02-25,-175.4572,-0.571943,touch_gap,1,306.77,fly_credit,1,butterfly|dte=21|rv_filter=rv10_lt_rv60|width=5.0
butterfly,is_default,IWM,2019-02-19,2019-03-08,-193.3336,-0.585476,touch_gap,1,330.22,fly_debit,1,butterfly|dte=21|rv_filter=rv10_lt_rv60|width=5.0
butterfly,is_default,IWM,2019-02-20,2019-03-08,193.0487,0.661675,touch_gap,1,291.76,fly_credit,1,butterfly|dte=21|rv_filter=rv10_lt_rv60|width=5.0
butterfly,is_default,SPY,2019-02-26,2019-03-13,90.7800,0.285221,target,1,318.28,fly_debit,0,butterfly|dte=21|rv_filter=rv10_lt_rv60|width=5.0
butterfly,is_default,IWM,2019-03-11,2019-03-13,77.0638,0.222913,target,1,345.71,fly_debit,0,butterfly|dte=21|rv_filter=rv10_lt_rv60|width=5.0
butterfly,is_default,QQQ,2019-02-26,2019-03-15,140.8872,0.423682,touch,1,332.53,fly_debit,1,butterfly|dte=21|rv_filter=rv10_lt_rv60|width=5.0
butterfly,is_default,QQQ,2019-02-27,2019-03-15,-160.2866,-0.533955,touch,1,300.19,fly_credit,1,butterfly|dte=21|rv_filter=rv10_lt_rv60|width=5.0
butterfly,is_default,IWM,2019-03-14,2019-03-22,-18.0005,-0.052564,touch,1,342.45,fly_debit,1,butterfly|dte=21|rv_filter=rv10_lt_rv60|width=5.0
butterfly,is_default,IWM,2019-03-15,2019-03-22,17.0338,0.050651,touch,1,336.30,fly_credit,1,butterfly|dte=21|rv_filter=rv10_lt_rv60|width=5.0
butterfly,is_default,SPY,2019-03-14,2019-03-29,56.8813,0.172380,time,1,329.98,fly_debit,0,butterfly|dte=21|rv_filter=rv10_lt_rv60|width=5.0
butterfly,is_default,QQQ,2019-03-18,2019-03-29,62.2404,0.177791,time,1,350.08,fly_debit,1,butterfly|dte=21|rv_filter=rv10_lt_rv60|width=5.0
butterfly,is_default,QQQ,2019-03-19,2019-03-29,-10.5658,-0.038219,time,1,276.45,fly_credit,1,butterfly|dte=21|rv_filter=rv10_lt_rv60|width=5.0
butterfly,is_default,QQQ,2019-04-01,2019-04-12,138.5906,0.419312,time,1,330.52,fly_debit,1,butterfly|dte=21|rv_filter=rv10_lt_rv60|width=5.0
butterfly,is_default,QQQ,2019-04-02,2019-04-12,-143.1707,-0.467576,time,1,306.20,fly_credit,1,butterfly|dte=21|rv_filter=rv10_lt_rv60|width=5.0
butterfly,is_default,SPY,2019-04-08,2019-04-16,81.9772,0.244063,target,1,335.89,fly_debit,0,butterfly|dte=21|rv_filter=rv10_lt_rv60|width=5.0
butterfly,is_default,IWM,2019-04-08,2019-04-22,-40.1737,-0.114585,time,1,350.60,fly_debit,1,butterfly|dte=21|rv_filter=rv10_lt_rv60|width=5.0
butterfly,is_default,IWM,2019-04-09,2019-04-22,128.5015,0.369184,time,1,348.07,fly_credit,1,butterfly|dte=21|rv_filter=rv10_lt_rv60|width=5.0
butterfly,is_default,QQQ,2019-04-15,2019-04-25,121.0365,0.352575,touch_gap,1,343.29,fly_debit,1,butterfly|dte=21|rv_filter=rv10_lt_rv60|width=5.0
butterfly,is_default,QQQ,2019-04-16,2019-04-25,-168.5727,-0.567259,touch_gap,1,297.17,fly_credit,1,butterfly|dte=21|rv_filter=rv10_lt_rv60|width=5.0
butterfly,is_default,IWM,2019-04-23,2019-04-29,75.6377,0.216998,target,1,348.56,fly_debit,0,butterfly|dte=21|rv_filter=rv10_lt_rv60|width=5.0
butterfly,is_default,SPY,2019-04-17,2019-05-01,83.1946,0.249496,target,1,333.45,fly_debit,0,butterfly|dte=21|rv_filter=rv10_lt_rv60|width=5.0
butterfly,is_default,QQQ,2019-04-26,2019-05-07,-63.5155,-0.186826,touch,1,339.97,fly_debit,1,butterfly|dte=21|rv_filter=rv10_lt_rv60|width=5.0
butterfly,is_default,QQQ,2019-04-29,2019-05-07,88.7844,0.306266,touch,1,289.89,fly_credit,1,butterfly|dte=21|rv_filter=rv10_lt_rv60|width=5.0
butterfly,is_default,IWM,2019-04-30,2019-05-09,-105.5915,-0.309524,touch,1,341.14,fly_debit,1,butterfly|dte=21|rv_filter=rv10_lt_rv60|width=5.0
butterfly,is_default,IWM,2019-05-01,2019-05-09,67.0893,0.210755,touch,1,318.33,fly_credit,1,butterfly|dte=21|rv_filter=rv10_lt_rv60|width=5.0
butterfly,is_default,SPY,2019-05-02,2019-05-10,-155.2283,-0.500258,stop,1,310.30,fly_debit,0,butterfly|dte=21|rv_filter=rv10_lt_rv60|width=5.0
butterfly,is_default,QQQ,2019-05-31,2019-06-03,-33.2078,-0.104622,touch,1,317.41,fly_debit,1,butterfly|dte=21|rv_filter=rv10_lt_rv60|width=5.0
butterfly,is_default,QQQ,2019-06-03,2019-06-03,-8.0800,-0.024777,touch,1,326.11,fly_credit,1,butterfly|dte=21|rv_filter=rv10_lt_rv60|width=5.0
butterfly,is_default,SPY,2019-06-03,2019-06-05,90.9268,0.285946,target,1,317.99,fly_debit,0,butterfly|dte=21|rv_filter=rv10_lt_rv60|width=5.0
butterfly,is_default,IWM,2019-05-30,2019-06-14,125.1797,0.387480,time,1,323.06,fly_debit,1,butterfly|dte=21|rv_filter=rv10_lt_rv60|width=5.0
butterfly,is_default,IWM,2019-05-31,2019-06-14,-162.9459,-0.427085,time,1,381.53,fly_credit,1,butterfly|dte=21|rv_filter=rv10_lt_rv60|width=5.0
butterfly,is_default,SPY,2019-06-17,2019-06-20,105.2078,0.336321,touch_gap,1,312.82,fly_debit,1,butterfly|dte=21|rv_filter=rv10_lt_rv60|width=5.0
butterfly,is_default,SPY,2019-06-18,2019-06-20,-107.0706,-0.413962,touch_gap,1,258.65,fly_credit,1,butterfly|dte=21|rv_filter=rv10_lt_rv60|width=5.0
butterfly,is_default,IWM,2019-06-17,2019-06-28,109.4418,0.320557,time,1,341.41,fly_debit,1,butterfly|dte=21|rv_filter=rv10_lt_rv60|width=5.0
butterfly,is_default,IWM,2019-06-18,2019-06-28,-89.4741,-0.323368,time,1,276.69,fly_credit,1,butterfly|dte=21|rv_filter=rv10_lt_rv60|width=5.0
butterfly,is_default,QQQ,2019-06-18,2019-07-01,91.0218,0.286415,target,1,317.80,fly_debit,0,butterfly|dte=21|rv_filter=rv10_lt_rv60|width=5.0
butterfly,is_default,SPY,2019-06-21,2019-07-05,144.4106,0.451181,time,1,320.07,fly_debit,1,butterfly|dte=21|rv_filter=rv10_lt_rv60|width=5.0
butterfly,is_default,SPY,2019-06-24,2019-07-05,-135.2232,-0.480041,time,1,281.69,fly_credit,1,butterfly|dte=21|rv_filter=rv10_lt_rv60|width=5.0
butterfly,is_default,QQQ,2019-07-02,2019-07-10,84.7937,0.256754,target,1,330.25,fly_debit,0,butterfly|dte=21|rv_filter=rv10_lt_rv60|width=5.0
butterfly,is_default,IWM,2019-07-01,2019-07-12,-31.6869,-0.096140,time,1,329.59,fly_debit,1,butterfly|dte=21|rv_filter=rv10_lt_rv60|width=5.0
butterfly,is_default,IWM,2019-07-02,2019-07-12,69.6040,0.176682,time,1,393.95,fly_credit,1,butterfly|dte=21|rv_filter=rv10_lt_rv60|width=5.0
butterfly,is_default,SPY,2019-07-08,2019-07-19,24.2836,0.073669,time,1,329.63,fly_debit,1,butterfly|dte=21|rv_filter=rv10_lt_rv60|width=5.0
butterfly,is_default,SPY,2019-07-09,2019-07-19,-14.3781,-0.043582,time,1,329.91,fly_credit,1,butterfly|dte=21|rv_filter=rv10_lt_rv60|width=5.0
butterfly,is_default,QQQ,2019-07-11,2019-07-26,85.1922,0.258585,target,1,329.46,fly_debit,0,butterfly|dte=21|rv_filter=rv10_lt_rv60|width=5.0
butterfly,is_default,IWM,2019-07-15,2019-07-26,40.6865,0.117883,time,1,345.14,fly_debit,1,butterfly|dte=21|rv_filter=rv10_lt_rv60|width=5.0
butterfly,is_default,IWM,2019-07-16,2019-07-26,-46.0938,-0.115257,time,1,399.92,fly_credit,1,butterfly|dte=21|rv_filter=rv10_lt_rv60|width=5.0
butterfly,is_default,QQQ,2019-07-29,2019-08-02,-175.0136,-0.507105,stop_gap,1,345.12,fly_debit,0,butterfly|dte=21|rv_filter=rv10_lt_rv60|width=5.0
butterfly,is_default,SPY,2019-07-22,2019-08-02,-94.0711,-0.298695,touch,1,314.94,fly_debit,1,butterfly|dte=21|rv_filter=rv10_lt_rv60|width=5.0
butterfly,is_default,SPY,2019-07-23,2019-08-02,122.8039,0.460940,touch,1,266.42,fly_credit,1,butterfly|dte=21|rv_filter=rv10_lt_rv60|width=5.0
butterfly,is_default,IWM,2019-07-29,2019-08-02,-132.1957,-0.368722,touch,1,358.52,fly_debit,1,butterfly|dte=21|rv_filter=rv10_lt_rv60|width=5.0
butterfly,is_default,IWM,2019-07-30,2019-08-02,17.7680,0.045644,touch,1,389.28,fly_credit,1,butterfly|dte=21|rv_filter=rv10_lt_rv60|width=5.0
butterfly,is_default,QQQ,2019-08-05,2019-08-13,83.0748,0.248958,target,1,333.69,fly_debit,0,butterfly|dte=21|rv_filter=rv10_lt_rv60|width=5.0
butterfly,is_default,SPY,2019-08-05,2019-08-16,17.5442,0.055696,time,1,315.00,fly_debit,0,butterfly|dte=21|rv_filter=rv10_lt_rv60|width=5.0
butterfly,is_default,SPY,2019-09-10,2019-09-12,58.4680,0.184632,touch,1,316.67,fly_debit,1,butterfly|dte=21|rv_filter=rv10_lt_rv60|width=5.0
butterfly,is_default,SPY,2019-09-11,2019-09-12,-54.2203,-0.214626,touch,1,252.63,fly_credit,1,butterfly|dte=21|rv_filter=rv10_lt_rv60|width=5.0
butterfly,is_default,SPY,2019-09-13,2019-09-24,-157.4258,-0.500254,stop,1,314.69,fly_debit,0,butterfly|dte=21|rv_filter=rv10_lt_rv60|width=5.0
butterfly,is_default,IWM,2019-09-12,2019-09-24,-42.5664,-0.126557,touch,1,336.34,fly_debit,1,butterfly|dte=21|rv_filter=rv10_lt_rv60|width=5.0
butterfly,is_default,IWM,2019-09-13,2019-09-24,148.1545,0.521786,touch,1,283.94,fly_credit,1,butterfly|dte=21|rv_filter=rv10_lt_rv60|width=5.0
butterfly,is_default,QQQ,2019-09-10,2019-09-27,-79.8351,-0.247142,time,1,323.03,fly_debit,1,butterfly|dte=21|rv_filter=rv10_lt_rv60|width=5.0
butterfly,is_default,QQQ,2019-09-11,2019-09-27,163.5606,0.613641,time,1,266.54,fly_credit,1,butterfly|dte=21|rv_filter=rv10_lt_rv60|width=5.0
butterfly,is_default,SPY,2019-09-25,2019-10-02,-153.0496,-0.500261,stop,1,305.94,fly_debit,0,butterfly|dte=21|rv_filter=rv10_lt_rv60|width=5.0
butterfly,is_default,IWM,2019-09-25,2019-10-02,-123.1936,-0.372673,touch,1,330.57,fly_debit,1,butterfly|dte=21|rv_filter=rv10_lt_rv60|width=5.0
butterfly,is_default,IWM,2019-09-26,2019-10-02,321.4766,0.639064,touch,2,503.04,fly_credit,1,butterfly|dte=21|rv_filter=rv10_lt_rv60|width=5.0
butterfly,is_default,QQQ,2019-09-30,2019-10-03,-91.0888,-0.283855,touch,1,320.90,fly_debit,1,butterfly|dte=21|rv_filter=rv10_lt_rv60|width=5.0
butterfly,is_default,QQQ,2019-10-01,2019-10-03,106.8877,0.409271,touch,1,261.17,fly_credit,1,butterfly|dte=21|rv_filter=rv10_lt_rv60|width=5.0
butterfly,is_default,SPY,2019-10-03,2019-10-04,41.0246,0.137635,touch,1,298.07,fly_debit,1,butterfly|dte=21|rv_filter=rv10_lt_rv60|width=5.0
butterfly,is_default,SPY,2019-10-04,2019-10-04,-16.1600,-0.035318,touch,2,457.56,fly_credit,1,butterfly|dte=21|rv_filter=rv10_lt_rv60|width=5.0
butterfly,is_default,QQQ,2019-10-04,2019-10-11,90.5092,0.283887,target,1,318.82,fly_debit,0,butterfly|dte=21|rv_filter=rv10_lt_rv60|width=5.0
butterfly,is_default,SPY,2019-10-07,2019-10-11,39.9558,0.124140,touch,1,321.86,fly_debit,1,butterfly|dte=21|rv_filter=rv10_lt_rv60|width=5.0
butterfly,is_default,SPY,2019-10-08,2019-10-11,-103.2954,-0.324958,touch,1,317.87,fly_credit,1,butterfly|dte=21|rv_filter=rv10_lt_rv60|width=5.0
butterfly,is_default,IWM,2019-10-03,2019-10-15,119.3271,0.378441,touch,1,315.31,fly_debit,1,butterfly|dte=21|rv_filter=rv10_lt_rv60|width=5.0
butterfly,is_default,IWM,2019-10-04,2019-10-15,-74.0854,-0.266979,touch,1,277.50,fly_credit,1,butterfly|dte=21|rv_filter=rv10_lt_rv60|width=5.0
butterfly,is_default,QQQ,2019-10-14,2019-10-25,142.2355,0.438108,time,1,324.66,fly_debit,1,butterfly|dte=21|rv_filter=rv10_lt_rv60|width=5.0
butterfly,is_default,QQQ,2019-10-15,2019-10-25,-143.9418,-0.506321,time,1,284.29,fly_credit,1,butterfly|dte=21|rv_filter=rv10_lt_rv60|width=5.0
butterfly,is_default,SPY,2019-10-17,2019-10-28,94.3210,0.303090,target,1,311.20,fly_debit,0,butterfly|dte=21|rv_filter=rv10_lt_rv60|width=5.0
butterfly,is_default,IWM,2019-10-16,2019-10-28,128.4481,0.374675,touch,1,342.83,fly_debit,1,butterfly|dte=21|rv_filter=rv10_lt_rv60|width=5.0
butterfly,is_default,IWM,2019-10-17,2019-10-28,-140.1380,-0.511055,touch,1,274.21,fly_credit,1,butterfly|dte=21|rv_filter=rv10_lt_rv60|width=5.0
butterfly,is_default,SPY,2019-10-29,2019-11-04,91.8163,0.290367,target,1,316.21,fly_debit,0,butterfly|dte=21|rv_filter=rv10_lt_rv60|width=5.0
butterfly,is_default,QQQ,2019-10-28,2019-11-08,140.1945,0.426513,time,1,328.70,fly_debit,1,butterfly|dte=21|rv_filter=rv10_lt_rv60|width=5.0
butterfly,is_default,QQQ,2019-10-29,2019-11-08,-150.8868,-0.500965,time,1,301.19,fly_credit,1,butterfly|dte=21|rv_filter=rv10_lt_rv60|width=5.0
butterfly,is_default,IWM,2019-10-29,2019-11-15,124.7709,0.369747,time,1,337.45,fly_debit,1,butterfly|dte=21|rv_filter=rv10_lt_rv60|width=5.0
butterfly,is_default,IWM,2019-10-30,2019-11-15,-80.7368,-0.279644,time,1,288.71,fly_credit,1,butterfly|dte=21|rv_filter=rv10_lt_rv60|width=5.0
butterfly,is_default,SPY,2019-11-05,2019-11-18,95.5091,0.309270,target,1,308.82,fly_debit,0,butterfly|dte=21|rv_filter=rv10_lt_rv60|width=5.0
butterfly,is_default,QQQ,2019-11-11,2019-11-22,86.0397,0.249633,time,1,344.66,fly_debit,1,butterfly|dte=21|rv_filter=rv10_lt_rv60|width=5.0
butterfly,is_default,QQQ,2019-11-12,2019-11-22,-12.8957,-0.046548,time,1,277.04,fly_credit,1,butterfly|dte=21|rv_filter=rv10_lt_rv60|width=5.0
butterfly,is_default,IWM,2019-11-18,2019-11-29,121.5932,0.350953,time,1,346.47,fly_debit,1,butterfly|dte=21|rv_filter=rv10_lt_rv60|width=5.0
butterfly,is_default,IWM,2019-11-19,2019-11-29,-113.8826,-0.345677,time,1,329.45,fly_credit,1,butterfly|dte=21|rv_filter=rv10_lt_rv60|width=5.0
butterfly,is_default,SPY,2019-11-19,2019-12-06,72.0615,0.231405,time,1,311.41,fly_debit,0,butterfly|dte=21|rv_filter=rv10_lt_rv60|width=5.0
butterfly,is_default,QQQ,2019-11-25,2019-12-06,72.7056,0.217801,time,1,333.82,fly_debit,0,butterfly|dte=21|rv_filter=rv10_lt_rv60|width=5.0
butterfly,is_default,IWM,2019-12-02,2019-12-12,71.2112,0.199238,target,1,357.42,fly_debit,0,butterfly|dte=21|rv_filter=rv10_lt_rv60|width=5.0
butterfly,is_default,SPY,2019-12-09,2019-12-16,97.5532,0.295936,touch_gap,1,329.64,fly_debit,1,butterfly|dte=21|rv_filter=rv10_lt_rv60|width=5.0
butterfly,is_default,SPY,2019-12-10,2019-12-16,-129.5550,-0.452078,touch_gap,1,286.58,fly_credit,1,butterfly|dte=21|rv_filter=rv10_lt_rv60|width=5.0
butterfly,is_default,QQQ,2019-12-09,2019-12-18,135.3431,0.415446,touch,1,325.78,fly_debit,1,butterfly|dte=21|rv_filter=rv10_lt_rv60|width=5.0
butterfly,is_default,QQQ,2019-12-10,2019-12-18,-172.9044,-0.543536,touch,1,318.11,fly_credit,1,butterfly|dte=21|rv_filter=rv10_lt_rv60|width=5.0
butterfly,is_default,IWM,2019-12-13,2019-12-20,83.7667,0.252077,target,1,332.31,fly_debit,0,butterfly|dte=21|rv_filter=rv10_lt_rv60|width=5.0
butterfly,is_default,QQQ,2019-12-19,2020-01-02,119.5600,0.368610,touch,1,324.35,fly_debit,1,butterfly|dte=21|rv_filter=rv10_lt_rv60|width=5.0
butterfly,is_default,QQQ,2019-12-20,2020-01-02,-182.0820,-0.359478,touch,2,506.52,fly_credit,1,butterfly|dte=21|rv_filter=rv10_lt_rv60|width=5.0
butterfly,is_default,IWM,2019-12-23,2020-01-03,-13.6291,-0.037319,time,1,365.20,fly_debit,0,butterfly|dte=21|rv_filter=rv10_lt_rv60|width=5.0
butterfly,is_default,SPY,2019-12-17,2020-01-03,102.8881,0.326172,time,1,315.44,fly_debit,1,butterfly|dte=21|rv_filter=rv10_lt_rv60|width=5.0
butterfly,is_default,SPY,2019-12-18,2020-01-03,-53.9351,-0.188316,time,1,286.41,fly_credit,1,butterfly|dte=21|rv_filter=rv10_lt_rv60|width=5.0
butterfly,is_default,QQQ,2020-01-03,2020-01-09,81.5447,0.242152,target,1,336.75,fly_debit,0,butterfly|dte=21|rv_filter=rv10_lt_rv60|width=5.0
butterfly,is_default,IWM,2020-01-06,2020-01-16,142.0177,0.412902,touch,1,343.95,fly_debit,1,butterfly|dte=21|rv_filter=rv10_lt_rv60|width=5.0
butterfly,is_default,IWM,2020-01-07,2020-01-16,-181.9356,-0.613539,touch,1,296.53,fly_credit,1,butterfly|dte=21|rv_filter=rv10_lt_rv60|width=5.0
butterfly,is_default,IWM,2020-01-17,2020-01-24,-77.7583,-0.216348,touch,1,359.41,fly_debit,1,butterfly|dte=21|rv_filter=rv10_lt_rv60|width=5.0
butterfly,is_default,IWM,2020-01-21,2020-01-24,-2.1013,-0.005203,touch,1,403.88,fly_credit,1,butterfly|dte=21|rv_filter=rv10_lt_rv60|width=5.0
butterfly,is_default,SPY,2020-01-21,2020-01-27,-157.4221,-0.500254,stop,1,314.68,fly_debit,0,butterfly|dte=21|rv_filter=rv10_lt_rv60|width=5.0
butterfly,is_default,QQQ,2020-01-21,2020-01-27,-122.8983,-0.382506,touch_gap,1,321.30,fly_debit,1,butterfly|dte=21|rv_filter=rv10_lt_rv60|width=5.0
butterfly,is_default,QQQ,2020-01-22,2020-01-27,139.6559,0.541281,touch_gap,1,258.01,fly_credit,1,butterfly|dte=21|rv_filter=rv10_lt_rv60|width=5.0
butterfly,is_default,QQQ,2020-02-20,2020-02-21,-57.7039,-0.178952,touch,1,322.45,fly_debit,1,butterfly|dte=21|rv_filter=rv10_lt_rv60|width=5.0
butterfly,is_default,QQQ,2020-02-21,2020-02-21,-8.0800,-0.024856,touch,1,325.07,fly_credit,1,butterfly|dte=21|rv_filter=rv10_lt_rv60|width=5.0
butterfly,is_default,IWM,2020-02-21,2020-02-24,-186.2361,-0.547826,stop_gap,1,339.95,fly_debit,0,butterfly|dte=21|rv_filter=rv10_lt_rv60|width=5.0
butterfly,is_default,SPY,2020-02-18,2020-02-24,-220.1946,-0.728282,touch_gap,1,302.35,fly_debit,1,butterfly|dte=21|rv_filter=rv10_lt_rv60|width=5.0
butterfly,is_default,SPY,2020-02-19,2020-02-24,193.3404,0.735018,touch_gap,1,263.04,fly_credit,1,butterfly|dte=21|rv_filter=rv10_lt_rv60|width=5.0
butterfly,is_default,QQQ,2020-04-08,2020-04-09,35.9303,0.126761,touch,1,283.45,fly_debit,1,butterfly|dte=21|rv_filter=rv10_lt_rv60|width=5.0
butterfly,is_default,QQQ,2020-04-09,2020-04-09,-8.1600,-0.018090,touch,2,451.09,fly_credit,1,butterfly|dte=21|rv_filter=rv10_lt_rv60|width=5.0
butterfly,is_default,SPY,2020-04-08,2020-04-14,112.7629,0.411072,target,1,274.31,fly_debit,0,butterfly|dte=21|rv_filter=rv10_lt_rv60|width=5.0
butterfly,is_default,QQQ,2020-04-13,2020-04-15,104.3056,0.358157,target,1,291.23,fly_debit,0,butterfly|dte=21|rv_filter=rv10_lt_rv60|width=5.0
butterfly,is_default,SPY,2020-04-15,2020-04-17,46.6630,0.168819,touch_gap,1,276.41,fly_debit,1,butterfly|dte=21|rv_filter=rv10_lt_rv60|width=5.0
butterfly,is_default,SPY,2020-04-16,2020-04-17,-101.6187,-0.200700,touch_gap,2,506.32,fly_credit,1,butterfly|dte=21|rv_filter=rv10_lt_rv60|width=5.0
butterfly,is_default,QQQ,2020-04-16,2020-04-21,-14.7766,-0.052490,touch,1,281.51,fly_debit,1,butterfly|dte=21|rv_filter=rv10_lt_rv60|width=5.0
butterfly,is_default,QQQ,2020-04-17,2020-04-21,93.0987,0.203580,touch,2,457.31,fly_credit,1,butterfly|dte=21|rv_filter=rv10_lt_rv60|width=5.0
butterfly,is_default,IWM,2020-04-17,2020-04-21,-66.1205,-0.228206,touch,1,289.74,fly_debit,1,butterfly|dte=21|rv_filter=rv10_lt_rv60|width=5.0
butterfly,is_default,IWM,2020-04-20,2020-04-21,19.4727,0.061397,touch,1,317.16,fly_credit,1,butterfly|dte=21|rv_filter=rv10_lt_rv60|width=5.0
butterfly,is_default,QQQ,2020-04-22,2020-04-23,22.2367,0.079002,touch,1,281.47,fly_debit,1,butterfly|dte=21|rv_filter=rv10_lt_rv60|width=5.0
butterfly,is_default,QQQ,2020-04-23,2020-04-23,-8.1600,-0.016972,touch,2,480.78,fly_credit,1,butterfly|dte=21|rv_filter=rv10_lt_rv60|width=5.0
butterfly,is_default,IWM,2020-04-22,2020-04-27,62.6161,0.215238,touch,1,290.92,fly_debit,1,butterfly|dte=21|rv_filter=rv10_lt_rv60|width=5.0
butterfly,is_default,IWM,2020-04-23,2020-04-27,-64.9682,-0.233643,touch,1,278.07,fly_credit,1,butterfly|dte=21|rv_filter=rv10_lt_rv60|width=5.0
butterfly,is_default,SPY,2020-04-20,2020-04-29,109.0278,0.386919,target,1,281.78,fly_debit,0,butterfly|dte=21|rv_filter=rv10_lt_rv60|width=5.0
butterfly,is_default,IWM,2020-04-28,2020-04-29,28.8286,0.097026,touch,1,297.12,fly_debit,1,butterfly|dte=21|rv_filter=rv10_lt_rv60|width=5.0
butterfly,is_default,IWM,2020-04-29,2020-04-29,-8.1600,-0.016730,touch,2,487.74,fly_credit,1,butterfly|dte=21|rv_filter=rv10_lt_rv60|width=5.0
butterfly,is_default,QQQ,2020-04-24,2020-04-30,106.6003,0.371897,target,1,286.64,fly_debit,0,butterfly|dte=21|rv_filter=rv10_lt_rv60|width=5.0
butterfly,is_default,IWM,2020-04-30,2020-05-04,-149.1585,-0.500268,stop,1,298.16,fly_debit,0,butterfly|dte=21|rv_filter=rv10_lt_rv60|width=5.0
butterfly,is_default,QQQ,2020-05-01,2020-05-04,-42.4854,-0.142952,stop,1,297.20,fly_debit,1,butterfly|dte=21|rv_filter=rv10_lt_rv60|width=5.0
butterfly,is_default,QQQ,2020-05-04,2020-05-04,-6.6920,-0.022245,stop,1,300.83,fly_credit,1,butterfly|dte=21|rv_filter=rv10_lt_rv60|width=5.0
butterfly,is_default,QQQ,2020-05-05,2020-05-07,39.7705,0.137212,touch,1,289.85,fly_debit,1,butterfly|dte=21|rv_filter=rv10_lt_rv60|width=5.0
butterfly,is_default,QQQ,2020-05-06,2020-05-07,-57.5238,-0.118502,touch,2,485.43,fly_credit,1,butterfly|dte=21|rv_filter=rv10_lt_rv60|width=5.0
butterfly,is_default,SPY,2020-04-30,2020-05-13,-141.0731,-0.500284,stop,1,281.99,fly_debit,0,butterfly|dte=21|rv_filter=rv10_lt_rv60|width=5.0
butterfly,is_default,IWM,2020-05-05,2020-05-13,-34.9128,-0.119293,touch,1,292.66,fly_debit,1,butterfly|dte=21|rv_filter=rv10_lt_rv60|width=5.0
butterfly,is_default,IWM,2020-05-06,2020-05-13,30.7726,0.107079,touch,1,287.38,fly_credit,1,butterfly|dte=21|rv_filter=rv10_lt_rv60|width=5.0
butterfly,is_default,QQQ,2020-05-08,2020-05-13,-14.9341,-0.051906,touch,1,287.72,fly_debit,1,butterfly|dte=21|rv_filter=rv10_lt_rv60|width=5.0
butterfly,is_default,QQQ,2020-05-11,2020-05-13,0.7119,0.002519,touch,1,282.62,fly_credit,1,butterfly|dte=21|rv_filter=rv10_lt_rv60|width=5.0
butterfly,is_default,IWM,2020-05-14,2020-05-15,21.5503,0.073756,touch,1,292.18,fly_debit,1,butterfly|dte=21|rv_filter=rv10_lt_rv60|width=5.0
butterfly,is_default,IWM,2020-05-15,2020-05-15,-8.0800,-0.031841,touch,1,253.76,fly_credit,1,butterfly|dte=21|rv_filter=rv10_lt_rv60|width=5.0
butterfly,is_default,QQQ,2020-05-14,2020-05-15,5.6571,0.019676,touch,1,287.51,fly_debit,1,butterfly|dte=21|rv_filter=rv10_lt_rv60|width=5.0
butterfly,is_default,QQQ,2020-05-15,2020-05-15,-8.0800,-0.030787,touch,1,262.44,fly_credit,1,butterfly|dte=21|rv_filter=rv10_lt_rv60|width=5.0
butterfly,is_default,SPY,2020-05-14,2020-05-18,109.0902,0.387312,target,1,281.66,fly_debit,0,butterfly|dte=21|rv_filter=rv10_lt_rv60|width=5.0
butterfly,is_default,QQQ,2020-05-18,2020-05-20,37.7717,0.126474,touch,1,298.65,fly_debit,1,butterfly|dte=21|rv_filter=rv10_lt_rv60|width=5.0
butterfly,is_default,QQQ,2020-05-19,2020-05-20,-65.9039,-0.130610,touch,2,504.58,fly_credit,1,butterfly|dte=21|rv_filter=rv10_lt_rv60|width=5.0
butterfly,is_default,IWM,2020-05-18,2020-05-26,150.1909,0.491643,touch_gap,1,305.49,fly_debit,1,butterfly|dte=21|rv_filter=rv10_lt_rv60|width=5.0
butterfly,is_default,IWM,2020-05-19,2020-05-26,-171.4608,-0.646058,touch_gap,1,265.40,fly_credit,1,butterfly|dte=21|rv_filter=rv10_lt_rv60|width=5.0
butterfly,is_default,QQQ,2020-05-21,2020-05-27,-37.2850,-0.124682,touch,1,299.04,fly_debit,1,butterfly|dte=21|rv_filter=rv10_lt_rv60|width=5.0
butterfly,is_default,QQQ,2020-05-22,2020-05-27,0.1525,0.000502,touch,1,303.78,fly_credit,1,butterfly|dte=21|rv_filter=rv10_lt_rv60|width=5.0
butterfly,is_default,SPY,2020-05-19,2020-05-28,106.0233,0.368401,target,1,287.79,fly_debit,0,butterfly|dte=21|rv_filter=rv10_lt_rv60|width=5.0
butterfly,is_default,IWM,2020-05-27,2020-05-29,-55.1994,-0.189342,touch,1,291.53,fly_debit,1,butterfly|dte=21|rv_filter=rv10_lt_rv60|width=5.0
butterfly,is_default,IWM,2020-05-28,2020-05-29,188.4318,0.394536,touch,2,477.60,fly_credit,1,butterfly|dte=21|rv_filter=rv10_lt_rv60|width=5.0
butterfly,is_default,QQQ,2020-05-28,2020-06-01,42.6506,0.144607,touch,1,294.94,fly_debit,1,butterfly|dte=21|rv_filter=rv10_lt_rv60|width=5.0
butterfly,is_default,QQQ,2020-05-29,2020-06-01,-36.3468,-0.142073,touch,1,255.83,fly_credit,1,butterfly|dte=21|rv_filter=rv10_lt_rv60|width=5.0
butterfly,is_default,SPY,2020-05-29,2020-06-02,36.1128,0.123031,touch,1,293.53,fly_debit,1,butterfly|dte=21|rv_filter=rv10_lt_rv60|width=5.0
butterfly,is_default,SPY,2020-06-01,2020-06-02,-79.5358,-0.157919,touch,2,503.65,fly_credit,1,butterfly|dte=21|rv_filter=rv10_lt_rv60|width=5.0
butterfly,is_default,IWM,2020-06-01,2020-06-03,59.0473,0.190151,touch,1,310.53,fly_debit,1,butterfly|dte=21|rv_filter=rv10_lt_rv60|width=5.0
butterfly,is_default,IWM,2020-06-02,2020-06-03,-106.6021,-0.212282,touch,2,502.17,fly_credit,1,butterfly|dte=21|rv_filter=rv10_lt_rv60|width=5.0
butterfly,is_default,QQQ,2020-06-02,2020-06-05,19.7472,0.066434,touch,1,297.25,fly_debit,1,butterfly|dte=21|rv_filter=rv10_lt_rv60|width=5.0
butterfly,is_default,QQQ,2020-06-03,2020-06-05,-11.5717,-0.023823,touch,2,485.73,fly_credit,1,butterfly|dte=21|rv_filter=rv10_lt_rv60|width=5.0
butterfly,is_default,SPY,2020-06-03,2020-06-05,60.4639,0.209269,touch_gap,1,288.93,fly_debit,1,butterfly|dte=21|rv_filter=rv10_lt_rv60|width=5.0
butterfly,is_default,SPY,2020-06-04,2020-06-05,-67.7443,-0.265690,touch_gap,1,254.98,fly_credit,1,butterfly|dte=21|rv_filter=rv10_lt_rv60|width=5.0
butterfly,is_default,IWM,2020-06-04,2020-06-08,101.2862,0.340724,target,1,297.27,fly_debit,0,butterfly|dte=21|rv_filter=rv10_lt_rv60|width=5.0
butterfly,is_default,QQQ,2020-06-08,2020-06-10,55.5899,0.187043,touch_gap,1,297.20,fly_debit,1,butterfly|dte=21|rv_filter=rv10_lt_rv60|width=5.0
butterfly,is_default,QQQ,2020-06-09,2020-06-10,-68.6298,-0.256596,touch_gap,1,267.46,fly_credit,1,butterfly|dte=21|rv_filter=rv10_lt_rv60|width=5.0
butterfly,is_default,IWM,2020-06-09,2020-06-11,-156.9777,-0.535365,stop_gap,1,293.22,fly_debit,0,butterfly|dte=21|rv_filter=rv10_lt_rv60|width=5.0
butterfly,is_default,SPY,2020-06-08,2020-06-11,-109.5525,-0.368343,touch_gap,1,297.42,fly_debit,1,butterfly|dte=21|rv_filter=rv10_lt_rv60|width=5.0
butterfly,is_default,SPY,2020-06-09,2020-06-11,93.1701,0.349434,touch_gap,1,266.63,fly_credit,1,butterfly|dte=21|rv_filter=rv10_lt_rv60|width=5.0
butterfly,is_default,QQQ,2020-06-11,2020-06-23,103.0346,0.350731,target,1,293.77,fly_debit,0,butterfly|dte=21|rv_filter=rv10_lt_rv60|width=5.0
butterfly,is_default,IWM,2020-06-12,2020-06-26,-54.0658,-0.184778,time,1,292.60,fly_debit,0,butterfly|dte=21|rv_filter=rv10_lt_rv60|width=5.0
butterfly,is_default,SPY,2020-06-12,2020-06-26,-106.4289,-0.379315,time,1,280.58,fly_debit,0,butterfly|dte=21|rv_filter=rv10_lt_rv60|width=5.0
butterfly,is_default,SPY,2020-06-29,2020-06-30,19.0594,0.065809,touch,1,289.62,fly_debit,1,butterfly|dte=21|rv_filter=rv10_lt_rv60|width=5.0
butterfly,is_default,SPY,2020-06-30,2020-06-30,-16.1600,-0.033981,touch,2,475.57,fly_credit,1,butterfly|dte=21|rv_filter=rv10_lt_rv60|width=5.0
butterfly,is_default,IWM,2020-06-29,2020-07-01,74.1619,0.251865,touch,1,294.45,fly_debit,1,butterfly|dte=21|rv_filter=rv10_lt_rv60|width=5.0
butterfly,is_default,IWM,2020-06-30,2020-07-01,-59.0905,-0.229472,touch,1,257.51,fly_credit,1,butterfly|dte=21|rv_filter=rv10_lt_rv60|width=5.0
butterfly,is_default,SPY,2020-07-01,2020-07-02,38.3589,0.137117,touch,1,279.75,fly_debit,1,butterfly|dte=21|rv_filter=rv10_lt_rv60|width=5.0
butterfly,is_default,SPY,2020-07-02,2020-07-02,-8.1600,-0.018115,touch,2,450.46,fly_credit,1,butterfly|dte=21|rv_filter=rv10_lt_rv60|width=5.0
butterfly,is_default,QQQ,2020-06-26,2020-07-06,105.1174,0.362968,target,1,289.61,fly_debit,0,butterfly|dte=21|rv_filter=rv10_lt_rv60|width=5.0
butterfly,is_default,IWM,2020-07-02,2020-07-08,-67.1436,-0.229934,touch,1,292.01,fly_debit,1,butterfly|dte=21|rv_filter=rv10_lt_rv60|width=5.0
butterfly,is_default,IWM,2020-07-06,2020-07-08,72.7340,0.257181,touch,1,282.81,fly_credit,1,butterfly|dte=21|rv_filter=rv10_lt_rv60|width=5.0
butterfly,is_default,SPY,2020-07-06,2020-07-09,0.6400,0.002160,touch,1,296.30,fly_debit,1,butterfly|dte=21|rv_filter=rv10_lt_rv60|width=5.0
butterfly,is_default,SPY,2020-07-07,2020-07-09,-23.0035,-0.083352,touch,1,275.98,fly_credit,1,butterfly|dte=21|rv_filter=rv10_lt_rv60|width=5.0
butterfly,is_default,IWM,2020-07-09,2020-07-15,46.6858,0.155688,touch,1,299.87,fly_debit,1,butterfly|dte=21|rv_filter=rv10_lt_rv60|width=5.0
butterfly,is_default,IWM,2020-07-10,2020-07-15,-108.1094,-0.328933,touch,1,328.67,fly_credit,1,butterfly|dte=21|rv_filter=rv10_lt_rv60|width=5.0
butterfly,is_default,QQQ,2020-07-07,2020-07-20,105.1992,0.363455,target,1,289.44,fly_debit,0,butterfly|dte=21|rv_filter=rv10_lt_rv60|width=5.0
butterfly,is_default,SPY,2020-07-10,2020-07-20,104.6224,0.360028,target,1,290.60,fly_debit,0,butterfly|dte=21|rv_filter=rv10_lt_rv60|width=5.0
butterfly,is_default,QQQ,2020-07-21,2020-07-22,-40.5546,-0.139776,touch,1,290.14,fly_debit,1,butterfly|dte=21|rv_filter=rv10_lt_rv60|width=5.0
butterfly,is_default,QQQ,2020-07-22,2020-07-22,-4.0800,-0.013607,touch,1,299.84,fly_credit,1,butterfly|dte=21|rv_filter=rv10_lt_rv60|width=5.0
butterfly,is_default,IWM,2020-07-16,2020-07-31,75.1225,0.253496,time,1,296.35,fly_debit,1,butterfly|dte=21|rv_filter=rv10_lt_rv60|width=5.0
butterfly,is_default,IWM,2020-07-17,2020-07-31,-2.4481,-0.009001,time,1,271.97,fly_credit,1,butterfly|dte=21|rv_filter=rv10_lt_rv60|width=5.0
butterfly,is_default,SPY,2020-07-21,2020-08-05,104.1244,0.357090,target,1,291.59,fly_debit,0,butterfly|dte=21|rv_filter=rv10_lt_rv60|width=5.0
butterfly,is_default,QQQ,2020-07-23,2020-08-05,107.9073,0.379921,target,1,284.03,fly_debit,0,butterfly|dte=21|rv_filter=rv10_lt_rv60|width=5.0
butterfly,is_default,IWM,2020-08-03,2020-08-05,64.8647,0.205241,touch,1,316.04,fly_debit,1,butterfly|dte=21|rv_filter=rv10_lt_rv60|width=5.0
butterfly,is_default,IWM,2020-08-04,2020-08-05,-67.1367,-0.253509,touch,1,264.83,fly_credit,1,butterfly|dte=21|rv_filter=rv10_lt_rv60|width=5.0
butterfly,is_default,IWM,2020-08-06,2020-08-11,84.0940,0.277767,touch_gap,1,302.75,fly_debit,1,butterfly|dte=21|rv_filter=rv10_lt_rv60|width=5.0
butterfly,is_default,IWM,2020-08-07,2020-08-11,-117.2005,-0.390916,touch_gap,1,299.81,fly_credit,1,butterfly|dte=21|rv_filter=rv10_lt_rv60|width=5.0
butterfly,is_default,SPY,2020-08-06,2020-08-11,60.9211,0.206124,touch_gap,1,295.56,fly_debit,1,butterfly|dte=21|rv_filter=rv10_lt_rv60|width=5.0
butterfly,is_default,SPY,2020-08-07,2020-08-11,-107.0513,-0.218840,touch_gap,2,489.18,fly_credit,1,butterfly|dte=21|rv_filter=rv10_lt_rv60|width=5.0
butterfly,is_default,QQQ,2020-08-07,2020-08-20,102.9847,0.350442,target,1,293.87,fly_debit,0,butterfly|dte=21|rv_filter=rv10_lt_rv60|width=5.0
butterfly,is_default,IWM,2020-08-12,2020-08-21,-69.6756,-0.236491,touch,1,294.62,fly_debit,1,butterfly|dte=21|rv_filter=rv10_lt_rv60|width=5.0
butterfly,is_default,IWM,2020-08-13,2020-08-21,64.1992,0.201008,touch,1,319.39,fly_credit,1,butterfly|dte=21|rv_filter=rv10_lt_rv60|width=5.0
butterfly,is_default,SPY,2020-08-12,2020-08-24,105.6010,0.361498,touch_gap,1,292.12,fly_debit,1,butterfly|dte=21|rv_filter=rv10_lt_rv60|width=5.0
butterfly,is_default,SPY,2020-08-13,2020-08-24,-185.6158,-0.371055,touch_gap,2,500.24,fly_credit,1,butterfly|dte=21|rv_filter=rv10_lt_rv60|width=5.0
butterfly,is_default,QQQ,2020-08-21,2020-08-26,102.8865,0.349875,target,1,294.07,fly_debit,0,butterfly|dte=21|rv_filter=rv10_lt_rv60|width=5.0
butterfly,is_default,SPY,2020-08-25,2020-08-27,43.3190,0.152512,touch,1,284.04,fly_debit,1,butterfly|dte=21|rv_filter=rv10_lt_rv60|width=5.0
butterfly,is_default,SPY,2020-08-26,2020-08-27,-43.1517,-0.166542,touch,1,259.10,fly_credit,1,butterfly|dte=21|rv_filter=rv10_lt_rv60|width=5.0
butterfly,is_default,QQQ,2020-08-27,2020-09-01,37.9062,0.133063,touch,1,284.87,fly_debit,1,butterfly|dte=21|rv_filter=rv10_lt_rv60|width=5.0
butterfly,is_default,QQQ,2020-08-28,2020-09-01,-57.0064,-0.210582,touch,1,270.71,fly_credit,1,butterfly|dte=21|rv_filter=rv10_lt_rv60|width=5.0
butterfly,is_default,QQQ,2020-09-02,2020-09-03,-142.1116,-0.500282,stop,1,284.06,fly_debit,0,butterfly|dte=21|rv_filter=rv10_lt_rv60|width=5.0
butterfly,is_default,IWM,2020-08-24,2020-09-04,2.4669,0.007869,touch,1,313.50,fly_debit,1,butterfly|dte=21|rv_filter=rv10_lt_rv60|width=5.0
butterfly,is_default,IWM,2020-08-25,2020-09-04,27.4280,0.098316,touch,1,278.98,fly_credit,1,butterfly|dte=21|rv_filter=rv10_lt_rv60|width=5.0
butterfly,is_default,SPY,2020-08-28,2020-09-08,-153.5622,-0.521184,stop_gap,1,294.64,fly_debit,0,butterfly|dte=21|rv_filter=rv10_lt_rv60|width=5.0
butterfly,is_default,IWM,2020-09-08,2020-09-16,67.2597,0.225306,touch,1,298.53,fly_debit,1,butterfly|dte=21|rv_filter=rv10_lt_rv60|width=5.0
butterfly,is_default,IWM,2020-09-09,2020-09-16,-52.0784,-0.190722,touch,1,273.06,fly_credit,1,butterfly|dte=21|rv_filter=rv10_lt_rv60|width=5.0
butterfly,is_default,QQQ,2020-09-25,2020-09-30,107.6025,0.378037,target,1,284.64,fly_debit,0,butterfly|dte=21|rv_filter=rv10_lt_rv60|width=5.0
butterfly,is_default,QQQ,2020-10-12,2020-10-22,-143.4792,-0.500279,stop,1,286.80,fly_debit,0,butterfly|dte=21|rv_filter=rv10_lt_rv60|width=5.0
butterfly,is_default,IWM,2020-10-08,2020-10-23,63.4740,0.214949,time,1,295.30,fly_debit,1,butterfly|dte=21|rv_filter=rv10_lt_rv60|width=5.0
butterfly,is_default,IWM,2020-10-09,2020-10-23,13.6518,0.052069,time,1,262.19,fly_credit,1,butterfly|dte=21|rv_filter=rv10_lt_rv60|width=5.0
butterfly,is_default,SPY,2020-10-21,2020-10-26,-11.3013,-0.039649,touch,1,285.03,fly_debit,1,butterfly|dte=21|rv_filter=rv10_lt_rv60|width=5.0
butterfly,is_default,SPY,2020-10-22,2020-10-26,4.7074,0.017910,touch,1,262.84,fly_credit,1,butterfly|dte=21|rv_filter=rv10_lt_rv60|width=5.0
butterfly,is_default,QQQ,2020-10-23,2020-10-26,-27.9898,-0.098311,touch,1,284.71,fly_debit,1,butterfly|dte=21|rv_filter=rv10_lt_rv60|width=5.0
butterfly,is_default,QQQ,2020-10-26,2020-10-26,-8.0800,-0.027589,touch,1,292.87,fly_credit,1,butterfly|dte=21|rv_filter=rv10_lt_rv60|width=5.0
butterfly,is_default,IWM,2020-10-26,2020-10-28,-108.1341,-0.353363,touch_gap,1,306.01,fly_debit,1,butterfly|dte=21|rv_filter=rv10_lt_rv60|width=5.0
butterfly,is_default,IWM,2020-10-27,2020-10-28,61.3854,0.201867,touch_gap,1,304.09,fly_credit,1,butterfly|dte=21|rv_filter=rv10_lt_rv60|width=5.0
butterfly,is_default,QQQ,2020-10-27,2020-10-28,-29.6741,-0.107516,touch,1,276.00,fly_debit,1,butterfly|dte=21|rv_filter=rv10_lt_rv60|width=5.0
butterfly,is_default,QQQ,2020-10-28,2020-10-28,-4.0800,-0.013954,touch,1,292.39,fly_credit,1,butterfly|dte=21|rv_filter=rv10_lt_rv60|width=5.0
butterfly,is_default,QQQ,2020-10-29,2020-10-30,6.0513,0.021859,touch,1,276.84,fly_debit,1,butterfly|dte=21|rv_filter=rv10_lt_rv60|width=5.0
butterfly,is_default,QQQ,2020-10-30,2020-10-30,-16.1600,-0.031921,touch,2,506.25,fly_credit,1,butterfly|dte=21|rv_filter=rv10_lt_rv60|width=5.0
butterfly,is_default,QQQ,2020-11-02,2020-11-04,78.1584,0.277689,touch_gap,1,281.46,fly_debit,1,butterfly|dte=21|rv_filter=rv10_lt_rv60|width=5.0
butterfly,is_default,QQQ,2020-11-03,2020-11-04,-98.1397,-0.371839,touch_gap,1,263.93,fly_credit,1,butterfly|dte=21|rv_filter=rv10_lt_rv60|width=5.0
butterfly,is_default,SPY,2020-10-27,2020-11-09,111.3025,0.401474,target,1,277.23,fly_debit,0,butterfly|dte=21|rv_filter=rv10_lt_rv60|width=5.0
butterfly,is_default,SPY,2020-11-12,2020-11-16,51.4940,0.181408,touch,1,283.86,fly_debit,1,butterfly|dte=21|rv_filter=rv10_lt_rv60|width=5.0
butterfly,is_default,SPY,2020-11-13,2020-11-16,-66.3022,-0.242943,touch,1,272.91,fly_credit,1,butterfly|dte=21|rv_filter=rv10_lt_rv60|width=5.0
butterfly,is_default,SPY,2020-11-17,2020-11-19,-46.4407,-0.161749,touch,1,287.12,fly_debit,1,butterfly|dte=21|rv_filter=rv10_lt_rv60|width=5.0
butterfly,is_default,SPY,2020-11-18,2020-11-19,48.8196,0.190465,touch,1,256.32,fly_credit,1,butterfly|dte=21|rv_filter=rv10_lt_rv60|width=5.0
butterfly,is_default,SPY,2020-11-20,2020-11-24,25.6553,0.089621,touch,1,286.26,fly_debit,1,butterfly|dte=21|rv_filter=rv10_lt_rv60|width=5.0
butterfly,is_default,SPY,2020-11-23,2020-11-24,-41.1069,-0.147984,touch,1,277.78,fly_credit,1,butterfly|dte=21|rv_filter=rv10_lt_rv60|width=5.0
butterfly,is_default,QQQ,2020-11-19,2020-11-25,69.7918,0.244545,touch_gap,1,285.39,fly_debit,1,butterfly|dte=21|rv_filter=rv10_lt_rv60|width=5.0
butterfly,is_default,QQQ,2020-11-20,2020-11-25,-100.7208,-0.206746,touch_gap,2,487.17,fly_credit,1,butterfly|dte=21|rv_filter=rv10_lt_rv60|width=5.0
butterfly,is_default,SPY,2020-11-25,2020-12-03,44.5439,0.153465,touch,1,290.25,fly_debit,1,butterfly|dte=21|rv_filter=rv10_lt_rv60|width=5.0
butterfly,is_default,SPY,2020-11-27,2020-12-03,-43.1712,-0.165698,touch,1,260.54,fly_credit,1,butterfly|dte=21|rv_filter=rv10_lt_rv60|width=5.0
butterfly,is_default,IWM,2020-11-24,2020-12-04,36.9904,0.121551,touch,1,304.32,fly_debit,1,butterfly|dte=21|rv_filter=rv10_lt_rv60|width=5.0
butterfly,is_default,IWM,2020-11-25,2020-12-04,-28.6998,-0.105656,touch,1,271.63,fly_credit,1,butterfly|dte=21|rv_filter=rv10_lt_rv60|width=5.0
butterfly,is_default,QQQ,2020-11-27,2020-12-07,101.0836,0.339580,target,1,297.67,fly_debit,0,butterfly|dte=21|rv_filter=rv10_lt_rv60|width=5.0
butterfly,is_default,IWM,2020-12-07,2020-12-14,69.2307,0.222583,touch,1,311.03,fly_debit,1,butterfly|dte=21|rv_filter=rv10_lt_rv60|width=5.0
butterfly,is_default,IWM,2020-12-08,2020-12-14,-99.4104,-0.330104,touch,1,301.15,fly_credit,1,butterfly|dte=21|rv_filter=rv10_lt_rv60|width=5.0
butterfly,is_default,SPY,2020-12-04,2020-12-17,86.6467,0.292855,touch,1,295.87,fly_debit,1,butterfly|dte=21|rv_filter=rv10_lt_rv60|width=5.0
butterfly,is_default,SPY,2020-12-07,2020-12-17,-122.1203,-0.247007,touch,2,494.40,fly_credit,1,butterfly|dte=21|rv_filter=rv10_lt_rv60|width=5.0
butterfly,is_default,IWM,2020-12-15,2020-12-23,104.0700,0.356771,target,1,291.70,fly_debit,0,butterfly|dte=21|rv_filter=rv10_lt_rv60|width=5.0
butterfly,is_default,QQQ,2020-12-08,2020-12-28,107.4191,0.376907,target,1,285.00,fly_debit,0,butterfly|dte=21|rv_filter=rv10_lt_rv60|width=5.0
butterfly,is_default,IWM,2020-12-24,2020-12-29,-18.7496,-0.063568,touch,1,294.95,fly_debit,1,butterfly|dte=21|rv_filter=rv10_lt_rv60|width=5.0
butterfly,is_default,IWM,2020-12-28,2020-12-29,34.4132,0.130619,touch,1,263.46,fly_credit,1,butterfly|dte=21|rv_filter=rv10_lt_rv60|width=5.0
butterfly,is_default,SPY,2020-12-18,2021-01-04,104.1973,0.357519,target,1,291.45,fly_debit,0,butterfly|dte=21|rv_filter=rv10_lt_rv60|width=5.0
butterfly,is_default,QQQ,2020-12-29,2021-01-04,8.4250,0.029209,touch,1,288.44,fly_debit,1,butterfly|dte=21|rv_filter=rv10_lt_rv60|width=5.0
butterfly,is_default,QQQ,2020-12-30,2021-01-04,-14.2970,-0.054530,touch,1,262.18,fly_credit,1,butterfly|dte=21|rv_filter=rv10_lt_rv60|width=5.0
butterfly,is_default,IWM,2020-12-30,2021-01-06,58.0844,0.196497,touch,1,295.60,fly_debit,1,butterfly|dte=21|rv_filter=rv10_lt_rv60|width=5.0
butterfly,is_default,IWM,2020-12-31,2021-01-06,-97.1773,-0.191661,touch,2,507.03,fly_credit,1,butterfly|dte=21|rv_filter=rv10_lt_rv60|width=5.0
butterfly,is_default,QQQ,2021-01-05,2021-01-07,15.3783,0.053722,touch,1,286.26,fly_debit,1,butterfly|dte=21|rv_filter=rv10_lt_rv60|width=5.0
butterfly,is_default,QQQ,2021-01-06,2021-01-07,-34.4396,-0.126397,touch,1,272.47,fly_credit,1,butterfly|dte=21|rv_filter=rv10_lt_rv60|width=5.0
butterfly,is_default,SPY,2021-01-05,2021-01-08,108.5385,0.383850,target,1,282.76,fly_debit,0,butterfly|dte=21|rv_filter=rv10_lt_rv60|width=5.0
butterfly,is_default,QQQ,2021-01-08,2021-01-12,-35.7797,-0.121591,touch,1,294.26,fly_debit,1,butterfly|dte=21|rv_filter=rv10_lt_rv60|width=5.0
butterfly,is_default,QQQ,2021-01-11,2021-01-12,7.7694,0.027875,touch,1,278.72,fly_credit,1,butterfly|dte=21|rv_filter=rv10_lt_rv60|width=5.0
butterfly,is_default,SPY,2021-01-11,2021-01-20,46.1256,0.157383,touch,1,293.08,fly_debit,1,butterfly|dte=21|rv_filter=rv10_lt_rv60|width=5.0
butterfly,is_default,SPY,2021-01-12,2021-01-20,-36.1855,-0.140027,touch,1,258.42,fly_credit,1,butterfly|dte=21|rv_filter=rv10_lt_rv60|width=5.0
butterfly,is_default,QQQ,2021-01-13,2021-01-20,58.4131,0.202888,touch_gap,1,287.91,fly_debit,1,butterfly|dte=21|rv_filter=rv10_lt_rv60|width=5.0
butterfly,is_default,QQQ,2021-01-14,2021-01-20,-91.7330,-0.191381,touch_gap,2,479.32,fly_credit,1,butterfly|dte=21|rv_filter=rv10_lt_rv60|width=5.0
butterfly,is_default,SPY,2021-01-21,2021-01-25,-10.7575,-0.036707,touch,1,293.07,fly_debit,1,butterfly|dte=21|rv_filter=rv10_lt_rv60|width=5.0
butterfly,is_default,SPY,2021-01-22,2021-01-25,-21.7570,-0.075788,touch,1,287.08,fly_credit,1,butterfly|dte=21|rv_filter=rv10_lt_rv60|width=5.0
butterfly,is_default,IWM,2021-01-22,2021-01-25,47.6617,0.157171,touch,1,303.25,fly_debit,1,butterfly|dte=21|rv_filter=rv10_lt_rv60|width=5.0
butterfly,is_default,IWM,2021-01-25,2021-01-25,-16.1600,-0.038498,touch,2,419.76,fly_credit,1,butterfly|dte=21|rv_filter=rv10_lt_rv60|width=5.0
butterfly,is_default,SPY,2021-01-26,2021-01-27,-50.3010,-0.174359,touch,1,288.49,fly_debit,1,butterfly|dte=21|rv_filter=rv10_lt_rv60|width=5.0
butterfly,is_default,SPY,2021-01-27,2021-01-27,-4.0800,-0.013224,touch,1,308.52,fly_credit,1,butterfly|dte=21|rv_filter=rv10_lt_rv60|width=5.0
butterfly,is_default,QQQ,2021-01-22,2021-02-05,103.3277,0.352432,target,1,293.18,fly_debit,0,butterfly|dte=21|rv_filter=rv10_lt_rv60|width=5.0
butterfly,is_default,IWM,2021-01-26,2021-02-08,104.2858,0.358040,target,1,291.27,fly_debit,0,butterfly|dte=21|rv_filter=rv10_lt_rv60|width=5.0
butterfly,is_default,QQQ,2021-02-16,2021-02-17,-46.1573,-0.159952,touch,1,288.57,fly_debit,1,butterfly|dte=21|rv_filter=rv10_lt_rv60|width=5.0
butterfly,is_default,QQQ,2021-02-17,2021-02-17,-4.0800,-0.013576,touch,1,300.53,fly_credit,1,butterfly|dte=21|rv_filter=rv10_lt_rv60|width=5.0
butterfly,is_default,QQQ,2021-02-18,2021-02-22,-39.4611,-0.137027,touch,1,287.98,fly_debit,1,butterfly|dte=21|rv_filter=rv10_lt_rv60|width=5.0
butterfly,is_default,QQQ,2021-02-19,2021-02-22,133.8046,0.291955,touch,2,458.31,fly_credit,1,butterfly|dte=21|rv_filter=rv10_lt_rv60|width=5.0
butterfly,is_default,IWM,2021-02-16,2021-02-23,-147.1890,-0.500272,stop,1,294.22,fly_debit,0,butterfly|dte=21|rv_filter=rv10_lt_rv60|width=5.0
butterfly,is_default,SPY,2021-02-16,2021-02-23,-144.1032,-0.500278,stop,1,288.05,fly_debit,0,butterfly|dte=21|rv_filter=rv10_lt_rv60|width=5.0
butterfly,is_default,QQQ,2021-02-23,2021-02-24,10.5691,0.037374,touch,1,282.79,fly_debit,1,butterfly|dte=21|rv_filter=rv10_lt_rv60|width=5.0
butterfly,is_default,QQQ,2021-02-24,2021-02-24,-8.1600,-0.016524,touch,2,493.82,fly_credit,1,butterfly|dte=21|rv_filter=rv10_lt_rv60|width=5.0
butterfly,is_default,IWM,2021-02-24,2021-02-26,-38.9638,-0.136989,touch,1,284.43,fly_debit,1,butterfly|dte=21|rv_filter=rv10_lt_rv60|width=5.0
butterfly,is_default,IWM,2021-02-25,2021-02-26,136.9534,0.301429,touch,2,454.35,fly_credit,1,butterfly|dte=21|rv_filter=rv10_lt_rv60|width=5.0
butterfly,is_default,SPY,2021-02-24,2021-03-04,-144.2822,-0.500277,stop,1,288.40,fly_debit,0,butterfly|dte=21|rv_filter=rv10_lt_rv60|width=5.0
butterfly,is_default,QQQ,2021-02-25,2021-03-04,-144.8592,-0.500276,stop,1,289.56,fly_debit,0,butterfly|dte=21|rv_filter=rv10_lt_rv60|width=5.0
butterfly,is_default,SPY,2021-03-18,2021-03-19,-54.2506,-0.183464,touch,1,295.70,fly_debit,1,butterfly|dte=21|rv_filter=rv10_lt_rv60|width=5.0
butterfly,is_default,SPY,2021-03-19,2021-03-19,-8.0800,-0.026123,touch,1,309.31,fly_credit,1,butterfly|dte=21|rv_filter=rv10_lt_rv60|width=5.0
butterfly,is_default,SPY,2021-03-22,2021-03-25,-54.9240,-0.186356,touch,1,294.73,fly_debit,1,butterfly|dte=21|rv_filter=rv10_lt_rv60|width=5.0
butterfly,is_default,SPY,2021-03-23,2021-03-25,133.9569,0.269112,touch,2,497.77,fly_credit,1,butterfly|dte=21|rv_filter=rv10_lt_rv60|width=5.0
butterfly,is_default,SPY,2021-03-26,2021-03-29,35.7280,0.122252,touch,1,292.25,fly_debit,1,butterfly|dte=21|rv_filter=rv10_lt_rv60|width=5.0
butterfly,is_default,SPY,2021-03-29,2021-03-29,-16.1600,-0.035099,touch,2,460.41,fly_credit,1,butterfly|dte=21|rv_filter=rv10_lt_rv60|width=5.0
butterfly,is_default,SPY,2021-03-30,2021-04-01,39.0395,0.134176,touch,1,290.96,fly_debit,1,butterfly|dte=21|rv_filter=rv10_lt_rv60|width=5.0
butterfly,is_default,SPY,2021-03-31,2021-04-01,-73.4396,-0.145438,touch,2,504.95,fly_credit,1,butterfly|dte=21|rv_filter=rv10_lt_rv60|width=5.0
butterfly,is_default,QQQ,2021-03-24,2021-04-05,108.4358,0.383208,target,1,282.97,fly_debit,0,butterfly|dte=21|rv_filter=rv10_lt_rv60|width=5.0
butterfly,is_default,SPY,2021-04-05,2021-04-08,53.5558,0.174992,touch,1,306.05,fly_debit,1,butterfly|dte=21|rv_filter=rv10_lt_rv60|width=5.0
butterfly,is_default,SPY,2021-04-06,2021-04-08,-81.4393,-0.171288,touch,2,475.45,fly_credit,1,butterfly|dte=21|rv_filter=rv10_lt_rv60|width=5.0
butterfly,is_default,QQQ,2021-04-06,2021-04-09,26.8242,0.093654,touch,1,286.42,fly_debit,1,butterfly|dte=21|rv_filter=rv10_lt_rv60|width=5.0
butterfly,is_default,QQQ,2021-04-07,2021-04-09,-41.2723,-0.151672,touch,1,272.12,fly_credit,1,butterfly|dte=21|rv_filter=rv10_lt_rv60|width=5.0
butterfly,is_default,SPY,2021-04-09,2021-04-13,35.8118,0.118988,touch,1,300.97,fly_debit,1,butterfly|dte=21|rv_filter=rv10_lt_rv60|width=5.0
butterfly,is_default,SPY,2021-04-12,2021-04-13,-35.3461,-0.074711,touch,2,473.11,fly_credit,1,butterfly|dte=21|rv_filter=rv10_lt_rv60|width=5.0
butterfly,is_default,IWM,2021-04-09,2021-04-20,-17.7312,-0.057985,touch,1,305.79,fly_debit,1,butterfly|dte=21|rv_filter=rv10_lt_rv60|width=5.0
butterfly,is_default,IWM,2021-04-12,2021-04-20,48.2334,0.178424,touch,1,270.33,fly_credit,1,butterfly|dte=21|rv_filter=rv10_lt_rv60|width=5.0
butterfly,is_default,QQQ,2021-04-12,2021-04-23,67.5451,0.226702,time,1,297.95,fly_debit,0,butterfly|dte=21|rv_filter=rv10_lt_rv60|width=5.0
butterfly,is_default,IWM,2021-04-21,2021-04-23,102.4625,0.347431,target,1,294.91,fly_debit,0,butterfly|dte=21|rv_filter=rv10_lt_rv60|width=5.0
butterfly,is_default,SPY,2021-04-14,2021-04-23,0.6045,0.002079,touch,1,290.80,fly_debit,1,butterfly|dte=21|rv_filter=rv10_lt_rv60|width=5.0
butterfly,is_default,SPY,2021-04-15,2021-04-23,8.3210,0.031867,touch,1,261.12,fly_credit,1,butterfly|dte=21|rv_filter=rv10_lt_rv60|width=5.0
butterfly,is_default,IWM,2021-04-26,2021-05-04,-44.1551,-0.144206,touch,1,306.19,fly_debit,1,butterfly|dte=21|rv_filter=rv10_lt_rv60|width=5.0
butterfly,is_default,IWM,2021-04-27,2021-05-04,90.6610,0.355488,touch,1,255.03,fly_credit,1,butterfly|dte=21|rv_filter=rv10_lt_rv60|width=5.0
butterfly,is_default,QQQ,2021-04-26,2021-05-04,-101.9085,-0.346191,touch_gap,1,294.37,fly_debit,1,butterfly|dte=21|rv_filter=rv10_lt_rv60|width=5.0
butterfly,is_default,QQQ,2021-04-27,2021-05-04,266.1988,0.538433,touch_gap,2,494.40,fly_credit,1,butterfly|dte=21|rv_filter=rv10_lt_rv60|width=5.0
butterfly,is_default,IWM,2021-05-05,2021-05-06,-23.9672,-0.080269,touch,1,298.59,fly_debit,1,butterfly|dte=21|rv_filter=rv10_lt_rv60|width=5.0
butterfly,is_default,IWM,2021-05-06,2021-05-06,-4.0800,-0.013858,touch,1,294.41,fly_credit,1,butterfly|dte=21|rv_filter=rv10_lt_rv60|width=5.0
butterfly,is_default,QQQ,2021-05-05,2021-05-06,-36.5729,-0.126212,touch,1,289.77,fly_debit,1,butterfly|dte=21|rv_filter=rv10_lt_rv60|width=5.0
butterfly,is_default,QQQ,2021-05-06,2021-05-06,-4.0800,-0.013775,touch,1,296.19,fly_credit,1,butterfly|dte=21|rv_filter=rv10_lt_rv60|width=5.0
butterfly,is_default,SPY,2021-04-26,2021-05-07,97.9190,0.322100,target,1,304.00,fly_debit,0,butterfly|dte=21|rv_filter=rv10_lt_rv60|width=5.0
butterfly,is_default,QQQ,2021-05-07,2021-05-10,-20.3787,-0.068924,touch,1,295.67,fly_debit,1,butterfly|dte=21|rv_filter=rv10_lt_rv60|width=5.0
butterfly,is_default,QQQ,2021-05-10,2021-05-10,-8.0800,-0.028168,touch,1,286.85,fly_credit,1,butterfly|dte=21|rv_filter=rv10_lt_rv60|width=5.0
butterfly,is_default,SPY,2021-05-10,2021-05-11,-152.7505,-0.500262,stop,1,305.34,fly_debit,0,butterfly|dte=21|rv_filter=rv10_lt_rv60|width=5.0
butterfly,is_default,IWM,2021-05-07,2021-05-11,-123.7990,-0.418939,touch_gap,1,295.51,fly_debit,1,butterfly|dte=21|rv_filter=rv10_lt_rv60|width=5.0
butterfly,is_default,IWM,2021-05-10,2021-05-11,284.9186,0.578223,touch_gap,2,492.75,fly_credit,1,butterfly|dte=21|rv_filter=rv10_lt_rv60|width=5.0
butterfly,is_default,IWM,2021-05-12,2021-05-13,-48.6572,-0.165916,touch,1,293.26,fly_debit,1,butterfly|dte=21|rv_filter=rv10_lt_rv60|width=5.0
butterfly,is_default,IWM,2021-05-13,2021-05-13,-4.0800,-0.013181,touch,1,309.53,fly_credit,1,butterfly|dte=21|rv_filter=rv10_lt_rv60|width=5.0
butterfly,is_default,QQQ,2021-05-11,2021-05-14,17.9477,0.063241,touch,1,283.80,fly_debit,1,butterfly|dte=21|rv_filter=rv10_lt_rv60|width=5.0
butterfly,is_default,QQQ,2021-05-12,2021-05-14,-27.4234,-0.105269,touch,1,260.51,fly_credit,1,butterfly|dte=21|rv_filter=rv10_lt_rv60|width=5.0
butterfly,is_default,IWM,2021-05-14,2021-05-18,46.8541,0.159666,touch,1,293.45,fly_debit,1,butterfly|dte=21|rv_filter=rv10_lt_rv60|width=5.0
butterfly,is_default,IWM,2021-05-17,2021-05-18,-65.1171,-0.128564,touch,2,506.50,fly_credit,1,butterfly|dte=21|rv_filter=rv10_lt_rv60|width=5.0
butterfly,is_default,QQQ,2021-05-19,2021-05-21,107.5761,0.377874,target,1,284.69,fly_debit,0,butterfly|dte=21|rv_filter=rv10_lt_rv60|width=5.0
butterfly,is_default,SPY,2021-05-12,2021-05-24,106.3193,0.370191,target,1,287.20,fly_debit,0,butterfly|dte=21|rv_filter=rv10_lt_rv60|width=5.0
butterfly,is_default,IWM,2021-05-25,2021-05-28,65.5401,0.217729,touch_gap,1,301.02,fly_debit,1,butterfly|dte=21|rv_filter=rv10_lt_rv60|width=5.0
butterfly,is_default,IWM,2021-05-26,2021-05-28,-111.1143,-0.364532,touch_gap,1,304.81,fly_credit,1,butterfly|dte=21|rv_filter=rv10_lt_rv60|width=5.0
butterfly,is_default,QQQ,2021-05-27,2021-06-03,-42.8301,-0.148155,touch,1,289.09,fly_debit,1,butterfly|dte=21|rv_filter=rv10_lt_rv60|width=5.0
butterfly,is_default,QQQ,2021-05-28,2021-06-03,51.9838,0.193480,touch,1,268.68,fly_credit,1,butterfly|dte=21|rv_filter=rv10_lt_rv60|width=5.0
butterfly,is_default,IWM,2021-06-01,2021-06-08,61.9023,0.202104,touch,1,306.29,fly_debit,1,butterfly|dte=21|rv_filter=rv10_lt_rv60|width=5.0
butterfly,is_default,IWM,2021-06-02,2021-06-08,-93.8941,-0.188234,touch,2,498.82,fly_credit,1,butterfly|dte=21|rv_filter=rv10_lt_rv60|width=5.0
butterfly,is_default,QQQ,2021-06-04,2021-06-08,73.0933,0.249709,touch_gap,1,292.71,fly_debit,1,butterfly|dte=21|rv_filter=rv10_lt_rv60|width=5.0
butterfly,is_default,QQQ,2021-06-07,2021-06-08,-101.9120,-0.219018,touch_gap,2,465.31,fly_credit,1,butterfly|dte=21|rv_filter=rv10_lt_rv60|width=5.0
butterfly,is_default,IWM,2021-06-09,2021-06-10,-31.7725,-0.108145,touch,1,293.79,fly_debit,1,butterfly|dte=21|rv_filter=rv10_lt_rv60|width=5.0
butterfly,is_default,IWM,2021-06-10,2021-06-10,-6.0800,-0.019413,touch,1,313.19,fly_credit,1,butterfly|dte=21|rv_filter=rv10_lt_rv60|width=5.0
butterfly,is_default,SPY,2021-05-27,2021-06-11,102.9535,0.350262,target,1,293.93,fly_debit,0,butterfly|dte=21|rv_filter=rv10_lt_rv60|width=5.0
butterfly,is_default,QQQ,2021-06-09,2021-06-14,47.8859,0.162927,touch,1,293.91,fly_debit,1,butterfly|dte=21|rv_filter=rv10_lt_rv60|width=5.0
butterfly,is_default,QQQ,2021-06-10,2021-06-14,-60.7635,-0.220368,touch,1,275.74,fly_credit,1,butterfly|dte=21|rv_filter=rv10_lt_rv60|width=5.0
butterfly,is_default,IWM,2021-06-11,2021-06-17,-19.2248,-0.062216,touch,1,309.00,fly_debit,1,butterfly|dte=21|rv_filter=rv10_lt_rv60|width=5.0
butterfly,is_default,IWM,2021-06-14,2021-06-17,96.9148,0.197766,touch,2,490.05,fly_credit,1,butterfly|dte=21|rv_filter=rv10_lt_rv60|width=5.0
butterfly,is_default,SPY,2021-06-14,2021-06-18,-110.9584,-0.361693,touch_gap,1,306.77,fly_debit,1,butterfly|dte=21|rv_filter=rv10_lt_rv60|width=5.0
butterfly,is_default,SPY,2021-06-15,2021-06-18,109.2804,0.426922,touch_gap,1,255.97,fly_credit,1,butterfly|dte=21|rv_filter=rv10_lt_rv60|width=5.0
butterfly,is_default,IWM,2021-06-18,2021-06-23,68.5362,0.228594,touch,1,299.82,fly_debit,1,butterfly|dte=21|rv_filter=rv10_lt_rv60|width=5.0
butterfly,is_default,IWM,2021-06-21,2021-06-23,-74.4576,-0.266185,touch,1,279.72,fly_credit,1,butterfly|dte=21|rv_filter=rv10_lt_rv60|width=5.0
butterfly,is_default,SPY,2021-06-21,2021-06-24,104.7676,0.360888,target,1,290.30,fly_debit,0,butterfly|dte=21|rv_filter=rv10_lt_rv60|width=5.0
butterfly,is_default,QQQ,2021-06-15,2021-06-28,102.5600,0.347992,target,1,294.72,fly_debit,0,butterfly|dte=21|rv_filter=rv10_lt_rv60|width=5.0
butterfly,is_default,QQQ,2021-06-29,2021-07-06,73.3795,0.254459,touch_gap,1,288.37,fly_debit,1,butterfly|dte=21|rv_filter=rv10_lt_rv60|width=5.0
butterfly,is_default,QQQ,2021-06-30,2021-07-06,-65.5925,-0.254379,touch_gap,1,257.85,fly_credit,1,butterfly|dte=21|rv_filter=rv10_lt_rv60|width=5.0
butterfly,is_default,IWM,2021-07-06,2021-07-07,-63.1295,-0.204881,touch,1,308.13,fly_debit,1,butterfly|dte=21|rv_filter=rv10_lt_rv60|width=5.0
butterfly,is_default,IWM,2021-07-07,2021-07-07,-6.0800,-0.018402,touch,1,330.40,fly_credit,1,butterfly|dte=21|rv_filter=rv10_lt_rv60|width=5.0
butterfly,is_default,SPY,2021-07-06,2021-07-08,-64.2656,-0.220803,touch_gap,1,291.05,fly_debit,1,butterfly|dte=21|rv_filter=rv10_lt_rv60|width=5.0
butterfly,is_default,SPY,2021-07-07,2021-07-08,56.1297,0.205710,touch_gap,1,272.86,fly_credit,1,butterfly|dte=21|rv_filter=rv10_lt_rv60|width=5.0
butterfly,is_default,IWM,2021-07-08,2021-07-12,97.3454,0.319009,target,1,305.15,fly_debit,0,butterfly|dte=21|rv_filter=rv10_lt_rv60|width=5.0
butterfly,is_default,IWM,2021-07-13,2021-07-14,-26.4373,-0.087283,touch,1,302.89,fly_debit,1,butterfly|dte=21|rv_filter=rv10_lt_rv60|width=5.0
butterfly,is_default,IWM,2021-07-14,2021-07-14,-4.0800,-0.013771,touch,1,296.27,fly_credit,1,butterfly|dte=21|rv_filter=rv10_lt_rv60|width=5.0
butterfly,is_default,QQQ,2021-07-07,2021-07-19,-148.0914,-0.500270,stop,1,296.02,fly_debit,0,butterfly|dte=21|rv_filter=rv10_lt_rv60|width=5.0
butterfly,is_default,SPY,2021-07-09,2021-07-19,-96.7006,-0.337205,touch_gap,1,286.77,fly_debit,1,butterfly|dte=21|rv_filter=rv10_lt_rv60|width=5.0
butterfly,is_default,SPY,2021-07-12,2021-07-19,272.3339,0.562192,touch_gap,2,484.41,fly_credit,1,butterfly|dte=21|rv_filter=rv10_lt_rv60|width=5.0
butterfly,is_default,IWM,2021-07-15,2021-07-19,-121.1686,-0.407457,touch_gap,1,297.38,fly_debit,1,butterfly|dte=21|rv_filter=rv10_lt_rv60|width=5.0
butterfly,is_default,IWM,2021-07-16,2021-07-19,275.7588,0.545610,touch_gap,2,505.41,fly_credit,1,butterfly|dte=21|rv_filter=rv10_lt_rv60|width=5.0
butterfly,is_default,IWM,2021-07-20,2021-07-21,102.8516,0.349672,target,1,294.14,fly_debit,0,butterfly|dte=21|rv_filter=rv10_lt_rv60|width=5.0
butterfly,is_default,QQQ,2021-07-20,2021-07-21,25.1069,0.088313,touch,1,284.29,fly_debit,1,butterfly|dte=21|rv_filter=rv10_lt_rv60|width=5.0
butterfly,is_default,QQQ,2021-07-21,2021-07-21,-8.1600,-0.016972,touch,2,480.78,fly_credit,1,butterfly|dte=21|rv_filter=rv10_lt_rv60|width=5.0
butterfly,is_default,QQQ,2021-07-22,2021-07-23,34.2651,0.117853,touch,1,290.75,fly_debit,1,butterfly|dte=21|rv_filter=rv10_lt_rv60|width=5.0
butterfly,is_default,QQQ,2021-07-23,2021-07-23,-16.1600,-0.035038,touch,2,461.22,fly_credit,1,butterfly|dte=21|rv_filter=rv10_lt_rv60|width=5.0
butterfly,is_default,QQQ,2021-07-26,2021-07-27,-0.8293,-0.002692,touch,1,308.04,fly_debit,1,butterfly|dte=21|rv_filter=rv10_lt_rv60|width=5.0
butterfly,is_default,QQQ,2021-07-27,2021-07-27,-16.1600,-0.031498,touch,2,513.04,fly_credit,1,butterfly|dte=21|rv_filter=rv10_lt_rv60|width=5.0
butterfly,is_default,SPY,2021-08-03,2021-08-10,55.8614,0.192363,touch,1,290.40,fly_debit,1,butterfly|dte=21|rv_filter=rv10_lt_rv60|width=5.0
butterfly,is_default,SPY,2021-08-04,2021-08-10,-84.7917,-0.171225,touch,2,495.21,fly_credit,1,butterfly|dte=21|rv_filter=rv10_lt_rv60|width=5.0
butterfly,is_default,QQQ,2021-07-28,2021-08-13,99.3471,0.348640,time,1,284.96,fly_debit,1,butterfly|dte=21|rv_filter=rv10_lt_rv60|width=5.0
butterfly,is_default,QQQ,2021-07-29,2021-08-13,-51.9124,-0.189187,time,1,274.40,fly_credit,1,butterfly|dte=21|rv_filter=rv10_lt_rv60|width=5.0
butterfly,is_default,SPY,2021-08-11,2021-08-18,-11.8548,-0.041044,touch,1,288.83,fly_debit,1,butterfly|dte=21|rv_filter=rv10_lt_rv60|width=5.0
butterfly,is_default,SPY,2021-08-12,2021-08-18,2.8070,0.010222,touch,1,274.60,fly_credit,1,butterfly|dte=21|rv_filter=rv10_lt_rv60|width=5.0
butterfly,is_default,QQQ,2021-08-16,2021-08-18,-42.2683,-0.141604,touch,1,298.50,fly_debit,1,butterfly|dte=21|rv_filter=rv10_lt_rv60|width=5.0
butterfly,is_default,QQQ,2021-08-17,2021-08-18,-1.2080,-0.004005,touch,1,301.61,fly_credit,1,butterfly|dte=21|rv_filter=rv10_lt_rv60|width=5.0
butterfly,is_default,IWM,2021-08-04,2021-08-19,-149.6212,-0.500267,stop,1,299.08,fly_debit,0,butterfly|dte=21|rv_filter=rv10_lt_rv60|width=5.0
butterfly,is_default,SPY,2021-08-19,2021-08-20,27.1511,0.094587,touch,1,287.05,fly_debit,1,butterfly|dte=21|rv_filter=rv10_lt_rv60|width=5.0
butterfly,is_default,SPY,2021-08-20,2021-08-20,-16.1600,-0.035584,touch,2,454.14,fly_credit,1,butterfly|dte=21|rv_filter=rv10_lt_rv60|width=5.0
butterfly,is_default,QQQ,2021-08-19,2021-08-23,105.2980,0.364046,target,1,289.24,fly_debit,0,butterfly|dte=21|rv_filter=rv10_lt_rv60|width=5.0
butterfly,is_default,IWM,2021-08-20,2021-08-24,100.4790,0.336183,target,1,298.88,fly_debit,0,butterfly|dte=21|rv_filter=rv10_lt_rv60|width=5.0
butterfly,is_default,SPY,2021-08-23,2021-08-27,18.5839,0.062675,touch,1,296.51,fly_debit,1,butterfly|dte=21|rv_filter=rv10_lt_rv60|width=5.0
butterfly,is_default,SPY,2021-08-24,2021-08-27,4.2166,0.008967,touch,2,470.22,fly_credit,1,butterfly|dte=21|rv_filter=rv10_lt_rv60|width=5.0
butterfly,is_default,IWM,2021-09-03,2021-09-08,-47.8154,-0.155117,touch,1,308.25,fly_debit,1,butterfly|dte=21|rv_filter=rv10_lt_rv60|width=5.0
butterfly,is_default,IWM,2021-09-07,2021-09-08,26.3365,0.089548,touch,1,294.11,fly_credit,1,butterfly|dte=21|rv_filter=rv10_lt_rv60|width=5.0
butterfly,is_default,SPY,2021-09-02,2021-09-10,-29.6403,-0.100172,touch,1,295.89,fly_debit,1,butterfly|dte=21|rv_filter=rv10_lt_rv60|width=5.0
butterfly,is_default,SPY,2021-09-03,2021-09-10,6.7863,0.023944,touch,1,283.43,fly_credit,1,butterfly|dte=21|rv_filter=rv10_lt_rv60|width=5.0
butterfly,is_default,QQQ,2021-09-08,2021-09-10,-12.3201,-0.042558,touch,1,289.49,fly_debit,1,butterfly|dte=21|rv_filter=rv10_lt_rv60|width=5.0
butterfly,is_default,QQQ,2021-09-09,2021-09-10,-8.8786,-0.032209,touch,1,275.65,fly_credit,1,butterfly|dte=21|rv_filter=rv10_lt_rv60|width=5.0
butterfly,is_default,SPY,2021-09-13,2021-09-14,-10.6513,-0.037210,touch,1,286.25,fly_debit,1,butterfly|dte=21|rv_filter=rv10_lt_rv60|width=5.0
butterfly,is_default,SPY,2021-09-14,2021-09-14,-8.0800,-0.029157,touch,1,277.12,fly_credit,1,butterfly|dte=21|rv_filter=rv10_lt_rv60|width=5.0
butterfly,is_default,QQQ,2021-09-13,2021-09-15,-41.4565,-0.141723,touch,1,292.52,fly_debit,1,butterfly|dte=21|rv_filter=rv10_lt_rv60|width=5.0
butterfly,is_default,QQQ,2021-09-14,2021-09-15,19.1742,0.068194,touch,1,281.17,fly_credit,1,butterfly|dte=21|rv_filter=rv10_lt_rv60|width=5.0
butterfly,is_default,IWM,2021-09-09,2021-09-20,-146.1543,-0.500274,stop,1,292.15,fly_debit,0,butterfly|dte=21|rv_filter=rv10_lt_rv60|width=5.0
butterfly,is_default,SPY,2021-09-15,2021-09-20,-102.5385,-0.362361,touch_gap,1,282.97,fly_debit,1,butterfly|dte=21|rv_filter=rv10_lt_rv60|width=5.0
butterfly,is_default,SPY,2021-09-16,2021-09-20,236.7302,0.489419,touch_gap,2,483.70,fly_credit,1,butterfly|dte=21|rv_filter=rv10_lt_rv60|width=5.0
butterfly,is_default,QQQ,2021-09-16,2021-09-20,-108.8019,-0.376591,touch_gap,1,288.91,fly_debit,1,butterfly|dte=21|rv_filter=rv10_lt_rv60|width=5.0
butterfly,is_default,QQQ,2021-09-17,2021-09-20,106.1481,0.409657,touch_gap,1,259.11,fly_credit,1,butterfly|dte=21|rv_filter=rv10_lt_rv60|width=5.0
butterfly,is_default,IWM,2021-09-21,2021-09-23,43.8360,0.152509,touch,1,287.43,fly_debit,1,butterfly|dte=21|rv_filter=rv10_lt_rv60|width=5.0
butterfly,is_default,IWM,2021-09-22,2021-09-23,-45.7270,-0.167195,touch,1,273.50,fly_credit,1,butterfly|dte=21|rv_filter=rv10_lt_rv60|width=5.0
butterfly,is_default,IWM,2021-10-12,2021-10-14,54.5652,0.183708,touch,1,297.02,fly_debit,1,butterfly|dte=21|rv_filter=rv10_lt_rv60|width=5.0
butterfly,is_default,IWM,2021-10-13,2021-10-14,-49.0335,-0.184725,touch,1,265.44,fly_credit,1,butterfly|dte=21|rv_filter=rv10_lt_rv60|width=5.0
butterfly,is_default,IWM,2021-10-15,2021-10-18,-82.6977,-0.267555,stop_gap,1,309.09,fly_debit,1,butterfly|dte=21|rv_filter=rv10_lt_rv60|width=5.0
butterfly,is_default,IWM,2021-10-18,2021-10-18,-8.0800,-0.021836,stop_gap,1,370.03,fly_credit,1,butterfly|dte=21|rv_filter=rv10_lt_rv60|width=5.0
butterfly,is_default,SPY,2021-10-19,2021-10-26,105.2202,0.363581,target,1,289.40,fly_debit,0,butterfly|dte=21|rv_filter=rv10_lt_rv60|width=5.0
butterfly,is_default,QQQ,2021-10-19,2021-10-26,74.7193,0.257360,touch_gap,1,290.33,fly_debit,1,butterfly|dte=21|rv_filter=rv10_lt_rv60|width=5.0
butterfly,is_default,QQQ,2021-10-20,2021-10-26,-123.6659,-0.252528,touch_gap,2,489.71,fly_credit,1,butterfly|dte=21|rv_filter=rv10_lt_rv60|width=5.0
butterfly,is_default,QQQ,2021-10-27,2021-10-29,10.8216,0.037578,touch,1,287.98,fly_debit,1,butterfly|dte=21|rv_filter=rv10_lt_rv60|width=5.0
butterfly,is_default,QQQ,2021-10-28,2021-10-29,8.3489,0.017087,touch,2,488.60,fly_credit,1,butterfly|dte=21|rv_filter=rv10_lt_rv60|width=5.0
butterfly,is_default,IWM,2021-10-19,2021-11-01,81.1254,0.267775,touch,1,302.96,fly_debit,1,butterfly|dte=21|rv_filter=rv10_lt_rv60|width=5.0
butterfly,is_default,IWM,2021-10-20,2021-11-01,-70.6767,-0.248735,touch,1,284.14,fly_credit,1,butterfly|dte=21|rv_filter=rv10_lt_rv60|width=5.0
butterfly,is_default,QQQ,2021-11-01,2021-11-03,28.1884,0.096123,touch,1,293.25,fly_debit,1,butterfly|dte=21|rv_filter=rv10_lt_rv60|width=5.0
butterfly,is_default,QQQ,2021-11-02,2021-11-03,-42.8708,-0.156682,touch,1,273.62,fly_credit,1,butterfly|dte=21|rv_filter=rv10_lt_rv60|width=5.0
butterfly,is_default,SPY,2021-10-27,2021-11-04,102.0444,0.345034,target,1,295.75,fly_debit,0,butterfly|dte=21|rv_filter=rv10_lt_rv60|width=5.0
butterfly,is_default,SPY,2021-11-05,2021-11-10,-50.3958,-0.168997,touch,1,298.21,fly_debit,1,butterfly|dte=21|rv_filter=rv10_lt_rv60|width=5.0
butterfly,is_default,SPY,2021-11-08,2021-11-10,42.4383,0.161035,touch,1,263.54,fly_credit,1,butterfly|dte=21|rv_filter=rv10_lt_rv60|width=5.0
butterfly,is_default,SPY,2021-11-11,2021-11-16,26.9465,0.093108,touch,1,289.41,fly_debit,1,butterfly|dte=21|rv_filter=rv10_lt_rv60|width=5.0
butterfly,is_default,SPY,2021-11-12,2021-11-16,-29.3988,-0.110124,touch,1,266.96,fly_credit,1,butterfly|dte=21|rv_filter=rv10_lt_rv60|width=5.0
butterfly,is_default,QQQ,2021-11-04,2021-11-17,101.3324,0.340985,target,1,297.18,fly_debit,0,butterfly|dte=21|rv_filter=rv10_lt_rv60|width=5.0
butterfly,is_default,IWM,2021-11-16,2021-11-19,-71.5494,-0.242799,touch,1,294.69,fly_debit,1,butterfly|dte=21|rv_filter=rv10_lt_rv60|width=5.0
butterfly,is_default,IWM,2021-11-17,2021-11-19,67.8044,0.244598,touch,1,277.21,fly_credit,1,butterfly|dte=21|rv_filter=rv10_lt_rv60|width=5.0
butterfly,is_default,IWM,2021-11-22,2021-11-23,-53.6791,-0.173069,touch,1,310.16,fly_debit,1,butterfly|dte=21|rv_filter=rv10_lt_rv60|width=5.0
butterfly,is_default,IWM,2021-11-23,2021-11-23,-8.0800,-0.024808,touch,1,325.70,fly_credit,1,butterfly|dte=21|rv_filter=rv10_lt_rv60|width=5.0
butterfly,is_default,SPY,2021-11-17,2021-11-26,-86.0102,-0.296456,touch_gap,1,290.13,fly_debit,1,butterfly|dte=21|rv_filter=rv10_lt_rv60|width=5.0
butterfly,is_default,SPY,2021-11-18,2021-11-26,88.5977,0.335436,touch_gap,1,264.13,fly_credit,1,butterfly|dte=21|rv_filter=rv10_lt_rv60|width=5.0
butterfly,is_default,IWM,2021-11-24,2021-11-30,-150.4821,-0.500266,stop,1,300.80,fly_debit,0,butterfly|dte=21|rv_filter=rv10_lt_rv60|width=5.0
butterfly,is_default,QQQ,2021-11-18,2021-12-01,-143.6355,-0.500279,stop,1,287.11,fly_debit,0,butterfly|dte=21|rv_filter=rv10_lt_rv60|width=5.0
butterfly,is_default,QQQ,2022-01-03,2022-01-04,26.3487,0.088912,touch,1,296.35,fly_debit,1,butterfly|dte=21|rv_filter=rv10_lt_rv60|width=5.0
butterfly,is_default,QQQ,2022-01-04,2022-01-04,-16.1600,-0.034949,touch,2,462.39,fly_credit,1,butterfly|dte=21|rv_filter=rv10_lt_rv60|width=5.0
butterfly,is_default,IWM,2022-01-03,2022-01-05,15.3586,0.050344,touch,1,305.07,fly_debit,1,butterfly|dte=21|rv_filter=rv10_lt_rv60|width=5.0
butterfly,is_default,IWM,2022-01-04,2022-01-05,28.5957,0.057047,touch,2,501.27,fly_credit,1,butterfly|dte=21|rv_filter=rv10_lt_rv60|width=5.0
butterfly,is_default,QQQ,2022-01-05,2022-01-07,-142.8440,-0.500280,stop,1,285.53,fly_debit,0,butterfly|dte=21|rv_filter=rv10_lt_rv60|width=5.0
butterfly,is_default,SPY,2022-01-04,2022-01-10,-179.0971,-0.616634,stop_gap,1,290.44,fly_debit,0,butterfly|dte=21|rv_filter=rv10_lt_rv60|width=5.0
butterfly,is_default,IWM,2022-01-06,2022-01-10,-49.3803,-0.167170,touch,1,295.39,fly_debit,1,butterfly|dte=21|rv_filter=rv10_lt_rv60|width=5.0
butterfly,is_default,IWM,2022-01-07,2022-01-10,58.6848,0.217637,touch,1,269.64,fly_credit,1,butterfly|dte=21|rv_filter=rv10_lt_rv60|width=5.0
butterfly,is_default,IWM,2022-01-11,2022-01-18,-47.9440,-0.159268,touch,1,301.03,fly_debit,1,butterfly|dte=21|rv_filter=rv10_lt_rv60|width=5.0
butterfly,is_default,IWM,2022-01-12,2022-01-18,199.4178,0.440335,touch,2,452.88,fly_credit,1,butterfly|dte=21|rv_filter=rv10_lt_rv60|width=5.0
butterfly,is_default,QQQ,2022-01-11,2022-01-20,-143.5330,-0.500279,stop,1,286.91,fly_debit,0,butterfly|dte=21|rv_filter=rv10_lt_rv60|width=5.0
butterfly,is_default,SPY,2022-01-11,2022-01-20,-143.6688,-0.500279,stop,1,287.18,fly_debit,0,butterfly|dte=21|rv_filter=rv10_lt_rv60|width=5.0
butterfly,is_default,IWM,2022-01-19,2022-01-20,-46.0305,-0.158548,touch,1,290.33,fly_debit,1,butterfly|dte=21|rv_filter=rv10_lt_rv60|width=5.0
butterfly,is_default,IWM,2022-01-20,2022-01-20,-6.0800,-0.019024,touch,1,319.59,fly_credit,1,butterfly|dte=21|rv_filter=rv10_lt_rv60|width=5.0
butterfly,is_default,SPY,2022-01-21,2022-01-24,-140.2607,-0.500285,stop,1,280.36,fly_debit,0,butterfly|dte=21|rv_filter=rv10_lt_rv60|width=5.0
butterfly,is_default,IWM,2022-01-21,2022-01-28,-146.1079,-0.500274,stop,1,292.06,fly_debit,0,butterfly|dte=21|rv_filter=rv10_lt_rv60|width=5.0
butterfly,is_default,QQQ,2022-01-28,2022-01-31,109.5373,0.390138,target,1,280.77,fly_debit,0,butterfly|dte=21|rv_filter=rv10_lt_rv60|width=5.0
butterfly,is_default,SPY,2022-01-27,2022-02-02,111.1149,0.400255,target,1,277.61,fly_debit,0,butterfly|dte=21|rv_filter=rv10_lt_rv60|width=5.0
butterfly,is_default,IWM,2022-02-15,2022-02-22,-57.1407,-0.199843,touch,1,285.93,fly_debit,1,butterfly|dte=21|rv_filter=rv10_lt_rv60|width=5.0
butterfly,is_default,IWM,2022-02-16,2022-02-22,178.6895,0.366289,touch,2,487.84,fly_credit,1,butterfly|dte=21|rv_filter=rv10_lt_rv60|width=5.0
butterfly,is_default,SPY,2022-03-24,2022-03-29,108.3950,0.382953,target,1,283.05,fly_debit,0,butterfly|dte=21|rv_filter=rv10_lt_rv60|width=5.0
butterfly,is_default,IWM,2022-03-28,2022-03-29,31.3173,0.104028,touch,1,301.05,fly_debit,1,butterfly|dte=21|rv_filter=rv10_lt_rv60|width=5.0
butterfly,is_default,IWM,2022-03-29,2022-03-29,-16.1600,-0.032359,touch,2,499.40,fly_credit,1,butterfly|dte=21|rv_filter=rv10_lt_rv60|width=5.0
butterfly,is_default,IWM,2022-03-30,2022-03-31,-65.6189,-0.215106,touch,1,305.05,fly_debit,1,butterfly|dte=21|rv_filter=rv10_lt_rv60|width=5.0
butterfly,is_default,IWM,2022-03-31,2022-03-31,-6.0800,-0.018094,touch,1,336.02,fly_credit,1,butterfly|dte=21|rv_filter=rv10_lt_rv60|width=5.0
butterfly,is_default,SPY,2022-03-30,2022-03-31,-26.0639,-0.089639,touch,1,290.76,fly_debit,1,butterfly|dte=21|rv_filter=rv10_lt_rv60|width=5.0
butterfly,is_default,SPY,2022-03-31,2022-03-31,-4.0800,-0.014446,touch,1,282.42,fly_credit,1,butterfly|dte=21|rv_filter=rv10_lt_rv60|width=5.0
butterfly,is_default,QQQ,2022-03-28,2022-04-04,102.8737,0.349800,target,1,294.09,fly_debit,0,butterfly|dte=21|rv_filter=rv10_lt_rv60|width=5.0
butterfly,is_default,QQQ,2022-04-05,2022-04-06,-142.6789,-0.500281,stop,1,285.20,fly_debit,0,butterfly|dte=21|rv_filter=rv10_lt_rv60|width=5.0
butterfly,is_default,IWM,2022-04-01,2022-04-06,-87.7288,-0.287065,touch,1,305.61,fly_debit,1,butterfly|dte=21|rv_filter=rv10_lt_rv60|width=5.0
butterfly,is_default,IWM,2022-04-04,2022-04-06,222.8766,0.441969,touch,2,504.28,fly_credit,1,butterfly|dte=21|rv_filter=rv10_lt_rv60|width=5.0
butterfly,is_default,SPY,2022-04-01,2022-04-06,-70.7931,-0.242285,touch_gap,1,292.19,fly_debit,1,butterfly|dte=21|rv_filter=rv10_lt_rv60|width=5.0
butterfly,is_default,SPY,2022-04-04,2022-04-06,58.4274,0.219942,touch_gap,1,265.65,fly_credit,1,butterfly|dte=21|rv_filter=rv10_lt_rv60|width=5.0
butterfly,is_default,QQQ,2022-04-07,2022-04-11,-73.2070,-0.255248,touch_gap,1,286.81,fly_debit,1,butterfly|dte=21|rv_filter=rv10_lt_rv60|width=5.0
butterfly,is_default,QQQ,2022-04-08,2022-04-11,67.9198,0.261924,touch_gap,1,259.31,fly_credit,1,butterfly|dte=21|rv_filter=rv10_lt_rv60|width=5.0
butterfly,is_default,SPY,2022-04-07,2022-04-22,-141.2494,-0.500283,stop,1,282.34,fly_debit,0,butterfly|dte=21|rv_filter=rv10_lt_rv60|width=5.0
butterfly,is_default,QQQ,2022-04-12,2022-04-22,-140.4163,-0.500285,stop,1,280.67,fly_debit,0,butterfly|dte=21|rv_filter=rv10_lt_rv60|width=5.0
butterfly,is_default,IWM,2022-04-07,2022-04-22,-55.7787,-0.185121,touch,1,301.31,fly_debit,1,butterfly|dte=21|rv_filter=rv10_lt_rv60|width=5.0
butterfly,is_default,IWM,2022-04-08,2022-04-22,79.5240,0.271132,touch,1,293.30,fly_credit,1,butterfly|dte=21|rv_filter=rv10_lt_rv60|width=5.0
butterfly,is_default,QQQ,2022-04-25,2022-04-26,22.2895,0.078686,touch,1,283.27,fly_debit,1,butterfly|dte=21|rv_filter=rv10_lt_rv60|width=5.0
butterfly,is_default,QQQ,2022-04-26,2022-04-26,-16.1600,-0.034609,touch,2,466.93,fly_credit,1,butterfly|dte=21|rv_filter=rv10_lt_rv60|width=5.0
butterfly,is_default,IWM,2022-04-25,2022-04-28,-32.7819,-0.109506,touch,1,299.36,fly_debit,1,butterfly|dte=21|rv_filter=rv10_lt_rv60|width=5.0
butterfly,is_default,IWM,2022-04-26,2022-04-28,35.1638,0.135861,touch,1,258.82,fly_credit,1,butterfly|dte=21|rv_filter=rv10_lt_rv60|width=5.0
butterfly,is_default,SPY,2022-04-25,2022-05-02,-141.4438,-0.500283,stop,1,282.73,fly_debit,0,butterfly|dte=21|rv_filter=rv10_lt_rv60|width=5.0
butterfly,is_default,QQQ,2022-06-03,2022-06-07,-54.4917,-0.188823,touch_gap,1,288.59,fly_debit,1,butterfly|dte=21|rv_filter=rv10_lt_rv60|width=5.0
butterfly,is_default,QQQ,2022-06-06,2022-06-07,115.9773,0.234493,touch_gap,2,494.59,fly_credit,1,butterfly|dte=21|rv_filter=rv10_lt_rv60|width=5.0
butterfly,is_default,QQQ,2022-06-08,2022-06-09,-29.6663,-0.103829,touch,1,285.72,fly_debit,1,butterfly|dte=21|rv_filter=rv10_lt_rv60|width=5.0
butterfly,is_default,QQQ,2022-06-09,2022-06-09,-4.0800,-0.014186,touch,1,287.60,fly_credit,1,butterfly|dte=21|rv_filter=rv10_lt_rv60|width=5.0
butterfly,is_default,SPY,2022-06-03,2022-06-10,-169.4817,-0.582380,stop_gap,1,291.02,fly_debit,0,butterfly|dte=21|rv_filter=rv10_lt_rv60|width=5.0
butterfly,is_default,IWM,2022-06-03,2022-06-10,-117.1646,-0.382886,touch_gap,1,306.00,fly_debit,1,butterfly|dte=21|rv_filter=rv10_lt_rv60|width=5.0
butterfly,is_default,IWM,2022-06-06,2022-06-10,278.2006,0.569228,touch_gap,2,488.73,fly_credit,1,butterfly|dte=21|rv_filter=rv10_lt_rv60|width=5.0
butterfly,is_default,QQQ,2022-06-10,2022-06-13,-142.5415,-0.500281,stop,1,284.92,fly_debit,0,butterfly|dte=21|rv_filter=rv10_lt_rv60|width=5.0
butterfly,is_default,QQQ,2022-06-14,2022-06-15,10.0432,0.036243,touch,1,277.11,fly_debit,1,butterfly|dte=21|rv_filter=rv10_lt_rv60|width=5.0
butterfly,is_default,QQQ,2022-06-15,2022-06-15,-8.1600,-0.016420,touch,2,496.95,fly_credit,1,butterfly|dte=21|rv_filter=rv10_lt_rv60|width=5.0
butterfly,is_default,QQQ,2022-07-01,2022-07-05,-8.7924,-0.030674,touch,1,286.64,fly_debit,1,butterfly|dte=21|rv_filter=rv10_lt_rv60|width=5.0
butterfly,is_default,QQQ,2022-07-05,2022-07-05,-8.0800,-0.029671,touch,1,272.32,fly_credit,1,butterfly|dte=21|rv_filter=rv10_lt_rv60|width=5.0
butterfly,is_default,IWM,2022-07-05,2022-07-07,50.6064,0.171690,touch,1,294.76,fly_debit,1,butterfly|dte=21|rv_filter=rv10_lt_rv60|width=5.0
butterfly,is_default,IWM,2022-07-06,2022-07-07,-21.7340,-0.047893,touch,2,453.80,fly_credit,1,butterfly|dte=21|rv_filter=rv10_lt_rv60|width=5.0
butterfly,is_default,QQQ,2022-07-06,2022-07-07,15.6728,0.054618,touch,1,286.95,fly_debit,1,butterfly|dte=21|rv_filter=rv10_lt_rv60|width=5.0
butterfly,is_default,QQQ,2022-07-07,2022-07-07,-8.1600,-0.017166,touch,2,475.37,fly_credit,1,butterfly|dte=21|rv_filter=rv10_lt_rv60|width=5.0
butterfly,is_default,QQQ,2022-07-08,2022-07-12,-21.2796,-0.073390,touch,1,289.95,fly_debit,1,butterfly|dte=21|rv_filter=rv10_lt_rv60|width=5.0
butterfly,is_default,QQQ,2022-07-11,2022-07-12,17.2350,0.067440,touch,1,255.56,fly_credit,1,butterfly|dte=21|rv_filter=rv10_lt_rv60|width=5.0
butterfly,is_default,IWM,2022-07-08,2022-07-13,-103.2533,-0.338665,touch_gap,1,304.88,fly_debit,1,butterfly|dte=21|rv_filter=rv10_lt_rv60|width=5.0
butterfly,is_default,IWM,2022-07-11,2022-07-13,74.7999,0.251411,touch_gap,1,297.52,fly_credit,1,butterfly|dte=21|rv_filter=rv10_lt_rv60|width=5.0
butterfly,is_default,QQQ,2022-07-13,2022-07-14,16.5037,0.058390,touch,1,282.65,fly_debit,1,butterfly|dte=21|rv_filter=rv10_lt_rv60|width=5.0
butterfly,is_default,QQQ,2022-07-14,2022-07-14,-8.1600,-0.016828,touch,2,484.90,fly_credit,1,butterfly|dte=21|rv_filter=rv10_lt_rv60|width=5.0
butterfly,is_default,SPY,2022-07-05,2022-07-18,107.8912,0.379822,target,1,284.06,fly_debit,0,butterfly|dte=21|rv_filter=rv10_lt_rv60|width=5.0
butterfly,is_default,IWM,2022-07-14,2022-07-18,94.9714,0.319790,touch_gap,1,296.98,fly_debit,1,butterfly|dte=21|rv_filter=rv10_lt_rv60|width=5.0
butterfly,is_default,IWM,2022-07-15,2022-07-18,-140.8126,-0.293867,touch_gap,2,479.17,fly_credit,1,butterfly|dte=21|rv_filter=rv10_lt_rv60|width=5.0
butterfly,is_default,QQQ,2022-07-15,2022-07-18,43.0549,0.149582,touch,1,287.84,fly_debit,1,butterfly|dte=21|rv_filter=rv10_lt_rv60|width=5.0
butterfly,is_default,QQQ,2022-07-18,2022-07-18,-16.1600,-0.037395,touch,2,432.15,fly_credit,1,butterfly|dte=21|rv_filter=rv10_lt_rv60|width=5.0
butterfly,is_default,IWM,2022-07-19,2022-07-20,48.1417,0.161622,touch,1,297.87,fly_debit,1,butterfly|dte=21|rv_filter=rv10_lt_rv60|width=5.0
butterfly,is_default,IWM,2022-07-20,2022-07-20,-8.1600,-0.018447,touch,2,442.35,fly_credit,1,butterfly|dte=21|rv_filter=rv10_lt_rv60|width=5.0
butterfly,is_default,QQQ,2022-07-19,2022-07-22,105.9652,0.368050,target,1,287.91,fly_debit,0,butterfly|dte=21|rv_filter=rv10_lt_rv60|width=5.0
butterfly,is_default,QQQ,2022-07-25,2022-07-26,-43.5319,-0.147378,touch,1,295.38,fly_debit,1,butterfly|dte=21|rv_filter=rv10_lt_rv60|width=5.0
butterfly,is_default,QQQ,2022-07-26,2022-07-26,-8.0800,-0.026792,touch,1,301.59,fly_credit,1,butterfly|dte=21|rv_filter=rv10_lt_rv60|width=5.0
butterfly,is_default,SPY,2022-07-19,2022-07-27,106.1576,0.369212,target,1,287.52,fly_debit,0,butterfly|dte=21|rv_filter=rv10_lt_rv60|width=5.0
butterfly,is_default,IWM,2022-07-21,2022-07-28,65.2476,0.210743,touch,1,309.61,fly_debit,1,butterfly|dte=21|rv_filter=rv10_lt_rv60|width=5.0
butterfly,is_default,IWM,2022-07-22,2022-07-28,-72.9402,-0.156368,touch,2,466.47,fly_credit,1,butterfly|dte=21|rv_filter=rv10_lt_rv60|width=5.0
butterfly,is_default,QQQ,2022-07-27,2022-07-29,105.8059,0.367091,target,1,288.23,fly_debit,0,butterfly|dte=21|rv_filter=rv10_lt_rv60|width=5.0
butterfly,is_default,QQQ,2022-08-01,2022-08-03,12.7863,0.043548,touch,1,293.61,fly_debit,1,butterfly|dte=21|rv_filter=rv10_lt_rv60|width=5.0
butterfly,is_default,QQQ,2022-08-02,2022-08-03,-40.8017,-0.148270,touch,1,275.19,fly_credit,1,butterfly|dte=21|rv_filter=rv10_lt_rv60|width=5.0
butterfly,is_default,SPY,2022-07-28,2022-08-04,105.5345,0.365461,target,1,288.77,fly_debit,0,butterfly|dte=21|rv_filter=rv10_lt_rv60|width=5.0
butterfly,is_default,IWM,2022-07-29,2022-08-05,31.4713,0.101686,touch,1,309.49,fly_debit,1,butterfly|dte=21|rv_filter=rv10_lt_rv60|width=5.0
butterfly,is_default,IWM,2022-08-01,2022-08-05,-38.5561,-0.132723,touch,1,290.50,fly_credit,1,butterfly|dte=21|rv_filter=rv10_lt_rv60|width=5.0
butterfly,is_default,QQQ,2022-08-04,2022-08-05,-40.3123,-0.139003,stop_gap,1,290.01,fly_debit,1,butterfly|dte=21|rv_filter=rv10_lt_rv60|width=5.0
butterfly,is_default,QQQ,2022-08-05,2022-08-05,-8.0800,-0.027079,stop_gap,1,298.38,fly_credit,1,butterfly|dte=21|rv_filter=rv10_lt_rv60|width=5.0
butterfly,is_default,SPY,2022-08-05,2022-08-11,104.1986,0.357527,target,1,291.44,fly_debit,0,butterfly|dte=21|rv_filter=rv10_lt_rv60|width=5.0
butterfly,is_default,IWM,2022-08-08,2022-08-11,82.1330,0.258358,touch_gap,1,317.90,fly_debit,1,butterfly|dte=21|rv_filter=rv10_lt_rv60|width=5.0
butterfly,is_default,IWM,2022-08-09,2022-08-11,-113.9504,-0.400177,touch_gap,1,284.75,fly_credit,1,butterfly|dte=21|rv_filter=rv10_lt_rv60|width=5.0
butterfly,is_default,QQQ,2022-08-08,2022-08-15,103.2045,0.351716,target,1,293.43,fly_debit,0,butterfly|dte=21|rv_filter=rv10_lt_rv60|width=5.0
butterfly,is_default,SPY,2022-08-12,2022-08-15,23.9156,0.080687,touch,1,296.40,fly_debit,1,butterfly|dte=21|rv_filter=rv10_lt_rv60|width=5.0
butterfly,is_default,SPY,2022-08-15,2022-08-15,-16.1600,-0.034741,touch,2,465.16,fly_credit,1,butterfly|dte=21|rv_filter=rv10_lt_rv60|width=5.0
butterfly,is_default,QQQ,2022-08-16,2022-08-17,-31.4162,-0.107426,touch,1,292.45,fly_debit,1,butterfly|dte=21|rv_filter=rv10_lt_rv60|width=5.0
butterfly,is_default,QQQ,2022-08-17,2022-08-17,-4.0800,-0.014216,touch,1,287.01,fly_credit,1,butterfly|dte=21|rv_filter=rv10_lt_rv60|width=5.0
butterfly,is_default,QQQ,2022-08-18,2022-08-19,-26.0188,-0.087873,touch,1,296.10,fly_debit,1,butterfly|dte=21|rv_filter=rv10_lt_rv60|width=5.0
butterfly,is_default,QQQ,2022-08-19,2022-08-19,-8.0800,-0.028757,touch,1,280.97,fly_credit,1,butterfly|dte=21|rv_filter=rv10_lt_rv60|width=5.0
butterfly,is_default,SPY,2022-08-16,2022-08-22,-145.0836,-0.500276,stop,1,290.01,fly_debit,0,butterfly|dte=21|rv_filter=rv10_lt_rv60|width=5.0
butterfly,is_default,IWM,2022-08-12,2022-08-22,-118.3222,-0.373726,touch_gap,1,316.60,fly_debit,1,butterfly|dte=21|rv_filter=rv10_lt_rv60|width=5.0
butterfly,is_default,IWM,2022-08-15,2022-08-22,315.5465,0.629112,touch_gap,2,501.57,fly_credit,1,butterfly|dte=21|rv_filter=rv10_lt_rv60|width=5.0
butterfly,is_default,QQQ,2022-08-22,2022-08-23,-54.5410,-0.179982,stop_gap,1,303.04,fly_debit,1,butterfly|dte=21|rv_filter=rv10_lt_rv60|width=5.0
butterfly,is_default,QQQ,2022-08-23,2022-08-23,-8.0800,-0.026720,stop_gap,1,302.39,fly_credit,1,butterfly|dte=21|rv_filter=rv10_lt_rv60|width=5.0
butterfly,is_default,QQQ,2022-08-24,2022-08-25,24.3864,0.085424,touch,1,285.47,fly_debit,1,butterfly|dte=21|rv_filter=rv10_lt_rv60|width=5.0
butterfly,is_default,QQQ,2022-08-25,2022-08-25,-8.1600,-0.017519,touch,2,465.78,fly_credit,1,butterfly|dte=21|rv_filter=rv10_lt_rv60|width=5.0
butterfly,is_default,QQQ,2022-08-26,2022-08-29,-155.4372,-0.524993,stop_gap,1,296.07,fly_debit,0,butterfly|dte=21|rv_filter=rv10_lt_rv60|width=5.0
butterfly,is_default,SPY,2022-08-23,2022-08-30,-143.7380,-0.500278,stop,1,287.32,fly_debit,0,butterfly|dte=21|rv_filter=rv10_lt_rv60|width=5.0
butterfly,is_default,IWM,2022-08-23,2022-08-30,-49.6491,-0.165567,touch,1,299.87,fly_debit,1,butterfly|dte=21|rv_filter=rv10_lt_rv60|width=5.0
butterfly,is_default,IWM,2022-08-24,2022-08-30,46.1568,0.166957,touch,1,276.46,fly_credit,1,butterfly|dte=21|rv_filter=rv10_lt_rv60|width=5.0
butterfly,is_default,QQQ,2022-08-30,2022-08-31,-20.0698,-0.069904,touch,1,287.11,fly_debit,1,butterfly|dte=21|rv_filter=rv10_lt_rv60|width=5.0
butterfly,is_default,QQQ,2022-08-31,2022-08-31,-4.0800,-0.014886,touch,1,274.08,fly_credit,1,butterfly|dte=21|rv_filter=rv10_lt_rv60|width=5.0
butterfly,is_default,IWM,2022-08-31,2022-09-01,-47.3267,-0.158108,touch,1,299.33,fly_debit,1,butterfly|dte=21|rv_filter=rv10_lt_rv60|width=5.0
butterfly,is_default,IWM,2022-09-01,2022-09-01,-6.0800,-0.018751,touch,1,324.25,fly_credit,1,butterfly|dte=21|rv_filter=rv10_lt_rv60|width=5.0
butterfly,is_default,IWM,2022-09-02,2022-09-06,-52.3890,-0.174615,touch,1,300.03,fly_debit,1,butterfly|dte=21|rv_filter=rv10_lt_rv60|width=5.0
butterfly,is_default,IWM,2022-09-06,2022-09-06,-8.0800,-0.023749,touch,1,340.22,fly_credit,1,butterfly|dte=21|rv_filter=rv10_lt_rv60|width=5.0
butterfly,is_default,IWM,2022-09-07,2022-09-08,36.6750,0.122132,touch,1,300.29,fly_debit,1,butterfly|dte=21|rv_filter=rv10_lt_rv60|width=5.0
butterfly,is_default,IWM,2022-09-08,2022-09-08,-8.1600,-0.017438,touch,2,467.93,fly_credit,1,butterfly|dte=21|rv_filter=rv10_lt_rv60|width=5.0
butterfly,is_default,SPY,2022-08-31,2022-09-12,106.7493,0.372804,target,1,286.34,fly_debit,0,butterfly|dte=21|rv_filter=rv10_lt_rv60|width=5.0
butterfly,is_default,QQQ,2022-09-01,2022-09-12,106.9093,0.373781,target,1,286.02,fly_debit,0,butterfly|dte=21|rv_filter=rv10_lt_rv60|width=5.0
butterfly,is_default,QQQ,2022-09-13,2022-09-16,-143.7728,-0.500278,stop,1,287.39,fly_debit,0,butterfly|dte=21|rv_filter=rv10_lt_rv60|width=5.0
butterfly,is_default,SPY,2022-09-13,2022-09-16,-150.1724,-0.522232,stop_gap,1,287.56,fly_debit,0,butterfly|dte=21|rv_filter=rv10_lt_rv60|width=5.0
butterfly,is_default,IWM,2022-09-13,2022-09-21,-150.9426,-0.500265,stop,1,301.73,fly_debit,0,butterfly|dte=21|rv_filter=rv10_lt_rv60|width=5.0
butterfly,is_default,QQQ,2022-09-28,2022-09-29,9.0601,0.031435,touch,1,288.21,fly_debit,1,butterfly|dte=21|rv_filter=rv10_lt_rv60|width=5.0
butterfly,is_default,QQQ,2022-09-29,2022-09-29,-8.1600,-0.016803,touch,2,485.63,fly_credit,1,butterfly|dte=21|rv_filter=rv10_lt_rv60|width=5.0
butterfly,is_default,QQQ,2022-09-30,2022-10-03,-47.9932,-0.166303,stop,1,288.59,fly_debit,1,butterfly|dte=21|rv_filter=rv10_lt_rv60|width=5.0
butterfly,is_default,QQQ,2022-10-03,2022-10-03,13.4806,0.048125,stop,1,280.12,fly_credit,1,butterfly|dte=21|rv_filter=rv10_lt_rv60|width=5.0
butterfly,is_default,IWM,2022-09-27,2022-10-04,79.5291,0.266658,touch_gap,1,298.24,fly_debit,1,butterfly|dte=21|rv_filter=rv10_lt_rv60|width=5.0
butterfly,is_default,IWM,2022-09-28,2022-10-04,-100.3477,-0.366034,touch_gap,1,274.15,fly_credit,1,butterfly|dte=21|rv_filter=rv10_lt_rv60|width=5.0
butterfly,is_default,SPY,2022-09-28,2022-10-06,107.3450,0.376451,target,1,285.15,fly_debit,0,butterfly|dte=21|rv_filter=rv10_lt_rv60|width=5.0
butterfly,is_default,QQQ,2022-10-04,2022-10-06,13.8357,0.048478,touch,1,285.40,fly_debit,1,butterfly|dte=21|rv_filter=rv10_lt_rv60|width=5.0
butterfly,is_default,QQQ,2022-10-05,2022-10-06,-26.4171,-0.100111,touch,1,263.88,fly_credit,1,butterfly|dte=21|rv_filter=rv10_lt_rv60|width=5.0
butterfly,is_default,QQQ,2022-11-01,2022-11-02,-143.0467,-0.500280,stop,1,285.93,fly_debit,0,butterfly|dte=21|rv_filter=rv10_lt_rv60|width=5.0
butterfly,is_default,SPY,2022-10-31,2022-11-02,-30.0798,-0.101092,touch,1,297.55,fly_debit,1,butterfly|dte=21|rv_filter=rv10_lt_rv60|width=5.0
butterfly,is_default,SPY,2022-11-01,2022-11-02,95.3130,0.214770,touch,2,443.79,fly_credit,1,butterfly|dte=21|rv_filter=rv10_lt_rv60|width=5.0
butterfly,is_default,IWM,2022-10-31,2022-11-03,-123.1840,-0.393967,touch_gap,1,312.68,fly_debit,1,butterfly|dte=21|rv_filter=rv10_lt_rv60|width=5.0
butterfly,is_default,IWM,2022-11-01,2022-11-03,311.5969,0.687559,touch_gap,2,453.19,fly_credit,1,butterfly|dte=21|rv_filter=rv10_lt_rv60|width=5.0
butterfly,is_default,SPY,2022-11-07,2022-11-08,22.7744,0.077708,touch,1,293.08,fly_debit,1,butterfly|dte=21|rv_filter=rv10_lt_rv60|width=5.0
butterfly,is_default,SPY,2022-11-08,2022-11-08,-16.1600,-0.035238,touch,2,458.59,fly_credit,1,butterfly|dte=21|rv_filter=rv10_lt_rv60|width=5.0
butterfly,is_default,IWM,2022-11-04,2022-11-10,39.0730,0.128090,touch,1,305.04,fly_debit,1,butterfly|dte=21|rv_filter=rv10_lt_rv60|width=5.0
butterfly,is_default,IWM,2022-11-07,2022-11-10,-42.3834,-0.159293,touch,1,266.07,fly_credit,1,butterfly|dte=21|rv_filter=rv10_lt_rv60|width=5.0
butterfly,is_default,SPY,2022-11-09,2022-11-11,105.1639,0.363245,target,1,289.51,fly_debit,0,butterfly|dte=21|rv_filter=rv10_lt_rv60|width=5.0
butterfly,is_default,QQQ,2022-11-28,2022-11-29,-32.3147,-0.106762,touch,1,302.68,fly_debit,1,butterfly|dte=21|rv_filter=rv10_lt_rv60|width=5.0
butterfly,is_default,QQQ,2022-11-29,2022-11-29,-8.0800,-0.027914,touch,1,289.46,fly_credit,1,butterfly|dte=21|rv_filter=rv10_lt_rv60|width=5.0
butterfly,is_default,QQQ,2022-11-30,2022-12-01,103.0748,0.350964,target,1,293.69,fly_debit,0,butterfly|dte=21|rv_filter=rv10_lt_rv60|width=5.0
butterfly,is_default,IWM,2022-11-28,2022-12-01,63.3656,0.195620,touch,1,323.92,fly_debit,1,butterfly|dte=21|rv_filter=rv10_lt_rv60|width=5.0
butterfly,is_default,IWM,2022-11-29,2022-12-01,-132.3725,-0.408154,touch,1,324.32,fly_credit,1,butterfly|dte=21|rv_filter=rv10_lt_rv60|width=5.0
butterfly,is_default,QQQ,2022-12-02,2022-12-06,-19.7120,-0.066575,touch,1,296.09,fly_debit,1,butterfly|dte=21|rv_filter=rv10_lt_rv60|width=5.0
butterfly,is_default,QQQ,2022-12-05,2022-12-06,53.0220,0.107076,touch,2,495.18,fly_credit,1,butterfly|dte=21|rv_filter=rv10_lt_rv60|width=5.0
butterfly,is_default,SPY,2022-11-28,2022-12-09,-83.4441,-0.273949,time,1,304.60,fly_debit,0,butterfly|dte=21|rv_filter=rv10_lt_rv60|width=5.0
butterfly,is_default,IWM,2022-12-02,2022-12-09,-95.0831,-0.293083,touch,1,324.42,fly_debit,1,butterfly|dte=21|rv_filter=rv10_lt_rv60|width=5.0
butterfly,is_default,IWM,2022-12-05,2022-12-09,265.4527,0.585423,touch,2,453.44,fly_credit,1,butterfly|dte=21|rv_filter=rv10_lt_rv60|width=5.0
butterfly,is_default,QQQ,2022-12-07,2022-12-09,16.6514,0.055630,touch,1,299.32,fly_debit,1,butterfly|dte=21|rv_filter=rv10_lt_rv60|width=5.0
butterfly,is_default,QQQ,2022-12-08,2022-12-09,-30.5338,-0.063715,touch,2,479.22,fly_credit,1,butterfly|dte=21|rv_filter=rv10_lt_rv60|width=5.0
butterfly,is_default,QQQ,2022-12-12,2022-12-13,99.4097,0.330242,target,1,301.02,fly_debit,0,butterfly|dte=21|rv_filter=rv10_lt_rv60|width=5.0
butterfly,is_default,SPY,2022-12-12,2022-12-16,-148.9349,-0.500269,stop,1,297.71,fly_debit,0,butterfly|dte=21|rv_filter=rv10_lt_rv60|width=5.0
butterfly,is_default,QQQ,2022-12-14,2022-12-16,-148.2960,-0.500270,stop,1,296.43,fly_debit,0,butterfly|dte=21|rv_filter=rv10_lt_rv60|width=5.0
butterfly,is_default,IWM,2022-12-12,2022-12-19,-156.6734,-0.500255,stop,1,313.19,fly_debit,0,butterfly|dte=21|rv_filter=rv10_lt_rv60|width=5.0
butterfly,is_default,SPY,2022-12-19,2022-12-20,-52.4996,-0.172199,touch,1,304.88,fly_debit,1,butterfly|dte=21|rv_filter=rv10_lt_rv60|width=5.0
butterfly,is_default,SPY,2022-12-20,2022-12-20,-8.0800,-0.026568,touch,1,304.13,fly_credit,1,butterfly|dte=21|rv_filter=rv10_lt_rv60|width=5.0
butterfly,is_default,QQQ,2022-12-19,2022-12-22,-150.9357,-0.500265,stop,1,301.71,fly_debit,0,butterfly|dte=21|rv_filter=rv10_lt_rv60|width=5.0
butterfly,is_default,SPY,2022-12-21,2022-12-22,-2.6607,-0.008901,touch,1,298.90,fly_debit,1,butterfly|dte=21|rv_filter=rv10_lt_rv60|width=5.0
butterfly,is_default,SPY,2022-12-22,2022-12-22,-4.0800,-0.015898,touch,1,256.63,fly_credit,1,butterfly|dte=21|rv_filter=rv10_lt_rv60|width=5.0
butterfly,is_default,QQQ,2022-12-23,2022-12-28,-32.3476,-0.105474,touch,1,306.69,fly_debit,1,butterfly|dte=21|rv_filter=rv10_lt_rv60|width=5.0
butterfly,is_default,QQQ,2022-12-27,2022-12-28,81.7818,0.167414,touch,2,488.50,fly_credit,1,butterfly|dte=21|rv_filter=rv10_lt_rv60|width=5.0
butterfly,is_default,IWM,2022-12-20,2022-12-30,59.8614,0.195059,window_mtm,1,306.89,fly_debit,0,butterfly|dte=21|rv_filter=rv10_lt_rv60|width=5.0
butterfly,is_default,SPY,2022-12-23,2022-12-30,29.5151,0.099733,window_mtm,1,295.94,fly_debit,1,butterfly|dte=21|rv_filter=rv10_lt_rv60|width=5.0
butterfly,is_default,SPY,2022-12-27,2022-12-30,-6.4483,-0.014080,window_mtm,2,457.99,fly_credit,1,butterfly|dte=21|rv_filter=rv10_lt_rv60|width=5.0
butterfly,is_default,QQQ,2022-12-29,2022-12-30,30.3276,0.102075,window_mtm,1,297.11,fly_debit,1,butterfly|dte=21|rv_filter=rv10_lt_rv60|width=5.0
butterfly,is_default,QQQ,2022-12-30,2022-12-30,-38.7089,-0.150955,window_mtm,1,256.43,fly_credit,1,butterfly|dte=21|rv_filter=rv10_lt_rv60|width=5.0
butterfly,oos,QQQ,2023-01-04,2023-01-05,-23.8291,-0.083282,touch,1,286.12,fly_debit,1,butterfly|dte=35|rv_filter=rv10_lt_rv60|width=5.0
butterfly,oos,QQQ,2023-01-05,2023-01-05,-4.0800,-0.014612,touch,1,279.23,fly_credit,1,butterfly|dte=35|rv_filter=rv10_lt_rv60|width=5.0
butterfly,oos,IWM,2023-01-04,2023-01-09,57.8441,0.194923,touch,1,296.75,fly_debit,1,butterfly|dte=35|rv_filter=rv10_lt_rv60|width=5.0
butterfly,oos,IWM,2023-01-05,2023-01-09,-66.9632,-0.244597,touch,1,273.77,fly_credit,1,butterfly|dte=35|rv_filter=rv10_lt_rv60|width=5.0
butterfly,oos,QQQ,2023-01-06,2023-01-11,103.2477,0.351967,target,1,293.34,fly_debit,0,butterfly|dte=35|rv_filter=rv10_lt_rv60|width=5.0
butterfly,oos,SPY,2023-01-04,2023-01-12,104.8010,0.361086,target,1,290.24,fly_debit,0,butterfly|dte=35|rv_filter=rv10_lt_rv60|width=5.0
butterfly,oos,IWM,2023-01-10,2023-01-12,67.4558,0.226030,touch_gap,1,298.44,fly_debit,1,butterfly|dte=35|rv_filter=rv10_lt_rv60|width=5.0
butterfly,oos,IWM,2023-01-11,2023-01-12,-67.9893,-0.153126,touch_gap,2,444.01,fly_credit,1,butterfly|dte=35|rv_filter=rv10_lt_rv60|width=5.0
butterfly,oos,QQQ,2023-01-12,2023-01-18,46.7164,0.159994,touch_gap,1,291.99,fly_debit,1,butterfly|dte=35|rv_filter=rv10_lt_rv60|width=5.0
butterfly,oos,QQQ,2023-01-13,2023-01-18,-66.1886,-0.247095,touch_gap,1,267.87,fly_credit,1,butterfly|dte=35|rv_filter=rv10_lt_rv60|width=5.0
butterfly,oos,QQQ,2023-01-19,2023-01-20,1.6133,0.005461,touch,1,295.41,fly_debit,1,butterfly|dte=35|rv_filter=rv10_lt_rv60|width=5.0
butterfly,oos,QQQ,2023-01-20,2023-01-20,-8.1600,-0.016532,touch,2,493.59,fly_credit,1,butterfly|dte=35|rv_filter=rv10_lt_rv60|width=5.0
butterfly,oos,QQQ,2023-01-23,2023-01-24,29.6121,0.101332,touch,1,292.23,fly_debit,1,butterfly|dte=35|rv_filter=rv10_lt_rv60|width=5.0
butterfly,oos,QQQ,2023-01-24,2023-01-24,-8.1600,-0.018288,touch,2,446.18,fly_credit,1,butterfly|dte=35|rv_filter=rv10_lt_rv60|width=5.0
butterfly,oos,IWM,2023-01-13,2023-01-26,72.8465,0.230712,touch,1,315.75,fly_debit,1,butterfly|dte=35|rv_filter=rv10_lt_rv60|width=5.0
butterfly,oos,IWM,2023-01-17,2023-01-26,-79.1687,-0.178417,touch,2,443.73,fly_credit,1,butterfly|dte=35|rv_filter=rv10_lt_rv60|width=5.0
butterfly,oos,SPY,2023-01-13,2023-01-27,103.6164,0.354114,target,1,292.61,fly_debit,0,butterfly|dte=35|rv_filter=rv10_lt_rv60|width=5.0
butterfly,oos,QQQ,2023-01-25,2023-02-01,103.7891,0.355124,target,1,292.26,fly_debit,0,butterfly|dte=35|rv_filter=rv10_lt_rv60|width=5.0
butterfly,oos,IWM,2023-01-27,2023-02-01,40.8337,0.132123,touch,1,309.06,fly_debit,1,butterfly|dte=35|rv_filter=rv10_lt_rv60|width=5.0
butterfly,oos,IWM,2023-01-30,2023-02-01,-57.4655,-0.209693,touch,1,274.05,fly_credit,1,butterfly|dte=35|rv_filter=rv10_lt_rv60|width=5.0
butterfly,oos,SPY,2023-01-30,2023-02-01,14.9057,0.050373,touch,1,295.91,fly_debit,1,butterfly|dte=35|rv_filter=rv10_lt_rv60|width=5.0
butterfly,oos,SPY,2023-01-31,2023-02-01,-39.2996,-0.147467,touch,1,266.50,fly_credit,1,butterfly|dte=35|rv_filter=rv10_lt_rv60|width=5.0
butterfly,oos,QQQ,2023-02-02,2023-02-03,-51.8813,-0.178956,stop,1,289.91,fly_debit,1,butterfly|dte=35|rv_filter=rv10_lt_rv60|width=5.0
butterfly,oos,QQQ,2023-02-03,2023-02-03,18.1069,0.065293,stop,1,277.32,fly_credit,1,butterfly|dte=35|rv_filter=rv10_lt_rv60|width=5.0
butterfly,oos,QQQ,2023-02-06,2023-02-07,-4.5724,-0.015798,touch,1,289.43,fly_debit,1,butterfly|dte=35|rv_filter=rv10_lt_rv60|width=5.0
butterfly,oos,QQQ,2023-02-07,2023-02-07,-4.0800,-0.015821,touch,1,257.89,fly_credit,1,butterfly|dte=35|rv_filter=rv10_lt_rv60|width=5.0
butterfly,oos,IWM,2023-02-02,2023-02-09,-29.5116,-0.095620,touch,1,308.63,fly_debit,1,butterfly|dte=35|rv_filter=rv10_lt_rv60|width=5.0
butterfly,oos,IWM,2023-02-03,2023-02-09,27.7545,0.104517,touch,1,265.55,fly_credit,1,butterfly|dte=35|rv_filter=rv10_lt_rv60|width=5.0
butterfly,oos,SPY,2023-02-02,2023-02-21,-147.6999,-0.500271,stop,1,295.24,fly_debit,0,butterfly|dte=35|rv_filter=rv10_lt_rv60|width=5.0
butterfly,oos,QQQ,2023-02-17,2023-02-21,-34.6792,-0.118603,touch,1,292.40,fly_debit,1,butterfly|dte=35|rv_filter=rv10_lt_rv60|width=5.0
butterfly,oos,QQQ,2023-02-21,2023-02-21,-4.0800,-0.014220,touch,1,286.92,fly_credit,1,butterfly|dte=35|rv_filter=rv10_lt_rv60|width=5.0
butterfly,oos,IWM,2023-02-16,2023-02-22,-61.4771,-0.201468,touch,1,305.15,fly_debit,1,butterfly|dte=35|rv_filter=rv10_lt_rv60|width=5.0
butterfly,oos,IWM,2023-02-17,2023-02-22,53.2815,0.198916,touch,1,267.86,fly_credit,1,butterfly|dte=35|rv_filter=rv10_lt_rv60|width=5.0
butterfly,oos,SPY,2023-02-22,2023-02-24,-32.0700,-0.111941,touch,1,286.49,fly_debit,1,butterfly|dte=35|rv_filter=rv10_lt_rv60|width=5.0
butterfly,oos,SPY,2023-02-23,2023-02-24,86.0980,0.181577,touch,2,474.17,fly_credit,1,butterfly|dte=35|rv_filter=rv10_lt_rv60|width=5.0
butterfly,oos,SPY,2023-02-27,2023-03-01,-38.8325,-0.133076,touch,1,291.81,fly_debit,1,butterfly|dte=35|rv_filter=rv10_lt_rv60|width=5.0
butterfly,oos,SPY,2023-02-28,2023-03-01,13.0658,0.047878,touch,1,272.89,fly_credit,1,butterfly|dte=35|rv_filter=rv10_lt_rv60|width=5.0
butterfly,oos,QQQ,2023-02-22,2023-03-02,-53.3188,-0.186341,touch_gap,1,286.14,fly_debit,1,butterfly|dte=35|rv_filter=rv10_lt_rv60|width=5.0
butterfly,oos,QQQ,2023-02-23,2023-03-02,160.7988,0.350656,touch_gap,2,458.57,fly_credit,1,butterfly|dte=35|rv_filter=rv10_lt_rv60|width=5.0
butterfly,oos,SPY,2023-03-02,2023-03-06,104.2351,0.357742,target,1,291.37,fly_debit,0,butterfly|dte=35|rv_filter=rv10_lt_rv60|width=5.0
butterfly,oos,IWM,2023-02-23,2023-03-10,-153.0856,-0.500261,stop,1,306.01,fly_debit,0,butterfly|dte=35|rv_filter=rv10_lt_rv60|width=5.0
butterfly,oos,SPY,2023-03-07,2023-03-10,-149.6515,-0.500267,stop,1,299.14,fly_debit,0,butterfly|dte=35|rv_filter=rv10_lt_rv60|width=5.0
butterfly,oos,QQQ,2023-03-03,2023-03-17,101.7916,0.343593,target,1,296.26,fly_debit,0,butterfly|dte=35|rv_filter=rv10_lt_rv60|width=5.0
butterfly,oos,SPY,2023-03-13,2023-03-21,105.8380,0.367284,target,1,288.16,fly_debit,0,butterfly|dte=35|rv_filter=rv10_lt_rv60|width=5.0
butterfly,oos,QQQ,2023-03-20,2023-03-21,25.2492,0.086669,touch,1,291.33,fly_debit,1,butterfly|dte=35|rv_filter=rv10_lt_rv60|width=5.0
butterfly,oos,QQQ,2023-03-21,2023-03-21,-8.1600,-0.018455,touch,2,442.17,fly_credit,1,butterfly|dte=35|rv_filter=rv10_lt_rv60|width=5.0
butterfly,oos,QQQ,2023-03-22,2023-03-28,-17.7042,-0.060478,touch,1,292.74,fly_debit,1,butterfly|dte=35|rv_filter=rv10_lt_rv60|width=5.0
butterfly,oos,QQQ,2023-03-23,2023-03-28,13.1965,0.052456,touch,1,251.57,fly_credit,1,butterfly|dte=35|rv_filter=rv10_lt_rv60|width=5.0
butterfly,oos,QQQ,2023-03-29,2023-03-30,29.6092,0.101618,touch,1,291.38,fly_debit,1,butterfly|dte=35|rv_filter=rv10_lt_rv60|width=5.0
butterfly,oos,QQQ,2023-03-30,2023-03-30,-8.1600,-0.018823,touch,2,433.51,fly_credit,1,butterfly|dte=35|rv_filter=rv10_lt_rv60|width=5.0
butterfly,oos,QQQ,2023-03-31,2023-04-04,36.2661,0.123692,touch,1,293.20,fly_debit,1,butterfly|dte=35|rv_filter=rv10_lt_rv60|width=5.0
butterfly,oos,QQQ,2023-04-03,2023-04-04,-40.3326,-0.088629,touch,2,455.07,fly_credit,1,butterfly|dte=35|rv_filter=rv10_lt_rv60|width=5.0
butterfly,oos,QQQ,2023-04-05,2023-04-06,-33.9669,-0.115893,touch,1,293.09,fly_debit,1,butterfly|dte=35|rv_filter=rv10_lt_rv60|width=5.0
butterfly,oos,QQQ,2023-04-06,2023-04-06,-4.0800,-0.014532,touch,1,280.76,fly_credit,1,butterfly|dte=35|rv_filter=rv10_lt_rv60|width=5.0
butterfly,oos,SPY,2023-04-03,2023-04-14,42.6445,0.144113,touch,1,295.91,fly_debit,1,butterfly|dte=35|rv_filter=rv10_lt_rv60|width=5.0
butterfly,oos,SPY,2023-04-04,2023-04-14,-41.4687,-0.091549,touch,2,452.96,fly_credit,1,butterfly|dte=35|rv_filter=rv10_lt_rv60|width=5.0
butterfly,oos,QQQ,2023-04-10,2023-04-14,21.9619,0.074187,touch,1,296.03,fly_debit,1,butterfly|dte=35|rv_filter=rv10_lt_rv60|width=5.0
butterfly,oos,QQQ,2023-04-11,2023-04-14,-6.3203,-0.013913,touch,2,454.27,fly_credit,1,butterfly|dte=35|rv_filter=rv10_lt_rv60|width=5.0
butterfly,oos,IWM,2023-04-06,2023-04-18,99.8615,0.332742,target,1,300.12,fly_debit,0,butterfly|dte=35|rv_filter=rv10_lt_rv60|width=5.0
butterfly,oos,QQQ,2023-04-17,2023-04-25,-41.3135,-0.137852,touch,1,299.69,fly_debit,1,butterfly|dte=35|rv_filter=rv10_lt_rv60|width=5.0
butterfly,oos,QQQ,2023-04-18,2023-04-25,145.5205,0.326180,touch,2,446.13,fly_credit,1,butterfly|dte=35|rv_filter=rv10_lt_rv60|width=5.0
butterfly,oos,SPY,2023-04-17,2023-04-25,-18.3348,-0.060241,touch,1,304.36,fly_debit,1,butterfly|dte=35|rv_filter=rv10_lt_rv60|width=5.0
butterfly,oos,SPY,2023-04-18,2023-04-25,101.7832,0.236715,touch,2,429.98,fly_credit,1,butterfly|dte=35|rv_filter=rv10_lt_rv60|width=5.0
butterfly,oos,QQQ,2023-04-26,2023-04-27,14.6711,0.049171,touch,1,298.37,fly_debit,1,butterfly|dte=35|rv_filter=rv10_lt_rv60|width=5.0
butterfly,oos,QQQ,2023-04-27,2023-04-27,-8.1600,-0.017960,touch,2,454.35,fly_credit,1,butterfly|dte=35|rv_filter=rv10_lt_rv60|width=5.0
butterfly,oos,SPY,2023-04-26,2023-04-27,-1.5375,-0.005239,touch,1,293.45,fly_debit,1,butterfly|dte=35|rv_filter=rv10_lt_rv60|width=5.0
butterfly,oos,SPY,2023-04-27,2023-04-27,-8.1600,-0.016511,touch,2,494.22,fly_credit,1,butterfly|dte=35|rv_filter=rv10_lt_rv60|width=5.0
butterfly,oos,SPY,2023-04-28,2023-05-01,35.7450,0.117720,touch,1,303.64,fly_debit,1,butterfly|dte=35|rv_filter=rv10_lt_rv60|width=5.0
butterfly,oos,SPY,2023-05-01,2023-05-01,-8.1600,-0.019870,touch,2,410.67,fly_credit,1,butterfly|dte=35|rv_filter=rv10_lt_rv60|width=5.0
butterfly,oos,SPY,2023-05-02,2023-05-03,-33.7493,-0.113118,touch,1,298.36,fly_debit,1,butterfly|dte=35|rv_filter=rv10_lt_rv60|width=5.0
butterfly,oos,SPY,2023-05-03,2023-05-03,-4.0800,-0.014759,touch,1,276.44,fly_credit,1,butterfly|dte=35|rv_filter=rv10_lt_rv60|width=5.0
butterfly,oos,IWM,2023-04-19,2023-05-04,-155.9276,-0.500257,stop,1,311.70,fly_debit,0,butterfly|dte=35|rv_filter=rv10_lt_rv60|width=5.0
butterfly,oos,QQQ,2023-04-28,2023-05-10,44.8503,0.149735,touch,1,299.53,fly_debit,1,butterfly|dte=35|rv_filter=rv10_lt_rv60|width=5.0
butterfly,oos,QQQ,2023-05-01,2023-05-10,-52.8331,-0.114495,touch,2,461.44,fly_credit,1,butterfly|dte=35|rv_filter=rv10_lt_rv60|width=5.0
butterfly,oos,QQQ,2023-05-12,2023-05-18,46.8023,0.156558,touch,1,298.95,fly_debit,1,butterfly|dte=35|rv_filter=rv10_lt_rv60|width=5.0
butterfly,oos,QQQ,2023-05-15,2023-05-18,-67.6756,-0.253447,touch,1,267.02,fly_credit,1,butterfly|dte=35|rv_filter=rv10_lt_rv60|width=5.0
butterfly,oos,SPY,2023-05-12,2023-05-18,13.9073,0.045891,touch,1,303.05,fly_debit,1,butterfly|dte=35|rv_filter=rv10_lt_rv60|width=5.0
butterfly,oos,SPY,2023-05-15,2023-05-18,-29.1406,-0.113857,touch,1,255.94,fly_credit,1,butterfly|dte=35|rv_filter=rv10_lt_rv60|width=5.0
butterfly,oos,IWM,2023-05-05,2023-05-19,96.3784,0.313851,target,1,307.08,fly_debit,0,butterfly|dte=35|rv_filter=rv10_lt_rv60|width=5.0
butterfly,oos,SPY,2023-05-19,2023-05-23,-32.0668,-0.105734,touch,1,303.28,fly_debit,1,butterfly|dte=35|rv_filter=rv10_lt_rv60|width=5.0
butterfly,oos,SPY,2023-05-22,2023-05-23,11.1544,0.042730,touch,1,261.04,fly_credit,1,butterfly|dte=35|rv_filter=rv10_lt_rv60|width=5.0
butterfly,oos,QQQ,2023-05-19,2023-05-24,-63.3268,-0.207274,touch_gap,1,305.52,fly_debit,1,butterfly|dte=35|rv_filter=rv10_lt_rv60|width=5.0
butterfly,oos,QQQ,2023-05-22,2023-05-24,46.3931,0.179841,touch_gap,1,257.97,fly_credit,1,butterfly|dte=35|rv_filter=rv10_lt_rv60|width=5.0
butterfly,oos,SPY,2023-05-24,2023-05-26,16.8222,0.056132,touch,1,299.69,fly_debit,1,butterfly|dte=35|rv_filter=rv10_lt_rv60|width=5.0
butterfly,oos,SPY,2023-05-25,2023-05-26,-19.0662,-0.042208,touch,2,451.72,fly_credit,1,butterfly|dte=35|rv_filter=rv10_lt_rv60|width=5.0
butterfly,oos,SPY,2023-05-30,2023-05-31,-31.8400,-0.107145,touch,1,297.17,fly_debit,1,butterfly|dte=35|rv_filter=rv10_lt_rv60|width=5.0
butterfly,oos,SPY,2023-05-31,2023-05-31,-4.0800,-0.014786,touch,1,275.94,fly_credit,1,butterfly|dte=35|rv_filter=rv10_lt_rv60|width=5.0
butterfly,oos,QQQ,2023-05-25,2023-06-02,101.4314,0.341546,target,1,296.98,fly_debit,0,butterfly|dte=35|rv_filter=rv10_lt_rv60|width=5.0
butterfly,oos,IWM,2023-05-22,2023-06-06,96.2265,0.313047,target,1,307.39,fly_debit,0,butterfly|dte=35|rv_filter=rv10_lt_rv60|width=5.0
butterfly,oos,SPY,2023-06-01,2023-06-07,100.3130,0.335255,target,1,299.21,fly_debit,0,butterfly|dte=35|rv_filter=rv10_lt_rv60|width=5.0
butterfly,oos,SPY,2023-06-08,2023-06-12,39.7980,0.131162,touch,1,303.43,fly_debit,1,butterfly|dte=35|rv_filter=rv10_lt_rv60|width=5.0
butterfly,oos,SPY,2023-06-09,2023-06-12,-28.7171,-0.066468,touch,2,432.04,fly_credit,1,butterfly|dte=35|rv_filter=rv10_lt_rv60|width=5.0
butterfly,oos,QQQ,2023-06-13,2023-06-15,7.7061,0.025770,touch,1,299.04,fly_debit,1,butterfly|dte=35|rv_filter=rv10_lt_rv60|width=5.0
butterfly,oos,QQQ,2023-06-14,2023-06-15,-29.9648,-0.061386,touch,2,488.13,fly_credit,1,butterfly|dte=35|rv_filter=rv10_lt_rv60|width=5.0
butterfly,oos,SPY,2023-06-13,2023-06-15,8.4998,0.027766,touch,1,306.12,fly_debit,1,butterfly|dte=35|rv_filter=rv10_lt_rv60|width=5.0
butterfly,oos,SPY,2023-06-14,2023-06-15,3.9529,0.008732,touch,2,452.70,fly_credit,1,butterfly|dte=35|rv_filter=rv10_lt_rv60|width=5.0
butterfly,oos,QQQ,2023-06-16,2023-06-26,-147.7158,-0.500271,stop,1,295.27,fly_debit,0,butterfly|dte=35|rv_filter=rv10_lt_rv60|width=5.0
butterfly,oos,IWM,2023-06-22,2023-07-11,84.7700,0.267291,touch,1,317.14,fly_debit,1,butterfly|dte=35|rv_filter=rv10_lt_rv60|width=5.0
butterfly,oos,IWM,2023-06-23,2023-07-11,-148.4870,-0.453841,touch,1,327.18,fly_credit,1,butterfly|dte=35|rv_filter=rv10_lt_rv60|width=5.0
butterfly,oos,QQQ,2023-07-07,2023-07-12,39.4626,0.132115,touch_gap,1,298.70,fly_debit,1,butterfly|dte=35|rv_filter=rv10_lt_rv60|width=5.0
butterfly,oos,QQQ,2023-07-10,2023-07-12,-59.4286,-0.231248,touch_gap,1,256.99,fly_credit,1,butterfly|dte=35|rv_filter=rv10_lt_rv60|width=5.0
butterfly,oos,SPY,2023-06-16,2023-07-13,97.2743,0.318628,target,1,305.29,fly_debit,0,butterfly|dte=35|rv_filter=rv10_lt_rv60|width=5.0
butterfly,oos,QQQ,2023-07-13,2023-07-14,22.3794,0.074824,touch,1,299.09,fly_debit,1,butterfly|dte=35|rv_filter=rv10_lt_rv60|width=5.0
butterfly,oos,QQQ,2023-07-14,2023-07-14,-8.1600,-0.018831,touch,2,433.33,fly_credit,1,butterfly|dte=35|rv_filter=rv10_lt_rv60|width=5.0
butterfly,oos,QQQ,2023-07-17,2023-07-18,15.0673,0.050468,touch,1,298.55,fly_debit,1,butterfly|dte=35|rv_filter=rv10_lt_rv60|width=5.0
butterfly,oos,QQQ,2023-07-18,2023-07-18,-8.1600,-0.017773,touch,2,459.13,fly_credit,1,butterfly|dte=35|rv_filter=rv10_lt_rv60|width=5.0
butterfly,oos,QQQ,2023-07-19,2023-07-20,-36.9566,-0.124619,touch,1,296.56,fly_debit,1,butterfly|dte=35|rv_filter=rv10_lt_rv60|width=5.0
butterfly,oos,QQQ,2023-07-20,2023-07-20,-4.0800,-0.014535,touch,1,280.70,fly_credit,1,butterfly|dte=35|rv_filter=rv10_lt_rv60|width=5.0
butterfly,oos,SPY,2023-07-14,2023-07-27,93.6920,0.299857,target,1,312.46,fly_debit,0,butterfly|dte=35|rv_filter=rv10_lt_rv60|width=5.0
butterfly,oos,IWM,2023-07-12,2023-07-31,92.8169,0.302240,touch,1,307.10,fly_debit,1,butterfly|dte=35|rv_filter=rv10_lt_rv60|width=5.0
butterfly,oos,IWM,2023-07-13,2023-07-31,-87.5197,-0.318526,touch,1,274.76,fly_credit,1,butterfly|dte=35|rv_filter=rv10_lt_rv60|width=5.0
butterfly,oos,QQQ,2023-07-28,2023-08-02,-14.5347,-0.049001,touch,1,296.62,fly_debit,1,butterfly|dte=35|rv_filter=rv10_lt_rv60|width=5.0
butterfly,oos,QQQ,2023-07-31,2023-08-02,77.1740,0.174125,touch,2,443.21,fly_credit,1,butterfly|dte=35|rv_filter=rv10_lt_rv60|width=5.0
butterfly,oos,IWM,2023-08-01,2023-08-08,-87.5313,-0.274043,touch,1,319.41,fly_debit,1,butterfly|dte=35|rv_filter=rv10_lt_rv60|width=5.0
butterfly,oos,IWM,2023-08-02,2023-08-08,60.7960,0.211487,touch,1,287.47,fly_credit,1,butterfly|dte=35|rv_filter=rv10_lt_rv60|width=5.0
butterfly,oos,QQQ,2023-08-04,2023-08-08,-26.6920,-0.090981,touch,1,293.38,fly_debit,1,butterfly|dte=35|rv_filter=rv10_lt_rv60|width=5.0
butterfly,oos,QQQ,2023-08-07,2023-08-08,8.9263,0.033765,touch,1,264.37,fly_credit,1,butterfly|dte=35|rv_filter=rv10_lt_rv60|width=5.0
butterfly,oos,SPY,2023-07-28,2023-08-11,-152.3987,-0.500263,stop,1,304.64,fly_debit,0,butterfly|dte=35|rv_filter=rv10_lt_rv60|width=5.0
butterfly,oos,QQQ,2023-08-14,2023-08-15,29.0264,0.095732,touch,1,303.20,fly_debit,1,butterfly|dte=35|rv_filter=rv10_lt_rv60|width=5.0
butterfly,oos,QQQ,2023-08-15,2023-08-15,-8.1600,-0.019527,touch,2,417.89,fly_credit,1,butterfly|dte=35|rv_filter=rv10_lt_rv60|width=5.0
butterfly,oos,IWM,2023-08-09,2023-08-16,-81.6737,-0.264036,touch_gap,1,309.33,fly_debit,1,butterfly|dte=35|rv_filter=rv10_lt_rv60|width=5.0
butterfly,oos,IWM,2023-08-10,2023-08-16,77.3312,0.278785,touch_gap,1,277.39,fly_credit,1,butterfly|dte=35|rv_filter=rv10_lt_rv60|width=5.0
butterfly,oos,QQQ,2023-08-16,2023-08-17,-18.9527,-0.064220,touch,1,295.12,fly_debit,1,butterfly|dte=35|rv_filter=rv10_lt_rv60|width=5.0
butterfly,oos,QQQ,2023-08-17,2023-08-17,-4.0800,-0.015585,touch,1,261.78,fly_credit,1,butterfly|dte=35|rv_filter=rv10_lt_rv60|width=5.0
butterfly,oos,IWM,2023-08-17,2023-08-18,-66.4331,-0.209469,stop,1,317.15,fly_debit,1,butterfly|dte=35|rv_filter=rv10_lt_rv60|width=5.0
butterfly,oos,IWM,2023-08-18,2023-08-18,-5.7988,-0.017734,stop,1,326.99,fly_credit,1,butterfly|dte=35|rv_filter=rv10_lt_rv60|width=5.0
butterfly,oos,QQQ,2023-08-18,2023-08-21,31.5396,0.106142,touch,1,297.15,fly_debit,1,butterfly|dte=35|rv_filter=rv10_lt_rv60|width=5.0
butterfly,oos,QQQ,2023-08-21,2023-08-21,-8.1600,-0.019459,touch,2,419.34,fly_credit,1,butterfly|dte=35|rv_filter=rv10_lt_rv60|width=5.0
butterfly,oos,QQQ,2023-08-22,2023-08-24,39.7012,0.135962,touch_gap,1,292.00,fly_debit,1,butterfly|dte=35|rv_filter=rv10_lt_rv60|width=5.0
butterfly,oos,QQQ,2023-08-23,2023-08-24,-65.2851,-0.247002,touch_gap,1,264.31,fly_credit,1,butterfly|dte=35|rv_filter=rv10_lt_rv60|width=5.0
butterfly,oos,SPY,2023-08-14,2023-08-31,98.1329,0.323258,target,1,303.57,fly_debit,0,butterfly|dte=35|rv_filter=rv10_lt_rv60|width=5.0
butterfly,oos,IWM,2023-08-21,2023-08-31,93.1206,0.300391,touch,1,310.00,fly_debit,1,butterfly|dte=35|rv_filter=rv10_lt_rv60|width=5.0
butterfly,oos,IWM,2023-08-22,2023-08-31,-86.6731,-0.320854,touch,1,270.13,fly_credit,1,butterfly|dte=35|rv_filter=rv10_lt_rv60|width=5.0
butterfly,oos,IWM,2023-09-01,2023-09-07,-97.4897,-0.301049,touch,1,323.83,fly_debit,1,butterfly|dte=35|rv_filter=rv10_lt_rv60|width=5.0
butterfly,oos,IWM,2023-09-05,2023-09-07,81.9828,0.288382,touch,1,284.29,fly_credit,1,butterfly|dte=35|rv_filter=rv10_lt_rv60|width=5.0
butterfly,oos,QQQ,2023-09-11,2023-09-15,4.3012,0.014392,touch,1,298.86,fly_debit,1,butterfly|dte=35|rv_filter=rv10_lt_rv60|width=5.0
butterfly,oos,QQQ,2023-09-12,2023-09-15,-7.8543,-0.030828,touch,1,254.78,fly_credit,1,butterfly|dte=35|rv_filter=rv10_lt_rv60|width=5.0
butterfly,oos,SPY,2023-09-11,2023-09-15,-10.8985,-0.034961,touch,1,311.73,fly_debit,1,butterfly|dte=35|rv_filter=rv10_lt_rv60|width=5.0
butterfly,oos,SPY,2023-09-12,2023-09-15,-1.9488,-0.007527,touch,1,258.93,fly_credit,1,butterfly|dte=35|rv_filter=rv10_lt_rv60|width=5.0
butterfly,oos,QQQ,2023-09-18,2023-09-21,-86.6445,-0.283053,touch_gap,1,306.11,fly_debit,1,butterfly|dte=35|rv_filter=rv10_lt_rv60|width=5.0
butterfly,oos,QQQ,2023-09-19,2023-09-21,157.4108,0.321287,touch_gap,2,489.94,fly_credit,1,butterfly|dte=35|rv_filter=rv10_lt_rv60|width=5.0
butterfly,oos,IWM,2023-09-14,2023-09-22,-157.7304,-0.500254,stop,1,315.30,fly_debit,0,butterfly|dte=35|rv_filter=rv10_lt_rv60|width=5.0
butterfly,oos,QQQ,2023-09-26,2023-09-27,-17.3484,-0.058525,touch,1,296.43,fly_debit,1,butterfly|dte=35|rv_filter=rv10_lt_rv60|width=5.0
butterfly,oos,QQQ,2023-09-27,2023-09-27,-4.0800,-0.015777,touch,1,258.61,fly_credit,1,butterfly|dte=35|rv_filter=rv10_lt_rv60|width=5.0
butterfly,oos,IWM,2023-09-25,2023-10-03,-54.7722,-0.174058,touch,1,314.68,fly_debit,1,butterfly|dte=35|rv_filter=rv10_lt_rv60|width=5.0
butterfly,oos,IWM,2023-09-26,2023-10-03,53.2781,0.187507,touch,1,284.14,fly_credit,1,butterfly|dte=35|rv_filter=rv10_lt_rv60|width=5.0
butterfly,oos,QQQ,2023-09-28,2023-10-10,101.4190,0.341476,target,1,297.00,fly_debit,0,butterfly|dte=35|rv_filter=rv10_lt_rv60|width=5.0
butterfly,oos,IWM,2023-10-09,2023-10-10,37.6272,0.113785,touch,1,330.69,fly_debit,1,butterfly|dte=21|rv_filter=vix_pct_lt_40|width=5.0
butterfly,oos,IWM,2023-10-10,2023-10-10,-16.1600,-0.034218,touch,2,472.26,fly_credit,1,butterfly|dte=21|rv_filter=vix_pct_lt_40|width=5.0
butterfly,oos,SPY,2023-10-09,2023-10-10,46.7974,0.153503,touch,1,304.86,fly_debit,1,butterfly|dte=21|rv_filter=vix_pct_lt_40|width=5.0
butterfly,oos,SPY,2023-10-10,2023-10-10,-16.1600,-0.040360,touch,2,400.40,fly_credit,1,butterfly|dte=21|rv_filter=vix_pct_lt_40|width=5.0
butterfly,oos,IWM,2023-10-11,2023-10-12,-5.6360,-0.017208,touch,1,327.52,fly_debit,1,butterfly|dte=21|rv_filter=vix_pct_lt_40|width=5.0
butterfly,oos,IWM,2023-10-12,2023-10-12,-6.0800,-0.021085,touch,1,288.35,fly_credit,1,butterfly|dte=21|rv_filter=vix_pct_lt_40|width=5.0
butterfly,oos,QQQ,2023-10-11,2023-10-13,2.5727,0.008540,touch,1,301.25,fly_debit,1,butterfly|dte=21|rv_filter=vix_pct_lt_40|width=5.0
butterfly,oos,QQQ,2023-10-12,2023-10-13,14.2872,0.030514,touch,2,468.21,fly_credit,1,butterfly|dte=21|rv_filter=vix_pct_lt_40|width=5.0
butterfly,oos,QQQ,2023-10-17,2023-10-19,-15.6878,-0.052391,touch,1,299.44,fly_debit,1,butterfly|dte=21|rv_filter=vix_pct_lt_40|width=5.0
butterfly,oos,QQQ,2023-10-18,2023-10-19,4.2845,0.016789,touch,1,255.19,fly_credit,1,butterfly|dte=21|rv_filter=vix_pct_lt_40|width=5.0
butterfly,oos,SPY,2023-10-11,2023-10-20,-150.6821,-0.500266,stop,1,301.20,fly_debit,0,butterfly|dte=21|rv_filter=vix_pct_lt_40|width=5.0
butterfly,oos,IWM,2023-10-13,2023-10-20,-89.5440,-0.266243,touch,1,336.32,fly_debit,1,butterfly|dte=21|rv_filter=vix_pct_lt_40|width=5.0
butterfly,oos,IWM,2023-10-16,2023-10-20,65.6760,0.223474,touch,1,293.89,fly_credit,1,butterfly|dte=21|rv_filter=vix_pct_lt_40|width=5.0
butterfly,oos,IWM,2023-11-02,2023-11-03,88.9506,0.276297,target,1,321.94,fly_debit,0,butterfly|dte=21|rv_filter=vix_pct_lt_40|width=5.0
butterfly,oos,QQQ,2023-11-02,2023-11-03,30.3691,0.101593,touch,1,298.93,fly_debit,1,butterfly|dte=21|rv_filter=vix_pct_lt_40|width=5.0
butterfly,oos,QQQ,2023-11-03,2023-11-03,-16.1600,-0.035949,touch,2,449.53,fly_credit,1,butterfly|dte=21|rv_filter=vix_pct_lt_40|width=5.0
butterfly,oos,SPY,2023-11-02,2023-11-06,99.0965,0.328518,target,1,301.65,fly_debit,0,butterfly|dte=21|rv_filter=vix_pct_lt_40|width=5.0
butterfly,oos,QQQ,2023-11-06,2023-11-07,12.9873,0.040745,touch,1,318.75,fly_debit,1,butterfly|dte=21|rv_filter=vix_pct_lt_40|width=5.0
butterfly,oos,QQQ,2023-11-07,2023-11-07,-16.1600,-0.035045,touch,2,461.12,fly_credit,1,butterfly|dte=21|rv_filter=vix_pct_lt_40|width=5.0
butterfly,oos,IWM,2023-11-06,2023-11-09,-88.1015,-0.256310,touch,1,343.73,fly_debit,1,butterfly|dte=21|rv_filter=vix_pct_lt_40|width=5.0
butterfly,oos,IWM,2023-11-07,2023-11-09,14.8594,0.041653,touch,1,356.74,fly_credit,1,butterfly|dte=21|rv_filter=vix_pct_lt_40|width=5.0
butterfly,oos,QQQ,2023-11-08,2023-11-10,-20.2436,-0.065695,touch,1,308.15,fly_debit,1,butterfly|dte=21|rv_filter=vix_pct_lt_40|width=5.0
butterfly,oos,QQQ,2023-11-09,2023-11-10,32.7163,0.066359,touch,2,493.02,fly_credit,1,butterfly|dte=21|rv_filter=vix_pct_lt_40|width=5.0
butterfly,oos,SPY,2023-11-07,2023-11-14,96.5883,0.314965,target,1,306.66,fly_debit,0,butterfly|dte=21|rv_filter=vix_pct_lt_40|width=5.0
butterfly,oos,IWM,2023-11-10,2023-11-14,97.9712,0.292139,touch_gap,1,335.36,fly_debit,1,butterfly|dte=21|rv_filter=vix_pct_lt_40|width=5.0
butterfly,oos,IWM,2023-11-13,2023-11-14,-155.8328,-0.533174,touch_gap,1,292.27,fly_credit,1,butterfly|dte=21|rv_filter=vix_pct_lt_40|width=5.0
butterfly,oos,QQQ,2023-11-13,2023-11-15,94.2603,0.302777,target,1,311.32,fly_debit,0,butterfly|dte=21|rv_filter=vix_pct_lt_40|width=5.0
butterfly,oos,SPY,2023-11-15,2023-11-20,6.1007,0.019464,touch,1,313.44,fly_debit,1,butterfly|dte=21|rv_filter=vix_pct_lt_40|width=5.0
butterfly,oos,SPY,2023-11-16,2023-11-20,-18.8422,-0.071181,touch,1,264.71,fly_credit,1,butterfly|dte=21|rv_filter=vix_pct_lt_40|width=5.0
butterfly,oos,QQQ,2023-11-16,2023-11-27,96.5018,0.314506,target,1,306.84,fly_debit,0,butterfly|dte=21|rv_filter=vix_pct_lt_40|width=5.0
butterfly,oos,SPY,2023-11-21,2023-11-29,56.1579,0.177410,touch,1,316.54,fly_debit,1,butterfly|dte=21|rv_filter=vix_pct_lt_40|width=5.0
butterfly,oos,SPY,2023-11-22,2023-11-29,-76.8658,-0.169078,touch,2,454.62,fly_credit,1,butterfly|dte=21|rv_filter=vix_pct_lt_40|width=5.0
butterfly,oos,IWM,2023-11-15,2023-12-01,62.1791,0.188499,touch,1,329.86,fly_debit,1,butterfly|dte=21|rv_filter=vix_pct_lt_40|width=5.0
butterfly,oos,IWM,2023-11-16,2023-12-01,-1.9497,-0.006970,touch,1,279.74,fly_credit,1,butterfly|dte=21|rv_filter=vix_pct_lt_40|width=5.0
butterfly,oos,SPY,2023-11-30,2023-12-08,26.0346,0.080826,touch,1,322.11,fly_debit,1,butterfly|dte=21|rv_filter=vix_pct_lt_40|width=5.0
butterfly,oos,SPY,2023-12-01,2023-12-08,-58.2498,-0.117748,touch,2,494.70,fly_credit,1,butterfly|dte=21|rv_filter=vix_pct_lt_40|width=5.0
butterfly,oos,QQQ,2023-11-28,2023-12-11,92.0361,0.291468,target,1,315.77,fly_debit,0,butterfly|dte=21|rv_filter=vix_pct_lt_40|width=5.0
butterfly,oos,IWM,2023-12-04,2023-12-13,81.9966,0.243046,touch,1,337.37,fly_debit,1,butterfly|dte=21|rv_filter=vix_pct_lt_40|width=5.0
butterfly,oos,IWM,2023-12-05,2023-12-13,-76.6683,-0.158545,touch,2,483.57,fly_credit,1,butterfly|dte=21|rv_filter=vix_pct_lt_40|width=5.0
butterfly,oos,SPY,2023-12-11,2023-12-13,60.4479,0.190268,touch,1,317.70,fly_debit,1,butterfly|dte=21|rv_filter=vix_pct_lt_40|width=5.0
butterfly,oos,SPY,2023-12-12,2023-12-13,-109.1863,-0.230018,touch,2,474.69,fly_credit,1,butterfly|dte=21|rv_filter=vix_pct_lt_40|width=5.0
butterfly,oos,QQQ,2023-12-12,2023-12-14,97.1243,0.317824,target,1,305.59,fly_debit,0,butterfly|dte=21|rv_filter=vix_pct_lt_40|width=5.0
butterfly,oos,QQQ,2023-12-15,2023-12-19,35.9088,0.112933,touch,1,317.97,fly_debit,1,butterfly|dte=21|rv_filter=vix_pct_lt_40|width=5.0
butterfly,oos,QQQ,2023-12-18,2023-12-19,-90.4695,-0.182926,touch,2,494.57,fly_credit,1,butterfly|dte=21|rv_filter=vix_pct_lt_40|width=5.0
butterfly,oos,IWM,2023-12-14,2023-12-22,88.8951,0.276029,target,1,322.05,fly_debit,0,butterfly|dte=21|rv_filter=vix_pct_lt_40|width=5.0
butterfly,oos,SPY,2023-12-14,2023-12-28,91.1688,0.281717,touch,1,323.62,fly_debit,1,butterfly|dte=21|rv_filter=vix_pct_lt_40|width=5.0
butterfly,oos,SPY,2023-12-15,2023-12-28,-131.3672,-0.445907,touch,1,294.61,fly_credit,1,butterfly|dte=21|rv_filter=vix_pct_lt_40|width=5.0
butterfly,oos,QQQ,2023-12-20,2024-01-02,-35.4849,-0.112337,touch,1,315.88,fly_debit,1,butterfly|dte=21|rv_filter=vix_pct_lt_40|width=5.0
butterfly,oos,QQQ,2023-12-21,2024-01-02,52.7380,0.199803,touch,1,263.95,fly_credit,1,butterfly|dte=21|rv_filter=vix_pct_lt_40|width=5.0
butterfly,oos,SPY,2023-12-29,2024-01-02,-70.6513,-0.216902,touch,1,325.73,fly_debit,1,butterfly|dte=21|rv_filter=vix_pct_lt_40|width=5.0
butterfly,oos,SPY,2024-01-02,2024-01-02,-8.0800,-0.024571,touch,1,328.84,fly_credit,1,butterfly|dte=21|rv_filter=vix_pct_lt_40|width=5.0
butterfly,oos,IWM,2023-12-26,2024-01-03,-159.6836,-0.500251,stop,1,319.21,fly_debit,0,butterfly|dte=21|rv_filter=vix_pct_lt_40|width=5.0
butterfly,oos,QQQ,2024-01-03,2024-01-05,-54.3958,-0.177363,stop,1,306.69,fly_debit,1,butterfly|dte=21|rv_filter=vix_pct_lt_40|width=5.0
butterfly,oos,QQQ,2024-01-04,2024-01-05,3.6444,0.012375,stop,1,294.49,fly_credit,1,butterfly|dte=21|rv_filter=vix_pct_lt_40|width=5.0
butterfly,oos,QQQ,2024-01-08,2024-01-09,40.0283,0.127282,touch,1,314.48,fly_debit,1,butterfly|dte=21|rv_filter=vix_pct_lt_40|width=5.0
butterfly,oos,QQQ,2024-01-09,2024-01-09,-16.1600,-0.039120,touch,2,413.09,fly_credit,1,butterfly|dte=21|rv_filter=vix_pct_lt_40|width=5.0
butterfly,oos,SPY,2024-01-03,2024-01-10,51.3634,0.161153,touch,1,318.72,fly_debit,1,butterfly|dte=21|rv_filter=vix_pct_lt_40|width=5.0
butterfly,oos,SPY,2024-01-04,2024-01-10,-85.1517,-0.309963,touch,1,274.72,fly_credit,1,butterfly|dte=21|rv_filter=vix_pct_lt_40|width=5.0
butterfly,oos,QQQ,2024-01-10,2024-01-11,35.5101,0.114232,touch,1,310.86,fly_debit,1,butterfly|dte=21|rv_filter=vix_pct_lt_40|width=5.0
butterfly,oos,QQQ,2024-01-11,2024-01-11,-8.1600,-0.019665,touch,2,414.95,fly_credit,1,butterfly|dte=21|rv_filter=vix_pct_lt_40|width=5.0
butterfly,oos,IWM,2024-01-04,2024-01-17,-157.8519,-0.500789,stop_gap,1,315.21,fly_debit,0,butterfly|dte=21|rv_filter=vix_pct_lt_40|width=5.0
butterfly,oos,SPY,2024-01-11,2024-01-17,-92.0865,-0.296064,touch_gap,1,311.04,fly_debit,1,butterfly|dte=21|rv_filter=vix_pct_lt_40|width=5.0
butterfly,oos,SPY,2024-01-12,2024-01-17,88.7824,0.341522,touch_gap,1,259.96,fly_credit,1,butterfly|dte=21|rv_filter=vix_pct_lt_40|width=5.0
butterfly,oos,QQQ,2024-01-12,2024-01-17,-63.0638,-0.198219,touch,1,318.15,fly_debit,1,butterfly|dte=21|rv_filter=vix_pct_lt_40|width=5.0
butterfly,oos,QQQ,2024-01-16,2024-01-17,19.5499,0.068277,touch,1,286.33,fly_credit,1,butterfly|dte=21|rv_filter=vix_pct_lt_40|width=5.0
butterfly,oos,QQQ,2024-01-18,2024-01-22,99.8351,0.332595,target,1,300.17,fly_debit,0,butterfly|dte=21|rv_filter=vix_pct_lt_40|width=5.0
butterfly,oos,SPY,2024-01-18,2024-01-22,95.2435,0.307879,target,1,309.35,fly_debit,0,butterfly|dte=21|rv_filter=vix_pct_lt_40|width=5.0
butterfly,oos,IWM,2024-01-18,2024-01-22,61.2811,0.194978,touch,1,314.30,fly_debit,1,butterfly|dte=21|rv_filter=vix_pct_lt_40|width=5.0
butterfly,oos,IWM,2024-01-19,2024-01-22,-66.4033,-0.241036,touch,1,275.49,fly_credit,1,butterfly|dte=21|rv_filter=vix_pct_lt_40|width=5.0
butterfly,oos,IWM,2024-01-23,2024-01-31,-19.7619,-0.061477,touch,1,321.45,fly_debit,1,butterfly|dte=21|rv_filter=vix_pct_lt_40|width=5.0
butterfly,oos,IWM,2024-01-24,2024-01-31,24.9124,0.092676,touch,1,268.81,fly_credit,1,butterfly|dte=21|rv_filter=vix_pct_lt_40|width=5.0
butterfly,oos,SPY,2024-01-23,2024-02-02,93.7261,0.300031,target,1,312.39,fly_debit,0,butterfly|dte=21|rv_filter=vix_pct_lt_40|width=5.0
butterfly,oos,QQQ,2024-01-23,2024-02-06,94.5964,0.304514,target,1,310.65,fly_debit,0,butterfly|dte=21|rv_filter=vix_pct_lt_40|width=5.0
butterfly,oos,IWM,2024-02-01,2024-02-09,58.2797,0.181220,touch,1,321.60,fly_debit,1,butterfly|dte=21|rv_filter=vix_pct_lt_40|width=5.0
butterfly,oos,IWM,2024-02-02,2024-02-09,-78.9336,-0.269687,touch,1,292.69,fly_credit,1,butterfly|dte=21|rv_filter=vix_pct_lt_40|width=5.0
butterfly,oos,SPY,2024-02-05,2024-02-09,67.6453,0.217308,touch,1,311.29,fly_debit,1,butterfly|dte=21|rv_filter=vix_pct_lt_40|width=5.0
butterfly,oos,SPY,2024-02-06,2024-02-09,-86.8680,-0.326235,touch,1,266.27,fly_credit,1,butterfly|dte=21|rv_filter=vix_pct_lt_40|width=5.0
butterfly,oos,IWM,2024-02-12,2024-02-13,-82.3704,-0.254507,touch,1,323.65,fly_debit,1,butterfly|dte=21|rv_filter=vix_pct_lt_40|width=5.0
butterfly,oos,IWM,2024-02-13,2024-02-13,-8.0800,-0.022338,touch,1,361.72,fly_credit,1,butterfly|dte=21|rv_filter=vix_pct_lt_40|width=5.0
butterfly,oos,IWM,2024-02-16,2024-02-21,-85.4785,-0.269330,touch,1,317.37,fly_debit,1,butterfly|dte=21|rv_filter=vix_pct_lt_40|width=5.0
butterfly,oos,IWM,2024-02-20,2024-02-21,15.8980,0.047257,touch,1,336.41,fly_credit,1,butterfly|dte=21|rv_filter=vix_pct_lt_40|width=5.0
butterfly,oos,QQQ,2024-02-07,2024-02-22,94.7734,0.305432,target,1,310.29,fly_debit,0,butterfly|dte=21|rv_filter=vix_pct_lt_40|width=5.0
butterfly,oos,SPY,2024-02-12,2024-02-22,89.6793,0.279827,target,1,320.48,fly_debit,0,butterfly|dte=21|rv_filter=vix_pct_lt_40|width=5.0
butterfly,oos,IWM,2024-02-26,2024-02-29,78.9478,0.248876,touch_gap,1,317.22,fly_debit,1,butterfly|dte=21|rv_filter=vix_pct_lt_40|width=5.0
butterfly,oos,IWM,2024-02-27,2024-02-29,-96.5612,-0.218197,touch_gap,2,442.54,fly_credit,1,butterfly|dte=21|rv_filter=vix_pct_lt_40|width=5.0
butterfly,oos,QQQ,2024-02-26,2024-03-01,23.6411,0.077249,touch,1,306.04,fly_debit,1,butterfly|dte=21|rv_filter=vix_pct_lt_40|width=5.0
butterfly,oos,QQQ,2024-02-27,2024-03-01,-33.9508,-0.130112,touch,1,260.94,fly_credit,1,butterfly|dte=21|rv_filter=vix_pct_lt_40|width=5.0
butterfly,oos,QQQ,2024-03-04,2024-03-05,-153.2720,-0.500261,stop,1,306.38,fly_debit,0,butterfly|dte=21|rv_filter=vix_pct_lt_40|width=5.0
butterfly,oos,SPY,2024-02-26,2024-03-07,90.3756,0.283230,target,1,319.09,fly_debit,0,butterfly|dte=21|rv_filter=vix_pct_lt_40|width=5.0
butterfly,oos,IWM,2024-03-01,2024-03-08,67.6742,0.218534,touch,1,309.67,fly_debit,1,butterfly|dte=21|rv_filter=vix_pct_lt_40|width=5.0
butterfly,oos,IWM,2024-03-04,2024-03-08,-81.9326,-0.170037,touch,2,481.85,fly_credit,1,butterfly|dte=21|rv_filter=vix_pct_lt_40|width=5.0
butterfly,oos,QQQ,2024-03-13,2024-03-14,-14.5677,-0.048531,touch,1,300.17,fly_debit,1,butterfly|dte=21|rv_filter=vix_pct_lt_40|width=5.0
butterfly,oos,QQQ,2024-03-14,2024-03-14,-4.0800,-0.015376,touch,1,265.36,fly_credit,1,butterfly|dte=21|rv_filter=vix_pct_lt_40|width=5.0
butterfly,oos,IWM,2024-03-13,2024-03-19,-106.3897,-0.335711,touch_gap,1,316.91,fly_debit,1,butterfly|dte=21|rv_filter=vix_pct_lt_40|width=5.0
butterfly,oos,IWM,2024-03-14,2024-03-19,105.5849,0.383086,touch_gap,1,275.62,fly_credit,1,butterfly|dte=21|rv_filter=vix_pct_lt_40|width=5.0
butterfly,oos,IWM,2024-03-20,2024-03-21,94.4977,0.304003,target,1,310.84,fly_debit,0,butterfly|dte=21|rv_filter=vix_pct_lt_40|width=5.0
butterfly,oos,SPY,2024-03-13,2024-03-27,94.9822,0.306517,target,1,309.88,fly_debit,0,butterfly|dte=21|rv_filter=vix_pct_lt_40|width=5.0
butterfly,oos,QQQ,2024-03-20,2024-04-01,99.7536,0.332144,target,1,300.33,fly_debit,0,butterfly|dte=21|rv_filter=vix_pct_lt_40|width=5.0
butterfly,oos,SPY,2024-03-28,2024-04-02,-70.7529,-0.224000,touch,1,315.86,fly_debit,1,butterfly|dte=21|rv_filter=vix_pct_lt_40|width=5.0
butterfly,oos,SPY,2024-04-01,2024-04-02,138.5600,0.281603,touch,2,492.04,fly_credit,1,butterfly|dte=21|rv_filter=vix_pct_lt_40|width=5.0
butterfly,oos,QQQ,2024-04-02,2024-04-04,50.3292,0.164706,touch_gap,1,305.57,fly_debit,1,butterfly|dte=21|rv_filter=vix_pct_lt_40|width=5.0
butterfly,oos,QQQ,2024-04-03,2024-04-04,-76.6314,-0.294927,touch_gap,1,259.83,fly_credit,1,butterfly|dte=21|rv_filter=vix_pct_lt_40|width=5.0
butterfly,oos,IWM,2024-03-22,2024-04-05,-128.2740,-0.395780,touch,1,324.10,fly_debit,1,butterfly|dte=21|rv_filter=vix_pct_lt_40|width=5.0
butterfly,oos,IWM,2024-03-25,2024-04-05,83.9359,0.248326,touch,1,338.01,fly_credit,1,butterfly|dte=21|rv_filter=vix_pct_lt_40|width=5.0
butterfly,oos,SPY,2024-05-06,2024-05-10,93.6094,0.299434,target,1,312.62,fly_debit,0,butterfly|dte=21|rv_filter=vix_pct_lt_40|width=5.0
butterfly,oos,QQQ,2024-05-06,2024-05-10,57.4689,0.182814,touch_gap,1,314.36,fly_debit,1,butterfly|dte=21|rv_filter=vix_pct_lt_40|width=5.0
butterfly,oos,QQQ,2024-05-07,2024-05-10,-69.8375,-0.164322,touch_gap,2,425.00,fly_credit,1,butterfly|dte=21|rv_filter=vix_pct_lt_40|width=5.0
butterfly,oos,IWM,2024-05-06,2024-05-15,102.2610,0.300948,touch_gap,1,339.80,fly_debit,1,butterfly|dte=21|rv_filter=vix_pct_lt_40|width=5.0
butterfly,oos,IWM,2024-05-07,2024-05-15,-233.1955,-0.472290,touch_gap,2,493.76,fly_credit,1,butterfly|dte=21|rv_filter=vix_pct_lt_40|width=5.0
butterfly,oos,QQQ,2024-05-13,2024-05-15,37.4192,0.119821,touch,1,312.29,fly_debit,1,butterfly|dte=21|rv_filter=vix_pct_lt_40|width=5.0
butterfly,oos,QQQ,2024-05-14,2024-05-15,-77.3285,-0.283046,touch,1,273.20,fly_credit,1,butterfly|dte=21|rv_filter=vix_pct_lt_40|width=5.0
butterfly,oos,SPY,2024-05-13,2024-05-16,93.7652,0.300231,target,1,312.31,fly_debit,0,butterfly|dte=21|rv_filter=vix_pct_lt_40|width=5.0
butterfly,oos,IWM,2024-05-16,2024-05-23,-26.8715,-0.083046,touch,1,323.57,fly_debit,1,butterfly|dte=21|rv_filter=vix_pct_lt_40|width=5.0
butterfly,oos,IWM,2024-05-17,2024-05-23,23.4308,0.076461,touch,1,306.44,fly_credit,1,butterfly|dte=21|rv_filter=vix_pct_lt_40|width=5.0
butterfly,oos,QQQ,2024-05-16,2024-05-23,82.1796,0.269363,touch_gap,1,305.09,fly_debit,1,butterfly|dte=21|rv_filter=vix_pct_lt_40|width=5.0
butterfly,oos,QQQ,2024-05-17,2024-05-23,-108.5789,-0.411817,touch_gap,1,263.66,fly_credit,1,butterfly|dte=21|rv_filter=vix_pct_lt_40|width=5.0
butterfly,oos,SPY,2024-05-17,2024-05-31,-157.2961,-0.500254,stop,1,314.43,fly_debit,0,butterfly|dte=21|rv_filter=vix_pct_lt_40|width=5.0
butterfly,oos,QQQ,2024-05-24,2024-05-31,-50.4183,-0.160700,touch,1,313.74,fly_debit,1,butterfly|dte=21|rv_filter=vix_pct_lt_40|width=5.0
butterfly,oos,QQQ,2024-05-28,2024-05-31,186.4529,0.462212,touch,2,403.39,fly_credit,1,butterfly|dte=21|rv_filter=vix_pct_lt_40|width=5.0
butterfly,oos,QQQ,2024-06-03,2024-06-05,26.6760,0.086980,touch,1,306.69,fly_debit,1,butterfly|dte=21|rv_filter=vix_pct_lt_40|width=5.0
butterfly,oos,QQQ,2024-06-04,2024-06-05,-68.6988,-0.243773,touch,1,281.81,fly_credit,1,butterfly|dte=21|rv_filter=vix_pct_lt_40|width=5.0
butterfly,oos,SPY,2024-06-03,2024-06-05,10.3291,0.032595,touch,1,316.89,fly_debit,1,butterfly|dte=21|rv_filter=vix_pct_lt_40|width=5.0
butterfly,oos,SPY,2024-06-04,2024-06-05,-65.0813,-0.223316,touch,1,291.43,fly_credit,1,butterfly|dte=21|rv_filter=vix_pct_lt_40|width=5.0
butterfly,oos,IWM,2024-05-24,2024-06-07,-103.5065,-0.317424,time,1,326.08,fly_debit,0,butterfly|dte=21|rv_filter=vix_pct_lt_40|width=5.0
butterfly,oos,IWM,2024-06-10,2024-06-12,88.8660,0.275889,target,1,322.11,fly_debit,0,butterfly|dte=21|rv_filter=vix_pct_lt_40|width=5.0
butterfly,oos,QQQ,2024-06-06,2024-06-12,78.1352,0.253884,touch_gap,1,307.76,fly_debit,1,butterfly|dte=21|rv_filter=vix_pct_lt_40|width=5.0
butterfly,oos,QQQ,2024-06-07,2024-06-12,-109.3911,-0.416154,touch_gap,1,262.86,fly_credit,1,butterfly|dte=21|rv_filter=vix_pct_lt_40|width=5.0
butterfly,oos,SPY,2024-06-06,2024-06-12,69.3610,0.222709,touch_gap,1,311.44,fly_debit,1,butterfly|dte=21|rv_filter=vix_pct_lt_40|width=5.0
butterfly,oos,SPY,2024-06-07,2024-06-12,-105.9196,-0.392745,touch_gap,1,269.69,fly_credit,1,butterfly|dte=21|rv_filter=vix_pct_lt_40|width=5.0
butterfly,oos,IWM,2024-06-13,2024-06-14,-81.9671,-0.246803,touch,1,332.11,fly_debit,1,butterfly|dte=21|rv_filter=vix_pct_lt_40|width=5.0
butterfly,oos,IWM,2024-06-14,2024-06-14,-8.0800,-0.022433,touch,1,360.18,fly_credit,1,butterfly|dte=21|rv_filter=vix_pct_lt_40|width=5.0
butterfly,oos,QQQ,2024-06-13,2024-06-17,7.9632,0.025500,touch,1,312.29,fly_debit,1,butterfly|dte=21|rv_filter=vix_pct_lt_40|width=5.0
butterfly,oos,QQQ,2024-06-14,2024-06-17,-41.3554,-0.153071,touch,1,270.17,fly_credit,1,butterfly|dte=21|rv_filter=vix_pct_lt_40|width=5.0
butterfly,oos,QQQ,2024-06-18,2024-06-20,10.2214,0.033558,touch,1,304.59,fly_debit,1,butterfly|dte=21|rv_filter=vix_pct_lt_40|width=5.0
butterfly,oos,QQQ,2024-06-20,2024-06-20,-8.1600,-0.017478,touch,2,466.88,fly_credit,1,butterfly|dte=21|rv_filter=vix_pct_lt_40|width=5.0
butterfly,oos,QQQ,2024-06-21,2024-06-24,-37.6245,-0.121902,touch,1,308.65,fly_debit,1,butterfly|dte=21|rv_filter=vix_pct_lt_40|width=5.0
butterfly,oos,QQQ,2024-06-24,2024-06-24,-8.0800,-0.028081,touch,1,287.74,fly_credit,1,butterfly|dte=21|rv_filter=vix_pct_lt_40|width=5.0
butterfly,oos,QQQ,2024-06-25,2024-06-27,36.2620,0.119005,touch,1,304.71,fly_debit,1,butterfly|dte=21|rv_filter=vix_pct_lt_40|width=5.0
butterfly,oos,QQQ,2024-06-26,2024-06-27,-40.3281,-0.090859,touch,2,443.86,fly_credit,1,butterfly|dte=21|rv_filter=vix_pct_lt_40|width=5.0
butterfly,oos,SPY,2024-06-13,2024-06-28,91.4754,0.288667,target,1,316.89,fly_debit,0,butterfly|dte=21|rv_filter=vix_pct_lt_40|width=5.0
butterfly,oos,IWM,2024-06-17,2024-06-28,140.3516,0.421971,touch_gap,1,332.61,fly_debit,1,butterfly|dte=21|rv_filter=vix_pct_lt_40|width=5.0
butterfly,oos,IWM,2024-06-18,2024-06-28,-254.3806,-0.549528,touch_gap,2,462.91,fly_credit,1,butterfly|dte=21|rv_filter=vix_pct_lt_40|width=5.0
butterfly,oos,QQQ,2024-06-28,2024-07-01,-32.1805,-0.102558,touch,1,313.78,fly_debit,1,butterfly|dte=21|rv_filter=vix_pct_lt_40|width=5.0
butterfly,oos,QQQ,2024-07-01,2024-07-01,-8.0800,-0.028989,touch,1,278.73,fly_credit,1,butterfly|dte=21|rv_filter=vix_pct_lt_40|width=5.0
butterfly,oos,SPY,2024-07-01,2024-07-05,93.1256,0.296967,target,1,313.59,fly_debit,0,butterfly|dte=21|rv_filter=vix_pct_lt_40|width=5.0
butterfly,oos,QQQ,2024-07-02,2024-07-08,97.7320,0.321090,target,1,304.38,fly_debit,0,butterfly|dte=35|rv_filter=rv10_lt_rv60|width=5.0
butterfly,oos,SPY,2024-07-08,2024-07-10,11.4833,0.036732,touch,1,312.63,fly_debit,1,butterfly|dte=35|rv_filter=rv10_lt_rv60|width=5.0
butterfly,oos,SPY,2024-07-09,2024-07-10,-23.2113,-0.050492,touch,2,459.70,fly_credit,1,butterfly|dte=35|rv_filter=rv10_lt_rv60|width=5.0
butterfly,oos,IWM,2024-07-01,2024-07-11,107.3012,0.328529,touch,1,326.61,fly_debit,1,butterfly|dte=21|rv_filter=vix_pct_lt_40|width=5.0
butterfly,oos,IWM,2024-07-02,2024-07-11,-180.3012,-0.505478,touch,1,356.69,fly_credit,1,butterfly|dte=21|rv_filter=vix_pct_lt_40|width=5.0
butterfly,oos,SPY,2024-07-11,2024-07-12,-36.4210,-0.117696,stop,1,309.45,fly_debit,1,butterfly|dte=35|rv_filter=rv10_lt_rv60|width=5.0
butterfly,oos,SPY,2024-07-12,2024-07-12,-3.3259,-0.012331,stop,1,269.72,fly_credit,1,butterfly|dte=35|rv_filter=rv10_lt_rv60|width=5.0
butterfly,oos,SPY,2024-07-15,2024-07-17,-34.6237,-0.112166,touch,1,308.68,fly_debit,1,butterfly|dte=35|rv_filter=rv10_lt_rv60|width=5.0
butterfly,oos,SPY,2024-07-16,2024-07-17,70.8679,0.151426,touch,2,468.00,fly_credit,1,butterfly|dte=35|rv_filter=rv10_lt_rv60|width=5.0
butterfly,oos,QQQ,2024-07-09,2024-07-18,-148.9490,-0.500269,stop,1,297.74,fly_debit,0,butterfly|dte=35|rv_filter=rv10_lt_rv60|width=5.0
butterfly,oos,QQQ,2024-08-20,2024-08-22,19.6381,0.066693,touch,1,294.45,fly_debit,1,butterfly|dte=35|rv_filter=rv10_lt_rv60|width=5.0
butterfly,oos,QQQ,2024-08-21,2024-08-22,-51.9228,-0.110231,touch,2,471.04,fly_credit,1,butterfly|dte=35|rv_filter=rv10_lt_rv60|width=5.0
butterfly,oos,IWM,2024-08-20,2024-08-23,-3.7857,-0.012541,touch,1,301.86,fly_debit,1,butterfly|dte=35|rv_filter=rv10_lt_rv60|width=5.0
butterfly,oos,IWM,2024-08-21,2024-08-23,-14.4815,-0.053843,touch,1,268.96,fly_credit,1,butterfly|dte=35|rv_filter=rv10_lt_rv60|width=5.0
butterfly,oos,QQQ,2024-08-23,2024-08-26,0.7516,0.002583,touch,1,290.99,fly_debit,1,butterfly|dte=35|rv_filter=rv10_lt_rv60|width=5.0
butterfly,oos,QQQ,2024-08-26,2024-08-26,-8.1600,-0.016986,touch,2,480.40,fly_credit,1,butterfly|dte=35|rv_filter=rv10_lt_rv60|width=5.0
butterfly,oos,QQQ,2024-08-27,2024-08-28,11.7615,0.040726,touch,1,288.79,fly_debit,1,butterfly|dte=35|rv_filter=rv10_lt_rv60|width=5.0
butterfly,oos,QQQ,2024-08-28,2024-08-28,-8.1600,-0.017873,touch,2,456.55,fly_credit,1,butterfly|dte=35|rv_filter=rv10_lt_rv60|width=5.0
butterfly,oos,IWM,2024-08-27,2024-09-03,-6.7297,-0.022611,touch,1,297.63,fly_debit,1,butterfly|dte=35|rv_filter=rv10_lt_rv60|width=5.0
butterfly,oos,IWM,2024-08-28,2024-09-03,-1.2459,-0.004566,touch,1,272.85,fly_credit,1,butterfly|dte=35|rv_filter=rv10_lt_rv60|width=5.0
butterfly,oos,QQQ,2024-08-29,2024-09-03,2.7331,0.009382,touch,1,291.30,fly_debit,1,butterfly|dte=35|rv_filter=rv10_lt_rv60|width=5.0
butterfly,oos,QQQ,2024-08-30,2024-09-03,17.1651,0.037391,touch,2,459.07,fly_credit,1,butterfly|dte=35|rv_filter=rv10_lt_rv60|width=5.0
butterfly,oos,QQQ,2024-09-04,2024-09-05,-2.9736,-0.010356,touch,1,287.13,fly_debit,1,butterfly|dte=35|rv_filter=rv10_lt_rv60|width=5.0
butterfly,oos,QQQ,2024-09-05,2024-09-05,-8.1600,-0.016750,touch,2,487.17,fly_credit,1,butterfly|dte=35|rv_filter=rv10_lt_rv60|width=5.0
butterfly,oos,SPY,2024-08-20,2024-09-06,-149.9686,-0.500267,stop,1,299.78,fly_debit,0,butterfly|dte=35|rv_filter=rv10_lt_rv60|width=5.0
butterfly,oos,IWM,2024-09-10,2024-09-13,54.9802,0.186738,touch_gap,1,294.42,fly_debit,1,butterfly|dte=35|rv_filter=rv10_lt_rv60|width=5.0
butterfly,oos,IWM,2024-09-11,2024-09-13,-78.7664,-0.283803,touch_gap,1,277.54,fly_credit,1,butterfly|dte=35|rv_filter=rv10_lt_rv60|width=5.0
butterfly,oos,QQQ,2024-09-06,2024-09-18,104.3402,0.358361,target,1,291.16,fly_debit,0,butterfly|dte=35|rv_filter=rv10_lt_rv60|width=5.0
butterfly,oos,IWM,2024-09-16,2024-09-18,14.2561,0.048121,touch,1,296.26,fly_debit,1,butterfly|dte=35|rv_filter=rv10_lt_rv60|width=5.0
butterfly,oos,IWM,2024-09-17,2024-09-18,0.7453,0.001531,touch,2,486.88,fly_credit,1,butterfly|dte=35|rv_filter=rv10_lt_rv60|width=5.0
butterfly,oos,IWM,2024-09-19,2024-09-24,-35.6193,-0.121539,touch,1,293.07,fly_debit,1,butterfly|dte=35|rv_filter=rv10_lt_rv60|width=5.0
butterfly,oos,IWM,2024-09-20,2024-09-24,30.4197,0.108578,touch,1,280.17,fly_credit,1,butterfly|dte=35|rv_filter=rv10_lt_rv60|width=5.0
butterfly,oos,IWM,2024-09-25,2024-10-10,-64.3640,-0.208778,touch,1,308.29,fly_debit,1,butterfly|dte=35|rv_filter=rv10_lt_rv60|width=5.0
butterfly,oos,IWM,2024-09-26,2024-10-10,68.1819,0.265900,touch,1,256.42,fly_credit,1,butterfly|dte=35|rv_filter=rv10_lt_rv60|width=5.0
butterfly,oos,SPY,2024-09-18,2024-10-11,104.6796,0.360367,target,1,290.48,fly_debit,0,butterfly|dte=35|rv_filter=rv10_lt_rv60|width=5.0
butterfly,oos,QQQ,2024-09-19,2024-10-14,106.8153,0.373207,target,1,286.21,fly_debit,0,butterfly|dte=35|rv_filter=rv10_lt_rv60|width=5.0
butterfly,oos,QQQ,2024-12-02,2024-12-03,21.7734,0.070463,touch,1,309.01,fly_debit,1,butterfly|dte=21|rv_filter=vix_pct_lt_40|width=5.0
butterfly,oos,QQQ,2024-12-03,2024-12-03,-16.1600,-0.036349,touch,2,444.58,fly_credit,1,butterfly|dte=21|rv_filter=vix_pct_lt_40|width=5.0
butterfly,oos,QQQ,2024-12-04,2024-12-06,15.5812,0.050891,touch,1,306.17,fly_debit,1,butterfly|dte=21|rv_filter=vix_pct_lt_40|width=5.0
butterfly,oos,QQQ,2024-12-05,2024-12-06,4.4937,0.010381,touch,2,432.88,fly_credit,1,butterfly|dte=21|rv_filter=vix_pct_lt_40|width=5.0
butterfly,oos,IWM,2024-12-02,2024-12-10,-102.8664,-0.320892,touch,1,320.56,fly_debit,1,butterfly|dte=21|rv_filter=vix_pct_lt_40|width=5.0
butterfly,oos,IWM,2024-12-03,2024-12-10,107.0671,0.373962,touch,1,286.30,fly_credit,1,butterfly|dte=21|rv_filter=vix_pct_lt_40|width=5.0
butterfly,oos,QQQ,2024-12-09,2024-12-10,-31.9190,-0.104630,touch,1,305.06,fly_debit,1,butterfly|dte=21|rv_filter=vix_pct_lt_40|width=5.0
butterfly,oos,QQQ,2024-12-10,2024-12-10,-8.0800,-0.028628,touch,1,282.24,fly_credit,1,butterfly|dte=21|rv_filter=vix_pct_lt_40|width=5.0
butterfly,oos,SPY,2024-12-02,2024-12-13,29.9242,0.096817,time,1,309.08,fly_debit,0,butterfly|dte=21|rv_filter=vix_pct_lt_40|width=5.0
butterfly,oos,IWM,2024-12-12,2024-12-13,-49.9685,-0.158706,touch,1,314.85,fly_debit,1,butterfly|dte=21|rv_filter=vix_pct_lt_40|width=5.0
butterfly,oos,IWM,2024-12-13,2024-12-13,-8.0800,-0.025175,touch,1,320.95,fly_credit,1,butterfly|dte=21|rv_filter=vix_pct_lt_40|width=5.0
butterfly,oos,QQQ,2024-12-12,2024-12-13,18.4269,0.061458,touch,1,299.83,fly_debit,1,butterfly|dte=21|rv_filter=vix_pct_lt_40|width=5.0
butterfly,oos,QQQ,2024-12-13,2024-12-13,-16.1600,-0.035459,touch,2,455.74,fly_credit,1,butterfly|dte=21|rv_filter=vix_pct_lt_40|width=5.0
butterfly,oos,QQQ,2025-01-06,2025-01-07,6.6333,0.022656,touch,1,292.79,fly_debit,1,butterfly|dte=35|rv_filter=rv10_lt_rv60|width=5.0
butterfly,oos,QQQ,2025-01-07,2025-01-07,-8.1600,-0.017479,touch,2,466.84,fly_credit,1,butterfly|dte=35|rv_filter=rv10_lt_rv60|width=5.0
butterfly,oos,IWM,2025-01-06,2025-01-08,-69.9301,-0.231720,touch_gap,1,301.79,fly_debit,1,butterfly|dte=35|rv_filter=rv10_lt_rv60|width=5.0
butterfly,oos,IWM,2025-01-07,2025-01-08,60.9495,0.224196,touch_gap,1,271.86,fly_credit,1,butterfly|dte=35|rv_filter=rv10_lt_rv60|width=5.0
butterfly,oos,IWM,2025-01-10,2025-01-14,5.8248,0.019096,stop_gap,1,305.03,fly_debit,1,butterfly|dte=35|rv_filter=rv10_lt_rv60|width=5.0
butterfly,oos,IWM,2025-01-13,2025-01-14,-64.1602,-0.207235,stop_gap,1,309.60,fly_credit,1,butterfly|dte=35|rv_filter=rv10_lt_rv60|width=5.0
butterfly,oos,QQQ,2025-01-15,2025-01-22,105.7027,0.366470,target,1,288.43,fly_debit,0,butterfly|dte=35|rv_filter=rv10_lt_rv60|width=5.0
butterfly,oos,IWM,2025-01-15,2025-01-24,55.4342,0.183299,touch,1,302.42,fly_debit,1,butterfly|dte=35|rv_filter=rv10_lt_rv60|width=5.0
butterfly,oos,IWM,2025-01-16,2025-01-24,-68.1882,-0.248610,touch,1,274.28,fly_credit,1,butterfly|dte=35|rv_filter=rv10_lt_rv60|width=5.0
butterfly,oos,QQQ,2025-01-24,2025-01-27,-159.2533,-0.544407,stop_gap,1,292.53,fly_debit,0,butterfly|dte=35|rv_filter=rv10_lt_rv60|width=5.0
butterfly,oos,SPY,2025-01-28,2025-01-30,17.6868,0.061600,touch,1,287.12,fly_debit,1,butterfly|dte=35|rv_filter=rv10_lt_rv60|width=5.0
butterfly,oos,SPY,2025-01-29,2025-01-30,-10.8979,-0.024104,touch,2,452.11,fly_credit,1,butterfly|dte=35|rv_filter=rv10_lt_rv60|width=5.0
butterfly,oos,IWM,2025-01-27,2025-02-03,-83.6785,-0.274835,touch_gap,1,304.47,fly_debit,1,butterfly|dte=35|rv_filter=rv10_lt_rv60|width=5.0
butterfly,oos,IWM,2025-01-28,2025-02-03,83.3015,0.309276,touch_gap,1,269.34,fly_credit,1,butterfly|dte=35|rv_filter=rv10_lt_rv60|width=5.0
butterfly,oos,IWM,2025-02-04,2025-02-05,49.0262,0.165985,touch,1,295.36,fly_debit,1,butterfly|dte=35|rv_filter=rv10_lt_rv60|width=5.0
butterfly,oos,IWM,2025-02-05,2025-02-05,-8.1600,-0.019241,touch,2,424.10,fly_credit,1,butterfly|dte=35|rv_filter=rv10_lt_rv60|width=5.0
butterfly,oos,IWM,2025-02-06,2025-02-07,-24.9858,-0.083595,touch,1,298.89,fly_debit,1,butterfly|dte=35|rv_filter=rv10_lt_rv60|width=5.0
butterfly,oos,IWM,2025-02-07,2025-02-07,-4.0800,-0.013906,touch,1,293.39,fly_credit,1,butterfly|dte=35|rv_filter=rv10_lt_rv60|width=5.0
butterfly,oos,IWM,2025-02-10,2025-02-12,-77.6248,-0.248422,touch,1,312.47,fly_debit,1,butterfly|dte=35|rv_filter=rv10_lt_rv60|width=5.0
butterfly,oos,IWM,2025-02-11,2025-02-12,40.7934,0.137203,touch,1,297.32,fly_credit,1,butterfly|dte=35|rv_filter=rv10_lt_rv60|width=5.0
butterfly,oos,QQQ,2025-02-11,2025-02-12,-25.3820,-0.087318,stop_gap,1,290.68,fly_debit,1,butterfly|dte=35|rv_filter=rv10_lt_rv60|width=5.0
butterfly,oos,QQQ,2025-02-12,2025-02-12,-4.0800,-0.015370,stop_gap,1,265.46,fly_credit,1,butterfly|dte=35|rv_filter=rv10_lt_rv60|width=5.0
butterfly,oos,IWM,2025-02-13,2025-02-21,15.2451,0.049715,touch,1,306.65,fly_debit,1,butterfly|dte=35|rv_filter=rv10_lt_rv60|width=5.0
butterfly,oos,IWM,2025-02-14,2025-02-21,33.3946,0.071613,touch,2,466.32,fly_credit,1,butterfly|dte=35|rv_filter=rv10_lt_rv60|width=5.0
butterfly,oos,SPY,2025-01-31,2025-02-25,-144.9506,-0.500276,stop,1,289.74,fly_debit,0,butterfly|dte=35|rv_filter=rv10_lt_rv60|width=5.0
butterfly,oos,QQQ,2025-02-13,2025-02-25,-145.8645,-0.500274,stop,1,291.57,fly_debit,0,butterfly|dte=35|rv_filter=rv10_lt_rv60|width=5.0
butterfly,oos,IWM,2025-02-24,2025-02-25,-35.1084,-0.116604,touch,1,301.09,fly_debit,1,butterfly|dte=35|rv_filter=rv10_lt_rv60|width=5.0
butterfly,oos,IWM,2025-02-25,2025-02-25,-4.0800,-0.013482,touch,1,302.63,fly_credit,1,butterfly|dte=35|rv_filter=rv10_lt_rv60|width=5.0
butterfly,oos,QQQ,2025-02-26,2025-02-27,9.8823,0.034657,touch,1,285.15,fly_debit,1,butterfly|dte=35|rv_filter=rv10_lt_rv60|width=5.0
butterfly,oos,QQQ,2025-02-27,2025-02-27,-8.1600,-0.017609,touch,2,463.41,fly_credit,1,butterfly|dte=35|rv_filter=rv10_lt_rv60|width=5.0
butterfly,oos,IWM,2025-02-26,2025-02-28,-58.1555,-0.192437,touch,1,302.21,fly_debit,1,butterfly|dte=35|rv_filter=rv10_lt_rv60|width=5.0
butterfly,oos,IWM,2025-02-27,2025-02-28,44.1526,0.164354,touch,1,268.64,fly_credit,1,butterfly|dte=35|rv_filter=rv10_lt_rv60|width=5.0
butterfly,oos,IWM,2025-03-03,2025-03-04,-154.0622,-0.500260,stop,1,307.96,fly_debit,0,butterfly|dte=35|rv_filter=rv10_lt_rv60|width=5.0
butterfly,oos,SPY,2025-02-26,2025-03-06,-143.5501,-0.500279,stop,1,286.94,fly_debit,0,butterfly|dte=35|rv_filter=rv10_lt_rv60|width=5.0
butterfly,oos,QQQ,2025-06-26,2025-06-27,23.9999,0.080307,touch,1,298.85,fly_debit,1,butterfly|dte=21|rv_filter=vix_pct_lt_40|width=5.0
butterfly,oos,QQQ,2025-06-27,2025-06-27,-16.1600,-0.037544,touch,2,430.43,fly_credit,1,butterfly|dte=21|rv_filter=vix_pct_lt_40|width=5.0
butterfly,oos,IWM,2025-06-26,2025-07-01,29.3471,0.094197,touch,1,311.55,fly_debit,1,butterfly|dte=21|rv_filter=vix_pct_lt_40|width=5.0
butterfly,oos,IWM,2025-06-27,2025-07-01,38.3484,0.085788,touch,2,447.01,fly_credit,1,butterfly|dte=21|rv_filter=vix_pct_lt_40|width=5.0
butterfly,oos,QQQ,2025-06-30,2025-07-01,-22.0656,-0.072807,touch,1,303.07,fly_debit,1,butterfly|dte=21|rv_filter=vix_pct_lt_40|width=5.0
butterfly,oos,QQQ,2025-07-01,2025-07-01,-8.0800,-0.030566,touch,1,264.34,fly_credit,1,butterfly|dte=21|rv_filter=vix_pct_lt_40|width=5.0
butterfly,oos,SPY,2025-06-26,2025-07-03,101.8764,0.344076,target,1,296.09,fly_debit,0,butterfly|dte=21|rv_filter=vix_pct_lt_40|width=5.0
butterfly,oos,IWM,2025-07-02,2025-07-03,33.8242,0.111389,touch,1,303.66,fly_debit,1,butterfly|dte=35|rv_filter=rv10_lt_rv60|width=5.0
butterfly,oos,IWM,2025-07-03,2025-07-03,-8.1600,-0.018925,touch,2,431.18,fly_credit,1,butterfly|dte=35|rv_filter=rv10_lt_rv60|width=5.0
butterfly,oos,IWM,2025-07-07,2025-07-16,-20.7320,-0.069372,touch,1,298.86,fly_debit,1,butterfly|dte=35|rv_filter=rv10_lt_rv60|width=5.0
butterfly,oos,IWM,2025-07-08,2025-07-16,10.3619,0.036658,touch,1,282.67,fly_credit,1,butterfly|dte=35|rv_filter=rv10_lt_rv60|width=5.0
butterfly,oos,SPY,2025-07-07,2025-07-17,6.4296,0.021800,touch,1,294.94,fly_debit,1,butterfly|dte=35|rv_filter=rv10_lt_rv60|width=5.0
butterfly,oos,SPY,2025-07-08,2025-07-17,-21.4683,-0.084610,touch,1,253.73,fly_credit,1,butterfly|dte=35|rv_filter=rv10_lt_rv60|width=5.0
butterfly,oos,QQQ,2025-07-02,2025-07-18,104.9567,0.362011,target,1,289.93,fly_debit,0,butterfly|dte=35|rv_filter=rv10_lt_rv60|width=5.0
butterfly,oos,SPY,2025-07-18,2025-07-23,12.4241,0.042447,touch,1,292.69,fly_debit,1,butterfly|dte=35|rv_filter=rv10_lt_rv60|width=5.0
butterfly,oos,SPY,2025-07-21,2025-07-23,-43.8314,-0.089608,touch,2,489.15,fly_credit,1,butterfly|dte=35|rv_filter=rv10_lt_rv60|width=5.0
butterfly,oos,QQQ,2025-07-21,2025-07-25,18.1786,0.062057,touch,1,292.93,fly_debit,1,butterfly|dte=35|rv_filter=rv10_lt_rv60|width=5.0
butterfly,oos,QQQ,2025-07-22,2025-07-25,-18.5392,-0.040626,touch,2,456.34,fly_credit,1,butterfly|dte=35|rv_filter=rv10_lt_rv60|width=5.0
butterfly,oos,QQQ,2025-07-28,2025-07-31,40.6753,0.138755,touch_gap,1,293.15,fly_debit,1,butterfly|dte=35|rv_filter=rv10_lt_rv60|width=5.0
butterfly,oos,QQQ,2025-07-29,2025-07-31,-59.8891,-0.133775,touch_gap,2,447.69,fly_credit,1,butterfly|dte=35|rv_filter=rv10_lt_rv60|width=5.0
butterfly,oos,SPY,2025-07-24,2025-08-01,-60.7405,-0.209289,touch_gap,1,290.22,fly_debit,1,butterfly|dte=35|rv_filter=rv10_lt_rv60|width=5.0
butterfly,oos,SPY,2025-07-25,2025-08-01,120.5098,0.249646,touch_gap,2,482.72,fly_credit,1,butterfly|dte=35|rv_filter=rv10_lt_rv60|width=5.0
butterfly,oos,QQQ,2025-08-01,2025-08-04,-5.1277,-0.017705,touch,1,289.62,fly_debit,1,butterfly|dte=35|rv_filter=rv10_lt_rv60|width=5.0
butterfly,oos,QQQ,2025-08-04,2025-08-04,-8.1600,-0.016801,touch,2,485.68,fly_credit,1,butterfly|dte=35|rv_filter=rv10_lt_rv60|width=5.0
butterfly,oos,SPY,2025-08-04,2025-08-12,107.5135,0.377488,target,1,284.81,fly_debit,0,butterfly|dte=35|rv_filter=rv10_lt_rv60|width=5.0
butterfly,oos,IWM,2025-07-22,2025-08-13,103.7255,0.354752,target,1,292.39,fly_debit,0,butterfly|dte=35|rv_filter=rv10_lt_rv60|width=5.0
butterfly,oos,SPY,2025-08-18,2025-08-20,-27.4980,-0.093764,touch,1,293.27,fly_debit,1,butterfly|dte=35|rv_filter=rv10_lt_rv60|width=5.0
butterfly,oos,SPY,2025-08-19,2025-08-20,45.6841,0.094174,touch,2,485.10,fly_credit,1,butterfly|dte=35|rv_filter=rv10_lt_rv60|width=5.0
butterfly,oos,SPY,2025-08-21,2025-08-22,3.1924,0.010893,touch,1,293.08,fly_debit,1,butterfly|dte=35|rv_filter=rv10_lt_rv60|width=5.0
butterfly,oos,SPY,2025-08-22,2025-08-22,-8.1600,-0.017584,touch,2,464.05,fly_credit,1,butterfly|dte=35|rv_filter=rv10_lt_rv60|width=5.0
butterfly,oos,SPY,2025-08-27,2025-09-02,-51.8503,-0.178557,touch_gap,1,290.39,fly_debit,1,butterfly|dte=35|rv_filter=rv10_lt_rv60|width=5.0
butterfly,oos,SPY,2025-08-28,2025-09-02,129.4933,0.284029,touch_gap,2,455.92,fly_credit,1,butterfly|dte=35|rv_filter=rv10_lt_rv60|width=5.0
butterfly,oos,SPY,2025-09-09,2025-09-10,22.2940,0.076660,touch,1,290.82,fly_debit,1,butterfly|dte=35|rv_filter=rv10_lt_rv60|width=5.0
butterfly,oos,SPY,2025-09-10,2025-09-10,-8.1600,-0.018989,touch,2,429.73,fly_credit,1,butterfly|dte=35|rv_filter=rv10_lt_rv60|width=5.0
butterfly,oos,SPY,2025-09-11,2025-09-12,17.6298,0.060340,touch,1,292.17,fly_debit,1,butterfly|dte=35|rv_filter=rv10_lt_rv60|width=5.0
butterfly,oos,SPY,2025-09-12,2025-09-12,-8.1600,-0.018540,touch,2,440.12,fly_credit,1,butterfly|dte=35|rv_filter=rv10_lt_rv60|width=5.0
butterfly,oos,QQQ,2025-08-19,2025-09-15,103.5283,0.353600,target,1,292.78,fly_debit,0,butterfly|dte=35|rv_filter=rv10_lt_rv60|width=5.0
butterfly,oos,IWM,2025-09-09,2025-09-17,9.1527,0.030814,touch,1,297.03,fly_debit,1,butterfly|dte=35|rv_filter=rv10_lt_rv60|width=5.0
butterfly,oos,IWM,2025-09-10,2025-09-17,-18.9901,-0.070707,touch,1,268.58,fly_credit,1,butterfly|dte=35|rv_filter=rv10_lt_rv60|width=5.0
butterfly,oos,SPY,2025-09-15,2025-09-17,-3.8489,-0.013209,touch,1,291.39,fly_debit,1,butterfly|dte=35|rv_filter=rv10_lt_rv60|width=5.0
butterfly,oos,SPY,2025-09-16,2025-09-17,11.6502,0.024872,touch,2,468.41,fly_credit,1,butterfly|dte=35|rv_filter=rv10_lt_rv60|width=5.0
butterfly,oos,SPY,2025-09-18,2025-09-22,-0.2750,-0.000949,touch,1,289.63,fly_debit,1,butterfly|dte=35|rv_filter=rv10_lt_rv60|width=5.0
butterfly,oos,SPY,2025-09-19,2025-09-22,-5.0429,-0.010475,touch,2,481.44,fly_credit,1,butterfly|dte=35|rv_filter=rv10_lt_rv60|width=5.0
butterfly,oos,SPY,2025-09-23,2025-09-24,-16.2348,-0.056514,touch,1,287.27,fly_debit,1,butterfly|dte=35|rv_filter=rv10_lt_rv60|width=5.0
butterfly,oos,SPY,2025-09-24,2025-09-24,-4.0800,-0.015945,touch,1,255.87,fly_credit,1,butterfly|dte=35|rv_filter=rv10_lt_rv60|width=5.0
butterfly,oos,SPY,2025-09-25,2025-09-29,37.2073,0.128704,touch_gap,1,289.09,fly_debit,1,butterfly|dte=35|rv_filter=rv10_lt_rv60|width=5.0
butterfly,oos,SPY,2025-09-26,2025-09-29,-70.3300,-0.150100,touch_gap,2,468.56,fly_credit,1,butterfly|dte=35|rv_filter=rv10_lt_rv60|width=5.0
butterfly,oos,QQQ,2025-09-16,2025-09-30,46.0580,0.161136,window_mtm,1,285.83,fly_debit,0,butterfly|dte=35|rv_filter=rv10_lt_rv60|width=5.0
butterfly,oos,IWM,2025-09-18,2025-09-30,20.1248,0.068124,window_mtm,1,295.41,fly_debit,0,butterfly|dte=35|rv_filter=rv10_lt_rv60|width=5.0
butterfly,oos,SPY,2025-09-30,2025-09-30,12.7215,0.044069,window_mtm,1,288.67,fly_debit,0,butterfly|dte=35|rv_filter=rv10_lt_rv60|width=5.0
butterfly,holdout,IWM,2025-10-02,2025-10-03,21.1572,0.070925,touch,1,298.30,fly_debit,1,butterfly|dte=35|rv_filter=rv10_lt_rv60|width=5.0
butterfly,holdout,IWM,2025-10-03,2025-10-03,-8.1600,-0.017402,touch,2,468.90,fly_credit,1,butterfly|dte=35|rv_filter=rv10_lt_rv60|width=5.0
butterfly,holdout,QQQ,2025-10-02,2025-10-03,-6.5773,-0.022888,touch,1,287.36,fly_debit,1,butterfly|dte=35|rv_filter=rv10_lt_rv60|width=5.0
butterfly,holdout,QQQ,2025-10-03,2025-10-03,-8.1600,-0.016682,touch,2,489.15,fly_credit,1,butterfly|dte=35|rv_filter=rv10_lt_rv60|width=5.0
butterfly,holdout,IWM,2025-10-06,2025-10-10,-26.7421,-0.089779,touch,1,297.87,fly_debit,1,butterfly|dte=35|rv_filter=rv10_lt_rv60|width=5.0
butterfly,holdout,IWM,2025-10-07,2025-10-10,20.4646,0.075435,touch,1,271.29,fly_credit,1,butterfly|dte=35|rv_filter=rv10_lt_rv60|width=5.0
butterfly,holdout,QQQ,2025-10-06,2025-10-10,13.8791,0.047777,touch,1,290.50,fly_debit,1,butterfly|dte=35|rv_filter=rv10_lt_rv60|width=5.0
butterfly,holdout,QQQ,2025-10-07,2025-10-10,-35.3909,-0.074552,touch,2,474.72,fly_credit,1,butterfly|dte=35|rv_filter=rv10_lt_rv60|width=5.0
butterfly,holdout,SPY,2025-10-02,2025-10-27,104.1204,0.357067,target,1,291.60,fly_debit,0,butterfly|dte=35|rv_filter=rv10_lt_rv60|width=5.0
butterfly,holdout,SPY,2025-10-28,2025-10-30,-21.1146,-0.073175,touch,1,288.55,fly_debit,1,butterfly|dte=35|rv_filter=rv10_lt_rv60|width=5.0
butterfly,holdout,SPY,2025-10-29,2025-10-30,43.0313,0.092245,touch,2,466.49,fly_credit,1,butterfly|dte=35|rv_filter=rv10_lt_rv60|width=5.0
butterfly,holdout,IWM,2025-10-31,2025-11-06,-9.1672,-0.030900,touch,1,296.67,fly_debit,1,butterfly|dte=35|rv_filter=rv10_lt_rv60|width=5.0
butterfly,holdout,IWM,2025-11-03,2025-11-06,40.0581,0.080540,touch,2,497.37,fly_credit,1,butterfly|dte=35|rv_filter=rv10_lt_rv60|width=5.0
butterfly,holdout,SPY,2025-11-04,2025-11-06,-2.7540,-0.009590,touch,1,287.16,fly_debit,1,butterfly|dte=35|rv_filter=rv10_lt_rv60|width=5.0
butterfly,holdout,SPY,2025-11-05,2025-11-06,-22.4880,-0.045453,touch,2,494.75,fly_credit,1,butterfly|dte=35|rv_filter=rv10_lt_rv60|width=5.0
butterfly,holdout,QQQ,2025-10-28,2025-11-07,-143.0756,-0.500280,stop,1,285.99,fly_debit,0,butterfly|dte=35|rv_filter=rv10_lt_rv60|width=5.0
butterfly,holdout,IWM,2025-11-07,2025-11-26,100.2662,0.334994,target,1,299.31,fly_debit,0,butterfly|dte=35|rv_filter=rv10_lt_rv60|width=5.0
butterfly,holdout,QQQ,2025-12-08,2025-12-09,-26.5275,-0.092002,touch,1,288.34,fly_debit,1,butterfly|dte=35|rv_filter=rv10_lt_rv60|width=5.0
butterfly,holdout,QQQ,2025-12-09,2025-12-09,-4.0800,-0.015424,touch,1,264.52,fly_credit,1,butterfly|dte=35|rv_filter=rv10_lt_rv60|width=5.0
butterfly,holdout,IWM,2025-12-08,2025-12-11,22.1743,0.074377,touch,1,298.14,fly_debit,1,butterfly|dte=35|rv_filter=rv10_lt_rv60|width=5.0
butterfly,holdout,IWM,2025-12-09,2025-12-11,-58.4785,-0.196245,touch,1,297.99,fly_credit,1,butterfly|dte=35|rv_filter=rv10_lt_rv60|width=5.0
butterfly,holdout,QQQ,2025-12-10,2025-12-11,-2.8856,-0.010176,touch,1,283.57,fly_debit,1,butterfly|dte=35|rv_filter=rv10_lt_rv60|width=5.0
butterfly,holdout,QQQ,2025-12-11,2025-12-11,-8.1600,-0.016767,touch,2,486.66,fly_credit,1,butterfly|dte=35|rv_filter=rv10_lt_rv60|width=5.0
butterfly,holdout,IWM,2025-12-12,2025-12-15,-30.6577,-0.102589,touch,1,298.84,fly_debit,1,butterfly|dte=35|rv_filter=rv10_lt_rv60|width=5.0
butterfly,holdout,IWM,2025-12-15,2025-12-15,-4.0800,-0.013806,touch,1,295.52,fly_credit,1,butterfly|dte=35|rv_filter=rv10_lt_rv60|width=5.0
butterfly,holdout,QQQ,2025-12-12,2025-12-15,-24.3936,-0.084749,touch,1,287.83,fly_debit,1,butterfly|dte=35|rv_filter=rv10_lt_rv60|width=5.0
butterfly,holdout,QQQ,2025-12-15,2025-12-15,-4.0800,-0.015545,touch,1,262.47,fly_credit,1,butterfly|dte=35|rv_filter=rv10_lt_rv60|width=5.0
butterfly,holdout,IWM,2025-12-16,2025-12-22,29.2716,0.097398,touch,1,300.54,fly_debit,1,butterfly|dte=35|rv_filter=rv10_lt_rv60|width=5.0
butterfly,holdout,IWM,2025-12-17,2025-12-22,-26.9438,-0.104698,touch,1,257.35,fly_credit,1,butterfly|dte=35|rv_filter=rv10_lt_rv60|width=5.0
butterfly,holdout,IWM,2025-12-23,2025-12-31,-56.2177,-0.183925,touch,1,305.66,fly_debit,1,butterfly|dte=35|rv_filter=rv10_lt_rv60|width=5.0
butterfly,holdout,IWM,2025-12-24,2025-12-31,55.3922,0.210378,touch,1,263.30,fly_credit,1,butterfly|dte=35|rv_filter=rv10_lt_rv60|width=5.0
butterfly,holdout,SPY,2025-12-08,2026-01-02,-41.4296,-0.143846,time,1,288.01,fly_debit,0,butterfly|dte=35|rv_filter=rv10_lt_rv60|width=5.0
butterfly,holdout,IWM,2026-01-02,2026-01-05,24.8528,0.083330,touch,1,298.24,fly_debit,1,butterfly|dte=35|rv_filter=rv10_lt_rv60|width=5.0
butterfly,holdout,IWM,2026-01-05,2026-01-05,-8.1600,-0.016910,touch,2,482.55,fly_credit,1,butterfly|dte=35|rv_filter=rv10_lt_rv60|width=5.0
butterfly,holdout,SPY,2026-01-05,2026-01-06,4.4364,0.015346,touch,1,289.09,fly_debit,1,butterfly|dte=35|rv_filter=rv10_lt_rv60|width=5.0
butterfly,holdout,SPY,2026-01-06,2026-01-06,-8.1600,-0.017098,touch,2,477.24,fly_credit,1,butterfly|dte=35|rv_filter=rv10_lt_rv60|width=5.0
butterfly,holdout,QQQ,2025-12-16,2026-01-07,107.3324,0.376374,target,1,285.18,fly_debit,0,butterfly|dte=35|rv_filter=rv10_lt_rv60|width=5.0
butterfly,holdout,IWM,2026-01-06,2026-01-08,23.3144,0.077350,touch,1,301.41,fly_debit,1,butterfly|dte=35|rv_filter=rv10_lt_rv60|width=5.0
butterfly,holdout,IWM,2026-01-07,2026-01-08,29.2445,0.069093,touch,2,423.26,fly_credit,1,butterfly|dte=35|rv_filter=rv10_lt_rv60|width=5.0
butterfly,holdout,SPY,2026-01-07,2026-01-08,-23.4141,-0.080653,stop_gap,1,290.31,fly_debit,1,butterfly|dte=35|rv_filter=rv10_lt_rv60|width=5.0
butterfly,holdout,SPY,2026-01-08,2026-01-08,-4.0800,-0.015596,stop_gap,1,261.60,fly_credit,1,butterfly|dte=35|rv_filter=rv10_lt_rv60|width=5.0
butterfly,holdout,QQQ,2026-01-08,2026-01-12,-5.0482,-0.017699,touch,1,285.22,fly_debit,1,butterfly|dte=35|rv_filter=rv10_lt_rv60|width=5.0
butterfly,holdout,QQQ,2026-01-09,2026-01-12,-7.6238,-0.030401,touch,1,250.77,fly_credit,1,butterfly|dte=35|rv_filter=rv10_lt_rv60|width=5.0
butterfly,holdout,QQQ,2026-01-13,2026-01-14,-27.7706,-0.096955,touch,1,286.43,fly_debit,1,butterfly|dte=35|rv_filter=rv10_lt_rv60|width=5.0
butterfly,holdout,QQQ,2026-01-14,2026-01-14,-4.0800,-0.015380,touch,1,265.28,fly_credit,1,butterfly|dte=35|rv_filter=rv10_lt_rv60|width=5.0
butterfly,holdout,IWM,2026-01-09,2026-01-15,50.9359,0.172690,touch,1,294.96,fly_debit,1,butterfly|dte=35|rv_filter=rv10_lt_rv60|width=5.0
butterfly,holdout,IWM,2026-01-12,2026-01-15,-66.0154,-0.240758,touch,1,274.20,fly_credit,1,butterfly|dte=35|rv_filter=rv10_lt_rv60|width=5.0
butterfly,holdout,QQQ,2026-01-15,2026-01-16,-8.3006,-0.029383,touch,1,282.49,fly_debit,1,butterfly|dte=35|rv_filter=rv10_lt_rv60|width=5.0
butterfly,holdout,QQQ,2026-01-16,2026-01-16,-4.0800,-0.016319,touch,1,250.02,fly_credit,1,butterfly|dte=35|rv_filter=rv10_lt_rv60|width=5.0
butterfly,holdout,IWM,2026-01-16,2026-01-20,-60.5292,-0.203017,stop_gap,1,298.15,fly_debit,1,butterfly|dte=35|rv_filter=rv10_lt_rv60|width=5.0
butterfly,holdout,IWM,2026-01-20,2026-01-20,-6.0800,-0.018542,stop_gap,1,327.91,fly_credit,1,butterfly|dte=35|rv_filter=rv10_lt_rv60|width=5.0
butterfly,holdout,QQQ,2026-01-20,2026-01-28,108.7241,0.385012,target,1,282.39,fly_debit,0,butterfly|dte=35|rv_filter=rv10_lt_rv60|width=5.0
butterfly,holdout,SPY,2026-01-09,2026-02-05,-143.5400,-0.500279,stop,1,286.92,fly_debit,0,butterfly|dte=35|rv_filter=rv10_lt_rv60|width=5.0
butterfly,holdout,QQQ,2026-01-30,2026-02-05,-141.4129,-0.500283,stop,1,282.67,fly_debit,0,butterfly|dte=35|rv_filter=rv10_lt_rv60|width=5.0
butterfly,holdout,IWM,2026-01-21,2026-02-20,17.2792,0.059570,time,1,290.07,fly_debit,0,butterfly|dte=35|rv_filter=rv10_lt_rv60|width=5.0
butterfly,holdout,QQQ,2026-03-02,2026-03-03,-15.6816,-0.055680,touch,1,281.64,fly_debit,1,butterfly|dte=35|rv_filter=rv10_lt_rv60|width=5.0
butterfly,holdout,QQQ,2026-03-03,2026-03-03,-4.0800,-0.015906,touch,1,256.51,fly_credit,1,butterfly|dte=35|rv_filter=rv10_lt_rv60|width=5.0
butterfly,holdout,SPY,2026-02-06,2026-03-06,-73.9876,-0.261054,time,1,283.42,fly_debit,0,butterfly|dte=35|rv_filter=rv10_lt_rv60|width=5.0
butterfly,holdout,IWM,2026-02-24,2026-03-09,-145.9682,-0.500274,stop,1,291.78,fly_debit,0,butterfly|dte=35|rv_filter=rv10_lt_rv60|width=5.0
butterfly,holdout,QQQ,2026-03-12,2026-03-13,-16.9293,-0.060817,touch,1,278.36,fly_debit,1,butterfly|dte=35|rv_filter=rv10_lt_rv60|width=5.0
butterfly,holdout,QQQ,2026-03-13,2026-03-13,-4.0800,-0.015905,touch,1,256.52,fly_credit,1,butterfly|dte=35|rv_filter=rv10_lt_rv60|width=5.0
butterfly,holdout,SPY,2026-03-12,2026-03-13,-12.9500,-0.046311,touch,1,279.63,fly_debit,1,butterfly|dte=35|rv_filter=rv10_lt_rv60|width=5.0
butterfly,holdout,SPY,2026-03-13,2026-03-13,-4.0800,-0.016265,touch,1,250.85,fly_credit,1,butterfly|dte=35|rv_filter=rv10_lt_rv60|width=5.0
butterfly,holdout,IWM,2026-04-15,2026-04-17,40.2024,0.138388,touch,1,290.51,fly_debit,1,butterfly|dte=35|rv_filter=rv10_lt_rv60|width=5.0
butterfly,holdout,IWM,2026-04-16,2026-04-17,-44.8165,-0.176412,touch,1,254.04,fly_credit,1,butterfly|dte=35|rv_filter=rv10_lt_rv60|width=5.0
butterfly,holdout,QQQ,2026-04-15,2026-04-24,108.1477,0.381413,target,1,283.54,fly_debit,0,butterfly|dte=35|rv_filter=rv10_lt_rv60|width=5.0
butterfly,holdout,SPY,2026-04-16,2026-05-01,107.3771,0.376649,target,1,285.09,fly_debit,0,butterfly|dte=35|rv_filter=rv10_lt_rv60|width=5.0
butterfly,holdout,IWM,2026-04-20,2026-05-04,56.0553,0.192079,touch,1,291.83,fly_debit,1,butterfly|dte=35|rv_filter=rv10_lt_rv60|width=5.0
butterfly,holdout,IWM,2026-04-21,2026-05-04,-36.7782,-0.080745,touch,2,455.49,fly_credit,1,butterfly|dte=35|rv_filter=rv10_lt_rv60|width=5.0
butterfly,holdout,SPY,2026-05-04,2026-05-05,2.9728,0.010337,touch,1,287.59,fly_debit,1,butterfly|dte=35|rv_filter=rv10_lt_rv60|width=5.0
butterfly,holdout,SPY,2026-05-05,2026-05-05,-8.1600,-0.017402,touch,2,468.91,fly_credit,1,butterfly|dte=35|rv_filter=rv10_lt_rv60|width=5.0
butterfly,holdout,QQQ,2026-04-27,2026-05-06,107.9480,0.380173,target,1,283.94,fly_debit,0,butterfly|dte=35|rv_filter=rv10_lt_rv60|width=5.0
butterfly,holdout,QQQ,2026-05-07,2026-05-08,8.8810,0.031878,touch,1,278.59,fly_debit,1,butterfly|dte=35|rv_filter=rv10_lt_rv60|width=5.0
butterfly,holdout,QQQ,2026-05-08,2026-05-08,-8.1600,-0.017662,touch,2,462.00,fly_credit,1,butterfly|dte=35|rv_filter=rv10_lt_rv60|width=5.0
butterfly,holdout,QQQ,2026-05-11,2026-05-12,-12.7005,-0.044967,touch,1,282.44,fly_debit,1,butterfly|dte=35|rv_filter=rv10_lt_rv60|width=5.0
butterfly,holdout,QQQ,2026-05-12,2026-05-12,-4.0800,-0.016354,touch,1,249.49,fly_credit,1,butterfly|dte=35|rv_filter=rv10_lt_rv60|width=5.0
butterfly,holdout,QQQ,2026-05-13,2026-05-14,11.1186,0.039841,touch,1,279.07,fly_debit,1,butterfly|dte=35|rv_filter=rv10_lt_rv60|width=5.0
butterfly,holdout,QQQ,2026-05-14,2026-05-14,-8.1600,-0.018020,touch,2,452.84,fly_credit,1,butterfly|dte=35|rv_filter=rv10_lt_rv60|width=5.0
butterfly,holdout,QQQ,2026-05-15,2026-05-18,0.9584,0.003422,touch,1,280.09,fly_debit,1,butterfly|dte=35|rv_filter=rv10_lt_rv60|width=5.0
butterfly,holdout,QQQ,2026-05-18,2026-05-18,-8.1600,-0.017219,touch,2,473.89,fly_credit,1,butterfly|dte=35|rv_filter=rv10_lt_rv60|width=5.0
butterfly,holdout,SPY,2026-05-06,2026-05-22,107.1814,0.375447,target,1,285.48,fly_debit,0,butterfly|dte=35|rv_filter=rv10_lt_rv60|width=5.0
butterfly,holdout,IWM,2026-05-05,2026-05-26,104.5045,0.359331,target,1,290.83,fly_debit,0,butterfly|dte=35|rv_filter=rv10_lt_rv60|width=5.0
butterfly,holdout,SPY,2026-05-26,2026-05-28,-1.6515,-0.005792,touch,1,285.13,fly_debit,1,butterfly|dte=35|rv_filter=rv10_lt_rv60|width=5.0
butterfly,holdout,SPY,2026-05-27,2026-05-28,-2.2093,-0.004645,touch,2,475.63,fly_credit,1,butterfly|dte=35|rv_filter=rv10_lt_rv60|width=5.0
butterfly,holdout,QQQ,2026-05-21,2026-05-29,110.0958,0.393694,target,1,279.65,fly_debit,0,butterfly|dte=35|rv_filter=rv10_lt_rv60|width=5.0
butterfly,holdout,QQQ,2026-06-01,2026-06-05,-141.0929,-0.500284,stop,1,282.03,fly_debit,0,butterfly|dte=35|rv_filter=rv10_lt_rv60|width=5.0
butterfly,holdout,SPY,2026-05-29,2026-06-05,-22.5570,-0.078623,touch,1,286.90,fly_debit,1,butterfly|dte=35|rv_filter=rv10_lt_rv60|width=5.0
butterfly,holdout,SPY,2026-06-01,2026-06-05,33.3171,0.067596,touch,2,492.89,fly_credit,1,butterfly|dte=35|rv_filter=rv10_lt_rv60|width=5.0
butterfly,holdout,SPY,2026-06-10,2026-06-11,-24.0966,-0.084796,touch,1,284.17,fly_debit,1,butterfly|dte=35|rv_filter=rv10_lt_rv60|width=5.0
butterfly,holdout,SPY,2026-06-11,2026-06-11,-4.0800,-0.015729,touch,1,259.39,fly_credit,1,butterfly|dte=35|rv_filter=rv10_lt_rv60|width=5.0
butterfly,holdout,IWM,2026-06-02,2026-06-22,102.5134,0.347723,target,1,294.81,fly_debit,0,butterfly|dte=35|rv_filter=rv10_lt_rv60|width=5.0
butterfly,holdout,IWM,2026-06-23,2026-06-24,15.0790,0.051527,touch,1,292.64,fly_debit,1,butterfly|dte=35|rv_filter=rv10_lt_rv60|width=5.0
butterfly,holdout,IWM,2026-06-24,2026-06-24,-8.1600,-0.017612,touch,2,463.31,fly_credit,1,butterfly|dte=35|rv_filter=rv10_lt_rv60|width=5.0
butterfly,holdout,IWM,2026-06-26,2026-07-01,34.8348,0.121190,touch,1,287.44,fly_debit,1,butterfly|dte=35|rv_filter=rv10_lt_rv60|width=5.0
butterfly,holdout,IWM,2026-06-29,2026-07-01,-46.1190,-0.093474,touch,2,493.39,fly_credit,1,butterfly|dte=35|rv_filter=rv10_lt_rv60|width=5.0
butterfly,holdout,IWM,2026-07-02,2026-07-07,-14.6160,-0.050452,touch,1,289.70,fly_debit,1,butterfly|dte=35|rv_filter=rv10_lt_rv60|width=5.0
butterfly,holdout,IWM,2026-07-06,2026-07-07,-17.2895,-0.059184,touch,1,292.13,fly_credit,1,butterfly|dte=35|rv_filter=rv10_lt_rv60|width=5.0
butterfly,holdout,SPY,2026-07-06,2026-07-08,-35.1235,-0.122307,touch_gap,1,287.17,fly_debit,1,butterfly|dte=35|rv_filter=rv10_lt_rv60|width=5.0
butterfly,holdout,SPY,2026-07-07,2026-07-08,75.7985,0.160968,touch_gap,2,470.89,fly_credit,1,butterfly|dte=35|rv_filter=rv10_lt_rv60|width=5.0
butterfly,holdout,QQQ,2026-07-16,2026-07-27,-139.1158,-0.500288,stop,1,278.07,fly_debit,0,butterfly|dte=35|rv_filter=rv10_lt_rv60|width=5.0
butterfly,holdout,IWM,2026-07-08,2026-07-29,-13.8121,-0.046994,touch,1,293.92,fly_debit,1,butterfly|dte=35|rv_filter=rv10_lt_rv60|width=5.0
butterfly,holdout,IWM,2026-07-09,2026-07-29,83.8640,0.171477,touch,2,489.07,fly_credit,1,butterfly|dte=35|rv_filter=rv10_lt_rv60|width=5.0
butterfly,holdout,QQQ,2026-07-28,2026-07-29,-6.2076,-0.022404,touch,1,277.08,fly_debit,1,butterfly|dte=35|rv_filter=rv10_lt_rv60|width=5.0
butterfly,holdout,QQQ,2026-07-29,2026-07-29,-8.1600,-0.016675,touch,2,489.36,fly_credit,1,butterfly|dte=35|rv_filter=rv10_lt_rv60|width=5.0
butterfly,holdout,SPY,2026-07-09,2026-08-03,105.9188,0.367771,target,1,288.00,fly_debit,0,butterfly|dte=35|rv_filter=rv10_lt_rv60|width=5.0
butterfly,holdout,IWM,2026-07-30,2026-08-03,21.3861,0.072913,touch,1,293.31,fly_debit,1,butterfly|dte=35|rv_filter=rv10_lt_rv60|width=5.0
butterfly,holdout,IWM,2026-07-31,2026-08-03,4.6377,0.009999,touch,2,463.83,fly_credit,1,butterfly|dte=35|rv_filter=rv10_lt_rv60|width=5.0
butterfly,holdout,QQQ,2026-07-30,2026-08-04,112.7196,0.410784,target,1,274.40,fly_debit,0,butterfly|dte=35|rv_filter=rv10_lt_rv60|width=5.0
butterfly,holdout,IWM,2026-08-04,2026-08-05,38.5907,0.132269,touch,1,291.76,fly_debit,1,butterfly|dte=35|rv_filter=rv10_lt_rv60|width=5.0
butterfly,holdout,IWM,2026-08-05,2026-08-05,-8.1600,-0.019077,touch,2,427.73,fly_credit,1,butterfly|dte=35|rv_filter=rv10_lt_rv60|width=5.0
butterfly,holdout,IWM,2026-08-06,2026-08-13,53.2532,0.181238,touch,1,293.83,fly_debit,1,butterfly|dte=35|rv_filter=rv10_lt_rv60|width=5.0
butterfly,holdout,IWM,2026-08-07,2026-08-13,-46.4399,-0.183715,touch,1,252.78,fly_credit,1,butterfly|dte=35|rv_filter=rv10_lt_rv60|width=5.0
butterfly,holdout,SPY,2026-08-13,2026-08-18,-38.2213,-0.132531,touch_gap,1,288.40,fly_debit,1,butterfly|dte=35|rv_filter=rv10_lt_rv60|width=5.0
butterfly,holdout,SPY,2026-08-14,2026-08-18,105.7303,0.237819,touch_gap,2,444.58,fly_credit,1,butterfly|dte=35|rv_filter=rv10_lt_rv60|width=5.0
butterfly,holdout,SPY,2026-08-19,2026-08-20,-24.6391,-0.085381,touch,1,288.58,fly_debit,1,butterfly|dte=35|rv_filter=rv10_lt_rv60|width=5.0
butterfly,holdout,SPY,2026-08-20,2026-08-20,-4.0800,-0.015554,touch,1,262.31,fly_credit,1,butterfly|dte=35|rv_filter=rv10_lt_rv60|width=5.0
butterfly,holdout,SPY,2026-08-21,2026-08-27,13.5298,0.047014,touch,1,287.78,fly_debit,1,butterfly|dte=35|rv_filter=rv10_lt_rv60|width=5.0
butterfly,holdout,SPY,2026-08-24,2026-08-27,-50.4248,-0.101290,touch,2,497.82,fly_credit,1,butterfly|dte=35|rv_filter=rv10_lt_rv60|width=5.0
butterfly,holdout,IWM,2026-08-14,2026-08-31,-152.1069,-0.500263,stop,1,304.05,fly_debit,0,butterfly|dte=35|rv_filter=rv10_lt_rv60|width=5.0
butterfly,holdout,SPY,2026-08-28,2026-08-31,-28.5243,-0.098833,touch,1,288.61,fly_debit,1,butterfly|dte=35|rv_filter=rv10_lt_rv60|width=5.0
butterfly,holdout,SPY,2026-08-31,2026-08-31,-4.0800,-0.015109,touch,1,270.04,fly_credit,1,butterfly|dte=35|rv_filter=rv10_lt_rv60|width=5.0
butterfly,holdout,SPY,2026-09-01,2026-09-03,24.7561,0.085681,touch_gap,1,288.93,fly_debit,1,butterfly|dte=35|rv_filter=rv10_lt_rv60|width=5.0
butterfly,holdout,SPY,2026-09-02,2026-09-03,-64.2358,-0.134615,touch_gap,2,477.18,fly_credit,1,butterfly|dte=35|rv_filter=rv10_lt_rv60|width=5.0
butterfly,holdout,SPY,2026-09-04,2026-09-08,-20.0720,-0.069107,touch,1,290.45,fly_debit,1,butterfly|dte=35|rv_filter=rv10_lt_rv60|width=5.0
butterfly,holdout,SPY,2026-09-08,2026-09-08,-4.0800,-0.015692,touch,1,260.01,fly_credit,1,butterfly|dte=35|rv_filter=rv10_lt_rv60|width=5.0
butterfly,holdout,QQQ,2026-08-13,2026-09-10,-151.3383,-0.534689,stop_gap,1,283.04,fly_debit,0,butterfly|dte=35|rv_filter=rv10_lt_rv60|width=5.0
butterfly,holdout,IWM,2026-09-01,2026-09-15,-67.4122,-0.225772,touch_gap,1,298.59,fly_debit,1,butterfly|dte=35|rv_filter=rv10_lt_rv60|width=5.0
butterfly,holdout,IWM,2026-09-02,2026-09-15,67.2783,0.257086,touch_gap,1,261.70,fly_credit,1,butterfly|dte=35|rv_filter=rv10_lt_rv60|width=5.0
butterfly,holdout,IWM,2026-09-17,2026-09-18,-32.8388,-0.111020,touch,1,295.79,fly_debit,1,butterfly|dte=35|rv_filter=rv10_lt_rv60|width=5.0
butterfly,holdout,IWM,2026-09-18,2026-09-18,-4.0800,-0.013890,touch,1,293.74,fly_credit,1,butterfly|dte=35|rv_filter=rv10_lt_rv60|width=5.0
butterfly,holdout,QQQ,2026-09-11,2026-09-21,109.7267,0.391341,target,1,280.39,fly_debit,0,butterfly|dte=35|rv_filter=rv10_lt_rv60|width=5.0
butterfly,holdout,IWM,2026-09-21,2026-09-24,-64.4485,-0.210149,touch,1,306.68,fly_debit,1,butterfly|dte=35|rv_filter=rv10_lt_rv60|width=5.0
butterfly,holdout,IWM,2026-09-22,2026-09-24,153.0580,0.319056,touch,2,479.72,fly_credit,1,butterfly|dte=35|rv_filter=rv10_lt_rv60|width=5.0
butterfly,holdout,SPY,2026-09-09,2026-09-30,-9.1700,-0.031815,window_mtm,1,288.23,fly_debit,0,butterfly|dte=35|rv_filter=rv10_lt_rv60|width=5.0
butterfly,holdout,QQQ,2026-09-22,2026-09-30,-8.1321,-0.028686,window_mtm,1,283.49,fly_debit,0,butterfly|dte=35|rv_filter=rv10_lt_rv60|width=5.0
butterfly,holdout,IWM,2026-09-25,2026-09-30,-52.3398,-0.173100,window_mtm,1,302.37,fly_debit,1,butterfly|dte=35|rv_filter=rv10_lt_rv60|width=5.0
butterfly,holdout,IWM,2026-09-28,2026-09-30,24.9943,0.089269,window_mtm,1,279.99,fly_credit,1,butterfly|dte=35|rv_filter=rv10_lt_rv60|width=5.0
calendar,is_default,QQQ,2018-02-05,2018-02-06,-245.5155,-0.558614,stop_gap,2,439.51,calendar,0,calendar|back_dte=45|band=0.01|front_dte=14|ratio=1.05
calendar,is_default,IWM,2018-03-02,2018-03-09,-176.4515,-0.500454,stop,2,352.58,calendar,0,calendar|back_dte=45|band=0.01|front_dte=14|ratio=1.05
calendar,is_default,QQQ,2018-03-02,2018-03-09,-205.2257,-0.500390,stop,2,410.13,calendar,0,calendar|back_dte=45|band=0.01|front_dte=14|ratio=1.05
calendar,is_default,SPY,2018-03-02,2018-03-12,-201.8115,-0.651567,stop_gap,1,309.73,calendar,0,calendar|back_dte=45|band=0.01|front_dte=14|ratio=1.05
calendar,is_default,QQQ,2018-03-20,2018-03-27,90.7103,0.249560,target,2,363.48,calendar,0,calendar|back_dte=45|band=0.01|front_dte=14|ratio=1.05
calendar,is_default,IWM,2018-03-20,2018-04-02,-233.6612,-0.500514,stop,3,466.84,calendar,0,calendar|back_dte=45|band=0.01|front_dte=14|ratio=1.05
calendar,is_default,IWM,2018-04-25,2018-05-09,-111.7688,-0.250425,time,3,446.32,calendar,0,calendar|back_dte=45|band=0.01|front_dte=14|ratio=1.05
calendar,is_default,SPY,2018-04-25,2018-05-09,-43.1979,-0.172305,time,1,250.71,calendar,0,calendar|back_dte=45|band=0.01|front_dte=14|ratio=1.05
calendar,is_default,IWM,2018-11-02,2018-11-12,98.7469,0.249596,target,2,395.63,calendar,0,calendar|back_dte=45|band=0.01|front_dte=14|ratio=1.05
calendar,is_default,QQQ,2018-11-02,2018-11-12,118.2106,0.249662,target,2,473.48,calendar,0,calendar|back_dte=45|band=0.01|front_dte=14|ratio=1.05
calendar,is_default,SPY,2018-11-02,2018-11-12,70.6116,0.249717,target,1,282.77,calendar,0,calendar|back_dte=45|band=0.01|front_dte=14|ratio=1.05
calendar,is_default,IWM,2018-11-29,2018-12-10,-168.0483,-0.500477,stop,2,335.78,calendar,0,calendar|back_dte=45|band=0.01|front_dte=14|ratio=1.05
calendar,is_default,QQQ,2018-11-29,2018-12-10,100.3839,0.249602,target,2,402.18,calendar,0,calendar|back_dte=45|band=0.01|front_dte=14|ratio=1.05
calendar,is_default,SPY,2018-11-29,2018-12-11,63.2165,0.249684,target,1,253.19,calendar,0,calendar|back_dte=45|band=0.01|front_dte=14|ratio=1.05
calendar,is_default,QQQ,2018-12-12,2018-12-19,-221.2379,-0.500362,stop,2,442.16,calendar,0,calendar|back_dte=45|band=0.01|front_dte=14|ratio=1.05
calendar,is_default,IWM,2019-05-08,2019-05-22,-109.0693,-0.319330,time,2,341.56,calendar,0,calendar|back_dte=45|band=0.01|front_dte=14|ratio=1.05
calendar,is_default,QQQ,2019-05-08,2019-05-22,-75.3639,-0.183957,time,2,409.68,calendar,0,calendar|back_dte=45|band=0.01|front_dte=14|ratio=1.05
calendar,is_default,IWM,2019-08-01,2019-08-05,-231.1176,-0.500520,stop,3,461.76,calendar,0,calendar|back_dte=45|band=0.01|front_dte=14|ratio=1.05
calendar,is_default,QQQ,2019-08-01,2019-08-05,-185.6466,-0.500431,stop,2,370.97,calendar,0,calendar|back_dte=45|band=0.01|front_dte=14|ratio=1.05
calendar,is_default,SPY,2019-08-01,2019-08-05,-126.0484,-0.500318,stop,1,251.94,calendar,0,calendar|back_dte=45|band=0.01|front_dte=14|ratio=1.05
calendar,is_default,IWM,2020-01-29,2020-02-10,121.3267,0.249506,target,3,486.27,calendar,0,calendar|back_dte=45|band=0.01|front_dte=14|ratio=1.05
calendar,is_default,QQQ,2020-01-28,2020-02-12,-224.0479,-0.500357,stop,2,447.78,calendar,0,calendar|back_dte=45|band=0.01|front_dte=14|ratio=1.05
calendar,is_default,SPY,2020-01-28,2020-02-12,-101.6963,-0.353937,time,1,287.33,calendar,0,calendar|back_dte=45|band=0.01|front_dte=14|ratio=1.05
calendar,is_default,QQQ,2020-03-27,2020-03-30,106.4047,0.249812,target,1,425.94,calendar,0,calendar|back_dte=45|band=0.01|front_dte=14|ratio=1.05
calendar,is_default,QQQ,2020-04-01,2020-04-14,-214.9873,-0.500186,stop,1,429.81,calendar,0,calendar|back_dte=45|band=0.01|front_dte=14|ratio=1.05
calendar,is_default,IWM,2020-10-27,2020-11-09,-195.5406,-0.631179,stop_gap,1,309.80,calendar,0,calendar|back_dte=45|band=0.01|front_dte=14|ratio=1.05
calendar,is_default,IWM,2021-02-26,2021-03-08,119.4140,0.249833,target,1,477.98,calendar,0,calendar|back_dte=45|band=0.01|front_dte=14|ratio=1.05
calendar,is_default,IWM,2022-03-02,2022-03-09,99.3635,0.249799,target,1,397.77,calendar,0,calendar|back_dte=45|band=0.01|front_dte=14|ratio=1.05
calendar,is_default,QQQ,2022-10-28,2022-11-08,118.9418,0.249832,target,1,476.09,calendar,0,calendar|back_dte=45|band=0.01|front_dte=14|ratio=1.05
calendar,is_default,SPY,2022-11-03,2022-11-14,-240.8123,-0.500166,stop,1,481.46,calendar,0,calendar|back_dte=45|band=0.01|front_dte=14|ratio=1.05
calendar,is_default,QQQ,2022-11-09,2022-11-23,-184.7608,-0.432470,time,1,427.22,calendar,0,calendar|back_dte=45|band=0.01|front_dte=14|ratio=1.05
calendar,is_default,SPY,2022-12-07,2022-12-15,108.9548,0.249817,target,1,436.14,calendar,0,calendar|back_dte=45|band=0.01|front_dte=14|ratio=1.05
calendar,is_default,QQQ,2022-12-07,2022-12-16,96.8065,0.249794,target,1,387.55,calendar,0,calendar|back_dte=45|band=0.01|front_dte=14|ratio=1.05
calendar,oos,QQQ,2023-03-16,2023-04-03,-151.5394,-0.500264,stop,1,302.92,calendar,0,calendar|back_dte=45|band=0.01|front_dte=21|ratio=1.05
calendar,oos,IWM,2024-10-30,2024-11-07,-159.8480,-0.547380,stop_gap,1,292.02,calendar,0,calendar|back_dte=45|band=0.01|front_dte=14|ratio=1.05
calendar,oos,QQQ,2024-11-06,2024-11-14,113.8280,0.249824,target,1,455.63,calendar,0,calendar|back_dte=45|band=0.01|front_dte=14|ratio=1.05
calendar,oos,SPY,2024-11-06,2024-11-18,123.7846,0.249839,target,1,495.46,calendar,0,calendar|back_dte=45|band=0.01|front_dte=14|ratio=1.05
calendar,oos,QQQ,2024-12-19,2024-12-20,119.4021,0.249833,target,1,477.93,calendar,0,calendar|back_dte=45|band=0.01|front_dte=14|ratio=1.05
calendar,oos,IWM,2025-04-03,2025-04-04,-231.4376,-0.500346,stop,2,462.56,calendar,0,calendar|back_dte=45|band=0.01|front_dte=14|ratio=1.05
calendar,oos,QQQ,2025-04-03,2025-04-07,-320.8185,-0.655271,stop_gap,1,489.60,calendar,0,calendar|back_dte=45|band=0.01|front_dte=14|ratio=1.05
calendar,oos,IWM,2025-04-24,2025-05-07,72.5389,0.249725,target,1,290.48,calendar,0,calendar|back_dte=45|band=0.01|front_dte=14|ratio=1.05
calendar,holdout,IWM,2026-06-11,2026-06-17,30.7135,0.090662,time,1,338.77,calendar,0,calendar|back_dte=30|band=0.015|front_dte=7|ratio=1.08
diagonal,is_default,IWM,2018-01-03,2018-01-17,93.5334,0.250569,time,1,373.28,diagonal,0,diagonal|back_delta=0.6|back_dte=45|front_delta=0.3|front_dte=14|sma=50
diagonal,is_default,QQQ,2018-01-03,2018-01-17,73.8851,0.188959,time,1,391.01,diagonal,0,diagonal|back_delta=0.6|back_dte=45|front_delta=0.3|front_dte=14|sma=50
diagonal,is_default,SPY,2018-01-04,2018-01-17,117.3052,0.258019,time,1,454.64,diagonal,0,diagonal|back_delta=0.6|back_dte=45|front_delta=0.3|front_dte=14|sma=50
diagonal,is_default,IWM,2018-01-18,2018-01-31,-8.2461,-0.020273,time,1,406.76,diagonal,0,diagonal|back_delta=0.6|back_dte=45|front_delta=0.3|front_dte=14|sma=50
diagonal,is_default,QQQ,2018-01-18,2018-01-31,173.6837,0.397827,time,1,436.58,diagonal,0,diagonal|back_delta=0.6|back_dte=45|front_delta=0.3|front_dte=14|sma=50
diagonal,is_default,IWM,2018-02-01,2018-02-05,-203.9277,-0.500196,stop,1,407.70,diagonal,0,diagonal|back_delta=0.6|back_dte=45|front_delta=0.3|front_dte=14|sma=50
diagonal,is_default,QQQ,2018-02-01,2018-02-05,-246.6066,-0.500162,stop,1,493.05,diagonal,0,diagonal|back_delta=0.6|back_dte=45|front_delta=0.3|front_dte=14|sma=50
diagonal,is_default,IWM,2018-02-07,2018-02-21,-88.6721,-0.191176,time,1,463.82,diagonal,0,diagonal|back_delta=0.6|back_dte=45|front_delta=0.3|front_dte=14|sma=50
diagonal,is_default,IWM,2018-02-22,2018-03-07,-144.3909,-0.319566,time,1,451.83,diagonal,0,diagonal|back_delta=0.6|back_dte=45|front_delta=0.3|front_dte=14|sma=50
diagonal,is_default,QQQ,2018-03-09,2018-03-19,-234.7228,-0.500170,stop,1,469.29,diagonal,0,diagonal|back_delta=0.6|back_dte=45|front_delta=0.3|front_dte=14|sma=50
diagonal,is_default,IWM,2018-03-08,2018-03-21,21.8321,0.050517,time,1,432.18,diagonal,0,diagonal|back_delta=0.6|back_dte=45|front_delta=0.3|front_dte=14|sma=50
diagonal,is_default,IWM,2018-03-22,2018-04-02,-201.0333,-0.500199,stop,1,401.91,diagonal,0,diagonal|back_delta=0.6|back_dte=45|front_delta=0.3|front_dte=14|sma=50
diagonal,is_default,IWM,2018-04-04,2018-04-12,-243.3284,-0.500164,stop,1,486.50,diagonal,0,diagonal|back_delta=0.6|back_dte=45|front_delta=0.3|front_dte=14|sma=50
diagonal,is_default,IWM,2018-04-18,2018-04-30,-176.3776,-0.500227,stop,1,352.60,diagonal,0,diagonal|back_delta=0.6|back_dte=45|front_delta=0.3|front_dte=14|sma=50
diagonal,is_default,IWM,2018-05-03,2018-05-16,140.5495,0.350147,time,1,401.40,diagonal,0,diagonal|back_delta=0.6|back_dte=45|front_delta=0.3|front_dte=14|sma=50
diagonal,is_default,QQQ,2018-05-08,2018-05-23,140.9232,0.310519,time,1,453.83,diagonal,0,diagonal|back_delta=0.6|back_dte=45|front_delta=0.3|front_dte=14|sma=50
diagonal,is_default,IWM,2018-05-17,2018-05-30,123.2453,0.332899,time,1,370.22,diagonal,0,diagonal|back_delta=0.6|back_dte=45|front_delta=0.3|front_dte=14|sma=50
diagonal,is_default,QQQ,2018-05-24,2018-06-06,74.3018,0.182672,time,1,406.75,diagonal,0,diagonal|back_delta=0.6|back_dte=45|front_delta=0.3|front_dte=14|sma=50
diagonal,is_default,IWM,2018-05-31,2018-06-13,113.2524,0.275369,time,1,411.28,diagonal,0,diagonal|back_delta=0.6|back_dte=45|front_delta=0.3|front_dte=14|sma=50
diagonal,is_default,QQQ,2018-06-07,2018-06-20,81.1560,0.181119,time,1,448.08,diagonal,0,diagonal|back_delta=0.6|back_dte=45|front_delta=0.3|front_dte=14|sma=50
diagonal,is_default,IWM,2018-06-14,2018-06-27,-138.4538,-0.395714,time,1,349.88,diagonal,0,diagonal|back_delta=0.6|back_dte=45|front_delta=0.3|front_dte=14|sma=50
diagonal,is_default,IWM,2018-06-29,2018-07-11,106.6409,0.235161,time,1,453.48,diagonal,0,diagonal|back_delta=0.6|back_dte=45|front_delta=0.3|front_dte=14|sma=50
diagonal,is_default,QQQ,2018-07-11,2018-07-25,117.9705,0.246415,time,1,478.75,diagonal,0,diagonal|back_delta=0.6|back_dte=45|front_delta=0.3|front_dte=14|sma=50
diagonal,is_default,IWM,2018-07-13,2018-07-25,-12.9132,-0.032382,time,1,398.77,diagonal,0,diagonal|back_delta=0.6|back_dte=45|front_delta=0.3|front_dte=14|sma=50
diagonal,is_default,IWM,2018-07-26,2018-08-08,-21.3700,-0.056174,time,1,380.42,diagonal,0,diagonal|back_delta=0.6|back_dte=45|front_delta=0.3|front_dte=14|sma=50
diagonal,is_default,QQQ,2018-07-26,2018-08-08,63.9631,0.133570,time,1,478.87,diagonal,0,diagonal|back_delta=0.6|back_dte=45|front_delta=0.3|front_dte=14|sma=50
diagonal,is_default,IWM,2018-08-09,2018-08-22,93.2895,0.239373,time,1,389.72,diagonal,0,diagonal|back_delta=0.6|back_dte=45|front_delta=0.3|front_dte=14|sma=50
diagonal,is_default,QQQ,2018-08-09,2018-08-22,-65.0427,-0.138506,time,1,469.60,diagonal,0,diagonal|back_delta=0.6|back_dte=45|front_delta=0.3|front_dte=14|sma=50
diagonal,is_default,IWM,2018-08-23,2018-09-05,30.8519,0.071131,time,1,433.73,diagonal,0,diagonal|back_delta=0.6|back_dte=45|front_delta=0.3|front_dte=14|sma=50
diagonal,is_default,QQQ,2018-08-24,2018-09-05,105.2263,0.218486,time,1,481.62,diagonal,0,diagonal|back_delta=0.6|back_dte=45|front_delta=0.3|front_dte=14|sma=50
diagonal,is_default,IWM,2018-09-06,2018-09-19,-174.9571,-0.400887,time,1,436.42,diagonal,0,diagonal|back_delta=0.6|back_dte=45|front_delta=0.3|front_dte=14|sma=50
diagonal,is_default,IWM,2018-09-21,2018-10-01,-188.5548,-0.500212,stop,1,376.95,diagonal,0,diagonal|back_delta=0.6|back_dte=45|front_delta=0.3|front_dte=14|sma=50
diagonal,is_default,QQQ,2018-09-19,2018-10-03,129.7922,0.271533,time,1,478.00,diagonal,0,diagonal|back_delta=0.6|back_dte=45|front_delta=0.3|front_dte=14|sma=50
diagonal,is_default,IWM,2018-10-02,2018-10-17,169.8889,0.380159,time,1,446.89,diagonal,0,diagonal|back_delta=0.6|back_dte=45|front_delta=0.3|front_dte=14|sma=50
diagonal,is_default,IWM,2018-10-18,2018-10-30,248.7665,0.499839,target,1,497.69,diagonal,0,diagonal|back_delta=0.6|back_dte=45|front_delta=0.3|front_dte=14|sma=50
diagonal,is_default,IWM,2019-01-15,2019-01-30,-212.8536,-0.431397,time,1,493.41,diagonal,0,diagonal|back_delta=0.6|back_dte=45|front_delta=0.3|front_dte=14|sma=50
diagonal,is_default,IWM,2019-01-31,2019-02-13,174.9589,0.362666,time,1,482.42,diagonal,0,diagonal|back_delta=0.6|back_dte=45|front_delta=0.3|front_dte=14|sma=50
diagonal,is_default,QQQ,2019-02-07,2019-02-20,117.5262,0.240722,time,1,488.22,diagonal,0,diagonal|back_delta=0.6|back_dte=45|front_delta=0.3|front_dte=14|sma=50
diagonal,is_default,IWM,2019-02-14,2019-02-27,121.2554,0.320365,time,1,378.49,diagonal,0,diagonal|back_delta=0.6|back_dte=45|front_delta=0.3|front_dte=14|sma=50
diagonal,is_default,QQQ,2019-02-21,2019-03-06,84.7929,0.182509,time,1,464.60,diagonal,0,diagonal|back_delta=0.6|back_dte=45|front_delta=0.3|front_dte=14|sma=50
diagonal,is_default,IWM,2019-02-28,2019-03-07,-215.7564,-0.500185,stop,1,431.35,diagonal,0,diagonal|back_delta=0.6|back_dte=45|front_delta=0.3|front_dte=14|sma=50
diagonal,is_default,QQQ,2019-03-07,2019-03-20,190.3231,0.386404,time,1,492.55,diagonal,0,diagonal|back_delta=0.6|back_dte=45|front_delta=0.3|front_dte=14|sma=50
diagonal,is_default,IWM,2019-03-08,2019-03-20,100.5898,0.234292,time,1,429.33,diagonal,0,diagonal|back_delta=0.6|back_dte=45|front_delta=0.3|front_dte=14|sma=50
diagonal,is_default,QQQ,2019-03-21,2019-04-03,144.7351,0.311685,time,1,464.36,diagonal,0,diagonal|back_delta=0.6|back_dte=45|front_delta=0.3|front_dte=14|sma=50
diagonal,is_default,IWM,2019-03-26,2019-04-05,-243.7179,-0.500164,stop,1,487.28,diagonal,0,diagonal|back_delta=0.6|back_dte=45|front_delta=0.3|front_dte=14|sma=50
diagonal,is_default,QQQ,2019-04-04,2019-04-17,130.9801,0.280890,time,1,466.30,diagonal,0,diagonal|back_delta=0.6|back_dte=45|front_delta=0.3|front_dte=14|sma=50
diagonal,is_default,IWM,2019-04-08,2019-04-17,-45.9680,-0.101834,time,1,451.40,diagonal,0,diagonal|back_delta=0.6|back_dte=45|front_delta=0.3|front_dte=14|sma=50
diagonal,is_default,IWM,2019-04-18,2019-05-01,35.6067,0.081512,time,1,436.83,diagonal,0,diagonal|back_delta=0.6|back_dte=45|front_delta=0.3|front_dte=14|sma=50
diagonal,is_default,QQQ,2019-04-26,2019-05-08,-96.2394,-0.199533,time,1,482.32,diagonal,0,diagonal|back_delta=0.6|back_dte=45|front_delta=0.3|front_dte=14|sma=50
diagonal,is_default,IWM,2019-05-02,2019-05-13,-210.4688,-0.500190,stop,1,420.78,diagonal,0,diagonal|back_delta=0.6|back_dte=45|front_delta=0.3|front_dte=14|sma=50
diagonal,is_default,IWM,2019-05-15,2019-05-29,212.9884,0.437822,time,1,486.47,diagonal,0,diagonal|back_delta=0.6|back_dte=45|front_delta=0.3|front_dte=14|sma=50
diagonal,is_default,IWM,2019-05-30,2019-06-12,-120.4157,-0.253257,time,1,475.47,diagonal,0,diagonal|back_delta=0.6|back_dte=45|front_delta=0.3|front_dte=14|sma=50
diagonal,is_default,IWM,2019-06-13,2019-06-26,86.3431,0.196102,time,1,440.30,diagonal,0,diagonal|back_delta=0.6|back_dte=45|front_delta=0.3|front_dte=14|sma=50
diagonal,is_default,IWM,2019-06-28,2019-07-10,102.0838,0.243528,time,1,419.19,diagonal,0,diagonal|back_delta=0.6|back_dte=45|front_delta=0.3|front_dte=14|sma=50
diagonal,is_default,QQQ,2019-07-05,2019-07-17,95.9088,0.196009,time,1,489.31,diagonal,0,diagonal|back_delta=0.6|back_dte=45|front_delta=0.3|front_dte=14|sma=50
diagonal,is_default,IWM,2019-07-11,2019-07-24,43.6552,0.109633,time,1,398.20,diagonal,0,diagonal|back_delta=0.6|back_dte=45|front_delta=0.3|front_dte=14|sma=50
diagonal,is_default,IWM,2019-07-25,2019-08-05,-258.6588,-0.621619,stop_gap,1,416.11,diagonal,0,diagonal|back_delta=0.6|back_dte=45|front_delta=0.3|front_dte=14|sma=50
diagonal,is_default,IWM,2019-08-09,2019-08-21,110.3902,0.246828,time,1,447.24,diagonal,0,diagonal|back_delta=0.6|back_dte=45|front_delta=0.3|front_dte=14|sma=50
diagonal,is_default,IWM,2019-08-22,2019-09-04,185.9495,0.405295,time,1,458.80,diagonal,0,diagonal|back_delta=0.6|back_dte=45|front_delta=0.3|front_dte=14|sma=50
diagonal,is_default,IWM,2019-09-05,2019-09-11,-239.9488,-0.500167,stop,1,479.74,diagonal,0,diagonal|back_delta=0.6|back_dte=45|front_delta=0.3|front_dte=14|sma=50
diagonal,is_default,IWM,2019-09-12,2019-09-24,-231.8507,-0.500173,stop,1,463.54,diagonal,0,diagonal|back_delta=0.6|back_dte=45|front_delta=0.3|front_dte=14|sma=50
diagonal,is_default,IWM,2019-09-25,2019-10-02,-242.8877,-0.500165,stop,1,485.62,diagonal,0,diagonal|back_delta=0.6|back_dte=45|front_delta=0.3|front_dte=14|sma=50
diagonal,is_default,IWM,2019-10-03,2019-10-15,-248.8328,-0.500161,stop,1,497.51,diagonal,0,diagonal|back_delta=0.6|back_dte=45|front_delta=0.3|front_dte=14|sma=50
diagonal,is_default,IWM,2019-10-23,2019-11-06,132.2987,0.300088,time,1,440.87,diagonal,0,diagonal|back_delta=0.6|back_dte=45|front_delta=0.3|front_dte=14|sma=50
diagonal,is_default,IWM,2019-11-07,2019-11-20,-100.6931,-0.209379,time,1,480.91,diagonal,0,diagonal|back_delta=0.6|back_dte=45|front_delta=0.3|front_dte=14|sma=50
diagonal,is_default,IWM,2019-11-21,2019-12-04,93.1458,0.232377,time,1,400.84,diagonal,0,diagonal|back_delta=0.6|back_dte=45|front_delta=0.3|front_dte=14|sma=50
diagonal,is_default,IWM,2019-12-05,2019-12-18,130.0384,0.267139,time,1,486.78,diagonal,0,diagonal|back_delta=0.6|back_dte=45|front_delta=0.3|front_dte=14|sma=50
diagonal,is_default,IWM,2019-12-19,2020-01-02,39.2658,0.092050,time,1,426.57,diagonal,0,diagonal|back_delta=0.6|back_dte=45|front_delta=0.3|front_dte=14|sma=50
diagonal,is_default,IWM,2020-01-03,2020-01-15,80.1027,0.206018,time,1,388.81,diagonal,0,diagonal|back_delta=0.6|back_dte=45|front_delta=0.3|front_dte=14|sma=50
diagonal,is_default,IWM,2020-01-16,2020-01-27,-234.2133,-0.625940,stop_gap,1,374.18,diagonal,0,diagonal|back_delta=0.6|back_dte=45|front_delta=0.3|front_dte=14|sma=50
diagonal,is_default,IWM,2020-01-28,2020-02-12,-162.4305,-0.341609,time,1,475.49,diagonal,0,diagonal|back_delta=0.6|back_dte=45|front_delta=0.3|front_dte=14|sma=50
diagonal,is_default,IWM,2020-02-13,2020-02-24,-216.2953,-0.500185,stop,1,432.43,diagonal,0,diagonal|back_delta=0.6|back_dte=45|front_delta=0.3|front_dte=14|sma=50
diagonal,oos,IWM,2023-01-04,2023-01-12,-225.4317,-0.500178,stop,1,450.70,diagonal,0,diagonal|back_delta=0.5|back_dte=45|front_delta=0.35|front_dte=14|sma=50
diagonal,oos,IWM,2023-01-13,2023-01-25,69.3610,0.175354,time,1,395.55,diagonal,0,diagonal|back_delta=0.5|back_dte=45|front_delta=0.35|front_dte=14|sma=50
diagonal,oos,IWM,2023-01-26,2023-02-08,167.9362,0.431339,time,1,389.34,diagonal,0,diagonal|back_delta=0.5|back_dte=45|front_delta=0.35|front_dte=14|sma=50
diagonal,oos,IWM,2023-02-09,2023-02-21,-194.8143,-0.500205,stop,1,389.47,diagonal,0,diagonal|back_delta=0.5|back_dte=45|front_delta=0.35|front_dte=14|sma=50
diagonal,oos,IWM,2023-02-22,2023-03-08,-55.5329,-0.123703,time,1,448.92,diagonal,0,diagonal|back_delta=0.5|back_dte=45|front_delta=0.35|front_dte=14|sma=50
diagonal,oos,IWM,2023-03-10,2023-03-20,216.6882,0.499815,target,1,433.54,diagonal,0,diagonal|back_delta=0.5|back_dte=45|front_delta=0.35|front_dte=14|sma=50
diagonal,oos,IWM,2023-03-22,2023-04-05,125.6930,0.260338,time,1,482.81,diagonal,0,diagonal|back_delta=0.5|back_dte=45|front_delta=0.35|front_dte=14|sma=50
diagonal,oos,IWM,2023-04-06,2023-04-19,-164.4958,-0.366711,time,1,448.57,diagonal,0,diagonal|back_delta=0.5|back_dte=45|front_delta=0.35|front_dte=14|sma=50
diagonal,oos,IWM,2023-04-26,2023-05-10,-38.2465,-0.082999,time,1,460.80,diagonal,0,diagonal|back_delta=0.5|back_dte=45|front_delta=0.35|front_dte=14|sma=50
diagonal,oos,IWM,2023-05-11,2023-05-24,-34.2448,-0.077278,time,1,443.14,diagonal,0,diagonal|back_delta=0.5|back_dte=45|front_delta=0.35|front_dte=14|sma=50
diagonal,oos,IWM,2023-05-25,2023-06-07,-26.1116,-0.066965,time,1,389.93,diagonal,0,diagonal|back_delta=0.5|back_dte=45|front_delta=0.35|front_dte=14|sma=50
diagonal,oos,IWM,2023-06-08,2023-06-21,-98.0733,-0.245796,time,1,399.00,diagonal,0,diagonal|back_delta=0.5|back_dte=45|front_delta=0.35|front_dte=14|sma=50
diagonal,oos,IWM,2023-06-22,2023-07-05,27.8599,0.079565,time,1,350.15,diagonal,0,diagonal|back_delta=0.5|back_dte=45|front_delta=0.35|front_dte=14|sma=50
diagonal,oos,IWM,2023-07-06,2023-07-12,114.8175,0.237873,time,1,482.68,diagonal,0,diagonal|back_delta=0.55|back_dte=35|front_delta=0.25|front_dte=7|sma=20
diagonal,oos,IWM,2023-07-14,2023-07-19,105.7786,0.213132,time,1,496.30,diagonal,0,diagonal|back_delta=0.55|back_dte=35|front_delta=0.25|front_dte=7|sma=20
diagonal,oos,IWM,2023-07-20,2023-07-26,-43.4098,-0.089378,time,1,485.69,diagonal,0,diagonal|back_delta=0.55|back_dte=35|front_delta=0.25|front_dte=7|sma=20
diagonal,oos,IWM,2023-07-28,2023-08-02,-42.6209,-0.091838,time,1,464.09,diagonal,0,diagonal|back_delta=0.55|back_dte=35|front_delta=0.25|front_dte=7|sma=20
diagonal,oos,IWM,2023-08-14,2023-08-16,100.7212,0.214437,time,1,469.70,diagonal,0,diagonal|back_delta=0.55|back_dte=35|front_delta=0.25|front_dte=7|sma=20
diagonal,oos,IWM,2023-08-21,2023-08-23,-41.0987,-0.083113,time,1,494.49,diagonal,0,diagonal|back_delta=0.55|back_dte=35|front_delta=0.25|front_dte=7|sma=20
diagonal,oos,IWM,2023-08-24,2023-08-30,-168.2266,-0.340389,time,1,494.22,diagonal,0,diagonal|back_delta=0.55|back_dte=35|front_delta=0.25|front_dte=7|sma=20
diagonal,oos,IWM,2023-09-06,2023-09-13,119.9573,0.247179,time,1,485.31,diagonal,0,diagonal|back_delta=0.55|back_dte=35|front_delta=0.25|front_dte=7|sma=20
diagonal,oos,IWM,2023-09-14,2023-09-20,102.4150,0.241485,time,1,424.11,diagonal,0,diagonal|back_delta=0.55|back_dte=35|front_delta=0.25|front_dte=7|sma=20
diagonal,oos,IWM,2023-09-21,2023-09-27,150.5891,0.339656,time,1,443.36,diagonal,0,diagonal|back_delta=0.55|back_dte=35|front_delta=0.25|front_dte=7|sma=20
diagonal,oos,IWM,2023-09-28,2023-10-04,225.3841,0.453923,time,1,496.52,diagonal,0,diagonal|back_delta=0.55|back_dte=35|front_delta=0.25|front_dte=7|sma=20
diagonal,oos,IWM,2023-10-06,2023-10-11,-245.4520,-0.500163,stop,1,490.74,diagonal,0,diagonal|back_delta=0.55|back_dte=35|front_delta=0.25|front_dte=7|sma=20
diagonal,oos,IWM,2023-10-12,2023-10-18,131.0607,0.299283,time,1,437.92,diagonal,0,diagonal|back_delta=0.55|back_dte=35|front_delta=0.25|front_dte=7|sma=20
diagonal,oos,IWM,2023-10-30,2023-11-01,-92.7408,-0.186287,time,1,497.84,diagonal,0,diagonal|back_delta=0.55|back_dte=35|front_delta=0.25|front_dte=7|sma=20
diagonal,oos,IWM,2023-11-02,2023-11-03,-229.6448,-0.500174,stop,1,459.13,diagonal,0,diagonal|back_delta=0.55|back_dte=35|front_delta=0.25|front_dte=7|sma=20
diagonal,oos,IWM,2023-11-06,2023-11-08,-232.8926,-0.500172,stop,1,465.63,diagonal,0,diagonal|back_delta=0.55|back_dte=35|front_delta=0.25|front_dte=7|sma=20
diagonal,oos,IWM,2023-11-10,2023-11-14,-243.3491,-0.500164,stop,1,486.54,diagonal,0,diagonal|back_delta=0.55|back_dte=35|front_delta=0.25|front_dte=7|sma=20
diagonal,oos,IWM,2023-11-15,2023-11-22,-48.5422,-0.098028,time,1,495.19,diagonal,0,diagonal|back_delta=0.55|back_dte=35|front_delta=0.25|front_dte=7|sma=20
diagonal,oos,IWM,2023-11-24,2023-11-29,6.1865,0.013663,time,1,452.78,diagonal,0,diagonal|back_delta=0.55|back_dte=35|front_delta=0.25|front_dte=7|sma=20
diagonal,oos,IWM,2023-11-30,2023-12-06,90.7478,0.205783,time,1,440.99,diagonal,0,diagonal|back_delta=0.55|back_dte=35|front_delta=0.25|front_dte=7|sma=20
diagonal,oos,IWM,2023-12-07,2023-12-13,94.9704,0.201158,time,1,472.12,diagonal,0,diagonal|back_delta=0.55|back_dte=35|front_delta=0.25|front_dte=7|sma=20
diagonal,oos,IWM,2024-03-14,2024-03-20,74.3763,0.150738,time,1,493.41,diagonal,0,diagonal|back_delta=0.55|back_dte=35|front_delta=0.25|front_dte=7|sma=20
diagonal,oos,IWM,2024-05-09,2024-05-15,164.6405,0.336736,time,1,488.93,diagonal,0,diagonal|back_delta=0.55|back_dte=35|front_delta=0.25|front_dte=7|sma=20
diagonal,oos,IWM,2024-05-16,2024-05-22,-163.9879,-0.334502,time,1,490.24,diagonal,0,diagonal|back_delta=0.55|back_dte=35|front_delta=0.25|front_dte=7|sma=20
diagonal,oos,IWM,2024-05-23,2024-05-29,-248.4284,-0.500161,stop,1,496.70,diagonal,0,diagonal|back_delta=0.55|back_dte=35|front_delta=0.25|front_dte=7|sma=20
diagonal,oos,IWM,2024-06-03,2024-06-05,-85.5526,-0.174959,time,1,488.99,diagonal,0,diagonal|back_delta=0.55|back_dte=35|front_delta=0.25|front_dte=7|sma=20
diagonal,oos,IWM,2024-06-07,2024-06-12,-43.4300,-0.089847,time,1,483.38,diagonal,0,diagonal|back_delta=0.55|back_dte=35|front_delta=0.25|front_dte=7|sma=20
diagonal,oos,IWM,2024-06-14,2024-06-20,8.0155,0.016433,time,1,487.78,diagonal,0,diagonal|back_delta=0.55|back_dte=35|front_delta=0.25|front_dte=7|sma=20
diagonal,oos,IWM,2024-06-24,2024-06-26,17.7345,0.035996,time,1,492.68,diagonal,0,diagonal|back_delta=0.55|back_dte=35|front_delta=0.25|front_dte=7|sma=20
diagonal,oos,IWM,2024-06-27,2024-07-03,-56.2572,-0.116578,time,1,482.57,diagonal,0,diagonal|back_delta=0.55|back_dte=35|front_delta=0.25|front_dte=7|sma=20
diagonal,oos,IWM,2024-07-08,2024-07-10,-23.1400,-0.048738,time,1,474.78,diagonal,0,diagonal|back_delta=0.55|back_dte=35|front_delta=0.25|front_dte=7|sma=20
diagonal,oos,IWM,2024-07-11,2024-07-17,128.5183,0.265249,time,1,484.52,diagonal,0,diagonal|back_delta=0.55|back_dte=35|front_delta=0.25|front_dte=7|sma=20
